reaction_id,reaction_group_id,record_class,is_control,control_type,plate,block,row,col,source_file,source_well,Sample Name,Data File,aryl_halide_number,aryl_halide,aryl_halide_smiles,catalyst_system,ligand,ligand_smiles,base,base_smiles,additive_number,additive,additive_smiles,yield_percent,yield_observed,zero_yield,product,internal_standard,corr_factor
AHNEMAN_BH_P1_R01_C01,AHNEMAN_BH_ARYL_01,control,True,additive_free_control,1,1.0,1,1,/Volumes/Jupetit/rxnpredict/yield_data/plate1.1.csv,1:A,2016-Dec14-1536-CN-Plate1-1-2.Raw,2016-dec14-1536-cn-plate1-1-2.raw,1.0,1-chloro-4-(trifluoromethyl)benzene,FC(F)(F)c1ccc(Cl)cc1,XPhos,XPhos,CC(C)C1=CC(C(C)C)=CC(C(C)C)=C1C2=C(P(C3CCCCC3)C4CCCCC4)C=CC=C2,P2Et,CN(C)P(N(C)C)(N(C)C)=NP(N(C)C)(N(C)C)=NCC,,,,26.8886154,True,False,49912.71291,14511.76925,1.042356705
AHNEMAN_BH_P1_R01_C02,AHNEMAN_BH_ARYL_02,control,True,additive_free_control,1,1.0,1,2,/Volumes/Jupetit/rxnpredict/yield_data/plate1.1.csv,2:A,2016-Dec14-1536-CN-Plate1-17.Raw,2016-dec14-1536-cn-plate1-17.raw,2.0,1-bromo-4-(trifluoromethyl)benzene,FC(F)(F)c1ccc(Br)cc1,XPhos,XPhos,CC(C)C1=CC(C(C)C)=CC(C(C)C)=C1C2=C(P(C3CCCCC3)C4CCCCC4)C=CC=C2,P2Et,CN(C)P(N(C)C)(N(C)C)=NP(N(C)C)(N(C)C)=NCC,,,,24.0632241,True,False,46876.34031,15229.21474,1.042356705
AHNEMAN_BH_P1_R01_C03,AHNEMAN_BH_ARYL_03,control,True,additive_free_control,1,1.0,1,3,/Volumes/Jupetit/rxnpredict/yield_data/plate1.1.csv,3:A,2016-Dec14-1536-CN-Plate1-33.Raw,2016-dec14-1536-cn-plate1-33.raw,3.0,1-iodo-4-(trifluoromethyl)benzene,FC(F)(F)c1ccc(I)cc1,XPhos,XPhos,CC(C)C1=CC(C(C)C)=CC(C(C)C)=C1C2=C(P(C3CCCCC3)C4CCCCC4)C=CC=C2,P2Et,CN(C)P(N(C)C)(N(C)C)=NP(N(C)C)(N(C)C)=NCC,,,,47.51582059,True,False,111688.0039,18375.78594,1.042356705
AHNEMAN_BH_P1_R01_C04,AHNEMAN_BH_ARYL_04,control,True,additive_free_control,1,1.0,1,4,/Volumes/Jupetit/rxnpredict/yield_data/plate1.1.csv,4:A,2016-Dec14-1536-CN-Plate1-49.Raw,2016-dec14-1536-cn-plate1-49.raw,4.0,1-chloro-4-methoxybenzene,COc1ccc(Cl)cc1,XPhos,XPhos,CC(C)C1=CC(C(C)C)=CC(C(C)C)=C1C2=C(P(C3CCCCC3)C4CCCCC4)C=CC=C2,P2Et,CN(C)P(N(C)C)(N(C)C)=NP(N(C)C)(N(C)C)=NCC,,,,2.126831127,True,False,5426.8111,18154.89427,0.948682226
AHNEMAN_BH_P1_R01_C05,AHNEMAN_BH_ARYL_05,control,True,additive_free_control,1,1.0,1,5,/Volumes/Jupetit/rxnpredict/yield_data/plate1.1.csv,5:A,2016-Dec14-1536-CN-Plate1-65.Raw,2016-dec14-1536-cn-plate1-65.raw,5.0,1-bromo-4-methoxybenzene,COc1ccc(Br)cc1,XPhos,XPhos,CC(C)C1=CC(C(C)C)=CC(C(C)C)=C1C2=C(P(C3CCCCC3)C4CCCCC4)C=CC=C2,P2Et,CN(C)P(N(C)C)(N(C)C)=NP(N(C)C)(N(C)C)=NCC,,,,47.58635419,True,False,132197.0401,19766.11537,0.948682226
AHNEMAN_BH_P1_R01_C06,AHNEMAN_BH_ARYL_06,control,True,additive_free_control,1,1.0,1,6,/Volumes/Jupetit/rxnpredict/yield_data/plate1.1.csv,6:A,2016-Dec14-1536-CN-Plate1-81.Raw,2016-dec14-1536-cn-plate1-81.raw,6.0,1-iodo-4-methoxybenzene,COc1ccc(I)cc1,XPhos,XPhos,CC(C)C1=CC(C(C)C)=CC(C(C)C)=C1C2=C(P(C3CCCCC3)C4CCCCC4)C=CC=C2,P2Et,CN(C)P(N(C)C)(N(C)C)=NP(N(C)C)(N(C)C)=NCC,,,,50.06002592,True,False,127927.6759,18182.57833,0.948682226
AHNEMAN_BH_P1_R01_C07,AHNEMAN_BH_ARYL_07,control,True,additive_free_control,1,1.0,1,7,/Volumes/Jupetit/rxnpredict/yield_data/plate1.1.csv,7:A,2016-Dec14-1536-CN-Plate1-97.Raw,2016-dec14-1536-cn-plate1-97.raw,7.0,1-chloro-4-ethylbenzene,CCc1ccc(Cl)cc1,XPhos,XPhos,CC(C)C1=CC(C(C)C)=CC(C(C)C)=C1C2=C(P(C3CCCCC3)C4CCCCC4)C=CC=C2,P2Et,CN(C)P(N(C)C)(N(C)C)=NP(N(C)C)(N(C)C)=NCC,,,,26.62339329,True,False,48873.42113,18415.28353,1.337543187
AHNEMAN_BH_P1_R01_C08,AHNEMAN_BH_ARYL_08,control,True,additive_free_control,1,1.0,1,8,/Volumes/Jupetit/rxnpredict/yield_data/plate1.1.csv,8:A,2016-Dec14-1536-CN-Plate1-113.Raw,2016-dec14-1536-cn-plate1-113.raw,8.0,1-bromo-4-ethylbenzene,CCc1ccc(Br)cc1,XPhos,XPhos,CC(C)C1=CC(C(C)C)=CC(C(C)C)=C1C2=C(P(C3CCCCC3)C4CCCCC4)C=CC=C2,P2Et,CN(C)P(N(C)C)(N(C)C)=NP(N(C)C)(N(C)C)=NCC,,,,71.96255996,True,False,138537.3329,19312.09081,1.337543187
AHNEMAN_BH_P1_R01_C09,AHNEMAN_BH_ARYL_09,control,True,additive_free_control,1,1.0,1,9,/Volumes/Jupetit/rxnpredict/yield_data/plate1.1.csv,9:A,2016-Dec14-1536-CN-Plate1-129.Raw,2016-dec14-1536-cn-plate1-129.raw,9.0,1-ethyl-4-iodobenzene,CCc1ccc(I)cc1,XPhos,XPhos,CC(C)C1=CC(C(C)C)=CC(C(C)C)=C1C2=C(P(C3CCCCC3)C4CCCCC4)C=CC=C2,P2Et,CN(C)P(N(C)C)(N(C)C)=NP(N(C)C)(N(C)C)=NCC,,,,73.69723373,True,False,145615.5873,19821.0089,1.337543187
AHNEMAN_BH_P1_R01_C10,AHNEMAN_BH_ARYL_10,control,True,additive_free_control,1,1.0,1,10,/Volumes/Jupetit/rxnpredict/yield_data/plate1.1.csv,10:A,2016-Dec14-1536-CN-Plate1-145.Raw,2016-dec14-1536-cn-plate1-145.raw,10.0,2-chloropyridine,Clc1ccccn1,XPhos,XPhos,CC(C)C1=CC(C(C)C)=CC(C(C)C)=C1C2=C(P(C3CCCCC3)C4CCCCC4)C=CC=C2,P2Et,CN(C)P(N(C)C)(N(C)C)=NP(N(C)C)(N(C)C)=NCC,,,,17.98570951,True,False,18975.23537,22501.34794,2.843725517
AHNEMAN_BH_P1_R01_C11,AHNEMAN_BH_ARYL_11,control,True,additive_free_control,1,1.0,1,11,/Volumes/Jupetit/rxnpredict/yield_data/plate1.1.csv,11:A,2016-Dec14-1536-CN-Plate1-161.Raw,2016-dec14-1536-cn-plate1-161.raw,11.0,2-bromopyridine,Brc1ccccn1,XPhos,XPhos,CC(C)C1=CC(C(C)C)=CC(C(C)C)=C1C2=C(P(C3CCCCC3)C4CCCCC4)C=CC=C2,P2Et,CN(C)P(N(C)C)(N(C)C)=NP(N(C)C)(N(C)C)=NCC,,,,21.4883356,True,False,22532.72914,22364.53931,2.843725517
AHNEMAN_BH_P1_R01_C12,AHNEMAN_BH_ARYL_12,control,True,additive_free_control,1,1.0,1,12,/Volumes/Jupetit/rxnpredict/yield_data/plate1.1.csv,12:A,2016-Dec14-1536-CN-Plate1-177.Raw,2016-dec14-1536-cn-plate1-177.raw,12.0,2-iodopyridine,Ic1ccccn1,XPhos,XPhos,CC(C)C1=CC(C(C)C)=CC(C(C)C)=C1C2=C(P(C3CCCCC3)C4CCCCC4)C=CC=C2,P2Et,CN(C)P(N(C)C)(N(C)C)=NP(N(C)C)(N(C)C)=NCC,,,,21.32776371,True,False,21981.46375,21981.64686,2.843725517
AHNEMAN_BH_P1_R01_C13,AHNEMAN_BH_ARYL_13,control,True,additive_free_control,1,1.0,1,13,/Volumes/Jupetit/rxnpredict/yield_data/plate1.1.csv,13:A,2016-Dec14-1536-CN-Plate1-193.Raw,2016-dec14-1536-cn-plate1-193.raw,13.0,3-chloropyridine,Clc1cccnc1,XPhos,XPhos,CC(C)C1=CC(C(C)C)=CC(C(C)C)=C1C2=C(P(C3CCCCC3)C4CCCCC4)C=CC=C2,P2Et,CN(C)P(N(C)C)(N(C)C)=NP(N(C)C)(N(C)C)=NCC,,,,49.05978648,True,False,62039.52899,20619.59352,2.174082389
AHNEMAN_BH_P1_R01_C14,AHNEMAN_BH_ARYL_14,control,True,additive_free_control,1,1.0,1,14,/Volumes/Jupetit/rxnpredict/yield_data/plate1.1.csv,14:A,2016-Dec14-1536-CN-Plate1-209.Raw,2016-dec14-1536-cn-plate1-209.raw,14.0,3-bromopyridine,Brc1cccnc1,XPhos,XPhos,CC(C)C1=CC(C(C)C)=CC(C(C)C)=C1C2=C(P(C3CCCCC3)C4CCCCC4)C=CC=C2,P2Et,CN(C)P(N(C)C)(N(C)C)=NP(N(C)C)(N(C)C)=NCC,,,,13.60707235,True,False,18263.73282,21885.7842,2.174082389
AHNEMAN_BH_P1_R01_C15,AHNEMAN_BH_ARYL_15,control,True,additive_free_control,1,1.0,1,15,/Volumes/Jupetit/rxnpredict/yield_data/plate1.1.csv,15:A,2016-Dec14-1536-CN-Plate1-225.Raw,2016-dec14-1536-cn-plate1-225.raw,15.0,3-iodopyridine,Ic1cccnc1,XPhos,XPhos,CC(C)C1=CC(C(C)C)=CC(C(C)C)=C1C2=C(P(C3CCCCC3)C4CCCCC4)C=CC=C2,P2Et,CN(C)P(N(C)C)(N(C)C)=NP(N(C)C)(N(C)C)=NCC,,,,75.73922794,True,False,104429.1008,22482.15441,2.174082389
AHNEMAN_BH_P1_R01_C16,,control,True,blank_control,1,1.0,1,16,/Volumes/Jupetit/rxnpredict/yield_data/plate1.1.csv,16:A,2016-Dec14-1536-CN-Plate1-241.Raw,2016-dec14-1536-cn-plate1-241.raw,,,,XPhos,XPhos,CC(C)C1=CC(C(C)C)=CC(C(C)C)=C1C2=C(P(C3CCCCC3)C4CCCCC4)C=CC=C2,P2Et,CN(C)P(N(C)C)(N(C)C)=NP(N(C)C)(N(C)C)=NCC,,,,0.0,True,True,0.0,22098.17,
AHNEMAN_BH_P1_R01_C17,AHNEMAN_BH_ARYL_01,control,True,additive_free_control,1,1.0,1,17,/Volumes/Jupetit/rxnpredict/yield_data/plate1.1.csv,17:A,2016-Dec14-1536-CN-Plate1-257.Raw,2016-dec14-1536-cn-plate1-257.raw,1.0,1-chloro-4-(trifluoromethyl)benzene,FC(F)(F)c1ccc(Cl)cc1,XPhos,XPhos,CC(C)C1=CC(C(C)C)=CC(C(C)C)=C1C2=C(P(C3CCCCC3)C4CCCCC4)C=CC=C2,BTMG,CN(C)/C(N(C)C)=N\C(C)(C)C,,,,20.67171682,True,False,58724.92392,22208.72075,1.042356705
AHNEMAN_BH_P1_R01_C18,AHNEMAN_BH_ARYL_02,control,True,additive_free_control,1,1.0,1,18,/Volumes/Jupetit/rxnpredict/yield_data/plate1.1.csv,18:A,2016-Dec14-1536-CN-Plate1-273.Raw,2016-dec14-1536-cn-plate1-273.raw,2.0,1-bromo-4-(trifluoromethyl)benzene,FC(F)(F)c1ccc(Br)cc1,XPhos,XPhos,CC(C)C1=CC(C(C)C)=CC(C(C)C)=C1C2=C(P(C3CCCCC3)C4CCCCC4)C=CC=C2,BTMG,CN(C)/C(N(C)C)=N\C(C)(C)C,,,,37.06517611,True,False,95786.32676,20202.96348,1.042356705
AHNEMAN_BH_P1_R01_C19,AHNEMAN_BH_ARYL_03,control,True,additive_free_control,1,1.0,1,19,/Volumes/Jupetit/rxnpredict/yield_data/plate1.1.csv,19:A,2016-Dec14-1536-CN-Plate1-289.Raw,2016-dec14-1536-cn-plate1-289.raw,3.0,1-iodo-4-(trifluoromethyl)benzene,FC(F)(F)c1ccc(I)cc1,XPhos,XPhos,CC(C)C1=CC(C(C)C)=CC(C(C)C)=C1C2=C(P(C3CCCCC3)C4CCCCC4)C=CC=C2,BTMG,CN(C)/C(N(C)C)=N\C(C)(C)C,,,,40.10891679,True,False,107125.1787,20879.89228,1.042356705
AHNEMAN_BH_P1_R01_C20,AHNEMAN_BH_ARYL_04,control,True,additive_free_control,1,1.0,1,20,/Volumes/Jupetit/rxnpredict/yield_data/plate1.1.csv,20:A,2016-Dec14-1536-CN-Plate1-305.Raw,2016-dec14-1536-cn-plate1-305.raw,4.0,1-chloro-4-methoxybenzene,COc1ccc(Cl)cc1,XPhos,XPhos,CC(C)C1=CC(C(C)C)=CC(C(C)C)=C1C2=C(P(C3CCCCC3)C4CCCCC4)C=CC=C2,BTMG,CN(C)/C(N(C)C)=N\C(C)(C)C,,,,1.571873729,True,False,4553.20361,20610.16379,0.948682226
AHNEMAN_BH_P1_R01_C21,AHNEMAN_BH_ARYL_05,control,True,additive_free_control,1,1.0,1,21,/Volumes/Jupetit/rxnpredict/yield_data/plate1.1.csv,21:A,2016-Dec14-1536-CN-Plate1-321.Raw,2016-dec14-1536-cn-plate1-321.raw,5.0,1-bromo-4-methoxybenzene,COc1ccc(Br)cc1,XPhos,XPhos,CC(C)C1=CC(C(C)C)=CC(C(C)C)=C1C2=C(P(C3CCCCC3)C4CCCCC4)C=CC=C2,BTMG,CN(C)/C(N(C)C)=N\C(C)(C)C,,,,13.57958799,True,False,40664.37198,21306.3719,0.948682226
AHNEMAN_BH_P1_R01_C22,AHNEMAN_BH_ARYL_06,control,True,additive_free_control,1,1.0,1,22,/Volumes/Jupetit/rxnpredict/yield_data/plate1.1.csv,22:A,2016-Dec14-1536-CN-Plate1-337.Raw,2016-dec14-1536-cn-plate1-337.raw,6.0,1-iodo-4-methoxybenzene,COc1ccc(I)cc1,XPhos,XPhos,CC(C)C1=CC(C(C)C)=CC(C(C)C)=C1C2=C(P(C3CCCCC3)C4CCCCC4)C=CC=C2,BTMG,CN(C)/C(N(C)C)=N\C(C)(C)C,,,,19.5845705,True,False,58016.51232,21077.52403,0.948682226
AHNEMAN_BH_P1_R01_C23,AHNEMAN_BH_ARYL_07,control,True,additive_free_control,1,1.0,1,23,/Volumes/Jupetit/rxnpredict/yield_data/plate1.1.csv,23:A,2016-Dec14-1536-CN-Plate1-353.Raw,2016-dec14-1536-cn-plate1-353.raw,7.0,1-chloro-4-ethylbenzene,CCc1ccc(Cl)cc1,XPhos,XPhos,CC(C)C1=CC(C(C)C)=CC(C(C)C)=C1C2=C(P(C3CCCCC3)C4CCCCC4)C=CC=C2,BTMG,CN(C)/C(N(C)C)=N\C(C)(C)C,,,,5.831100664,True,False,12812.80428,22042.59546,1.337543187
AHNEMAN_BH_P1_R01_C24,AHNEMAN_BH_ARYL_08,control,True,additive_free_control,1,1.0,1,24,/Volumes/Jupetit/rxnpredict/yield_data/plate1.1.csv,24:A,2016-Dec14-1536-CN-Plate1-369.Raw,2016-dec14-1536-cn-plate1-369.raw,8.0,1-bromo-4-ethylbenzene,CCc1ccc(Br)cc1,XPhos,XPhos,CC(C)C1=CC(C(C)C)=CC(C(C)C)=C1C2=C(P(C3CCCCC3)C4CCCCC4)C=CC=C2,BTMG,CN(C)/C(N(C)C)=N\C(C)(C)C,,,,34.70564689,True,False,71808.27911,20755.98997,1.337543187
AHNEMAN_BH_P1_R01_C25,AHNEMAN_BH_ARYL_09,control,True,additive_free_control,1,2.0,1,25,/Volumes/Jupetit/rxnpredict/yield_data/plate1.2.csv,1:A,2016-Dec14-1536-CN-Plate2-1.Raw,2016-dec14-1536-cn-plate2-1.raw,9.0,1-ethyl-4-iodobenzene,CCc1ccc(I)cc1,XPhos,XPhos,CC(C)C1=CC(C(C)C)=CC(C(C)C)=C1C2=C(P(C3CCCCC3)C4CCCCC4)C=CC=C2,BTMG,CN(C)/C(N(C)C)=N\C(C)(C)C,,,,33.31429413,True,False,63035.26238,18981.12836,1.337543187
AHNEMAN_BH_P1_R01_C26,AHNEMAN_BH_ARYL_10,control,True,additive_free_control,1,2.0,1,26,/Volumes/Jupetit/rxnpredict/yield_data/plate1.2.csv,2:A,2016-Dec14-1536-CN-Plate2-17.Raw,2016-dec14-1536-cn-plate2-17.raw,10.0,2-chloropyridine,Clc1ccccn1,XPhos,XPhos,CC(C)C1=CC(C(C)C)=CC(C(C)C)=C1C2=C(P(C3CCCCC3)C4CCCCC4)C=CC=C2,BTMG,CN(C)/C(N(C)C)=N\C(C)(C)C,,,,28.19737429,True,False,28511.17865,21565.29685,2.843725517
AHNEMAN_BH_P1_R01_C27,AHNEMAN_BH_ARYL_11,control,True,additive_free_control,1,2.0,1,27,/Volumes/Jupetit/rxnpredict/yield_data/plate1.2.csv,3:A,2016-Dec14-1536-CN-Plate2-33.Raw,2016-dec14-1536-cn-plate2-33.raw,11.0,2-bromopyridine,Brc1ccccn1,XPhos,XPhos,CC(C)C1=CC(C(C)C)=CC(C(C)C)=C1C2=C(P(C3CCCCC3)C4CCCCC4)C=CC=C2,BTMG,CN(C)/C(N(C)C)=N\C(C)(C)C,,,,51.62190853,True,False,47122.64014,19469.03815,2.843725517
AHNEMAN_BH_P1_R01_C28,AHNEMAN_BH_ARYL_12,control,True,additive_free_control,1,2.0,1,28,/Volumes/Jupetit/rxnpredict/yield_data/plate1.2.csv,4:A,2016-Dec14-1536-CN-Plate2-49.Raw,2016-dec14-1536-cn-plate2-49.raw,12.0,2-iodopyridine,Ic1ccccn1,XPhos,XPhos,CC(C)C1=CC(C(C)C)=CC(C(C)C)=C1C2=C(P(C3CCCCC3)C4CCCCC4)C=CC=C2,BTMG,CN(C)/C(N(C)C)=N\C(C)(C)C,,,,55.27637145,True,False,51955.14271,20046.4721,2.843725517
AHNEMAN_BH_P1_R01_C29,AHNEMAN_BH_ARYL_13,control,True,additive_free_control,1,2.0,1,29,/Volumes/Jupetit/rxnpredict/yield_data/plate1.2.csv,5:A,2016-Dec14-1536-CN-Plate2-65.Raw,2016-dec14-1536-cn-plate2-65.raw,13.0,3-chloropyridine,Clc1cccnc1,XPhos,XPhos,CC(C)C1=CC(C(C)C)=CC(C(C)C)=C1C2=C(P(C3CCCCC3)C4CCCCC4)C=CC=C2,BTMG,CN(C)/C(N(C)C)=N\C(C)(C)C,,,,14.11609154,True,False,17348.05782,20038.88978,2.174082389
AHNEMAN_BH_P1_R01_C30,AHNEMAN_BH_ARYL_14,control,True,additive_free_control,1,2.0,1,30,/Volumes/Jupetit/rxnpredict/yield_data/plate1.2.csv,6:A,2016-Dec14-1536-CN-Plate2-81.Raw,2016-dec14-1536-cn-plate2-81.raw,14.0,3-bromopyridine,Brc1cccnc1,XPhos,XPhos,CC(C)C1=CC(C(C)C)=CC(C(C)C)=C1C2=C(P(C3CCCCC3)C4CCCCC4)C=CC=C2,BTMG,CN(C)/C(N(C)C)=N\C(C)(C)C,,,,28.41522329,True,False,36550.52094,20973.92736,2.174082389
AHNEMAN_BH_P1_R01_C31,AHNEMAN_BH_ARYL_15,control,True,additive_free_control,1,2.0,1,31,/Volumes/Jupetit/rxnpredict/yield_data/plate1.2.csv,7:A,2016-Dec14-1536-CN-Plate2-97.Raw,2016-dec14-1536-cn-plate2-97.raw,15.0,3-iodopyridine,Ic1cccnc1,XPhos,XPhos,CC(C)C1=CC(C(C)C)=CC(C(C)C)=C1C2=C(P(C3CCCCC3)C4CCCCC4)C=CC=C2,BTMG,CN(C)/C(N(C)C)=N\C(C)(C)C,,,,41.52339687,True,False,47824.75229,18780.0661,2.174082389
AHNEMAN_BH_P1_R01_C32,,control,True,blank_control,1,2.0,1,32,/Volumes/Jupetit/rxnpredict/yield_data/plate1.2.csv,8:A,2016-Dec14-1536-CN-Plate2-113.Raw,2016-dec14-1536-cn-plate2-113.raw,,,,XPhos,XPhos,CC(C)C1=CC(C(C)C)=CC(C(C)C)=C1C2=C(P(C3CCCCC3)C4CCCCC4)C=CC=C2,BTMG,CN(C)/C(N(C)C)=N\C(C)(C)C,,,,0.0,True,True,,19292.22682,
AHNEMAN_BH_P1_R01_C33,AHNEMAN_BH_ARYL_01,control,True,additive_free_control,1,2.0,1,33,/Volumes/Jupetit/rxnpredict/yield_data/plate1.2.csv,9:A,2016-Dec14-1536-CN-Plate2-129.Raw,2016-dec14-1536-cn-plate2-129.raw,1.0,1-chloro-4-(trifluoromethyl)benzene,FC(F)(F)c1ccc(Cl)cc1,XPhos,XPhos,CC(C)C1=CC(C(C)C)=CC(C(C)C)=C1C2=C(P(C3CCCCC3)C4CCCCC4)C=CC=C2,MTBD,CN1CCCN2CCCN=C12,,,,15.77189806,True,False,40089.22293,19871.07235,1.042356705
AHNEMAN_BH_P1_R01_C34,AHNEMAN_BH_ARYL_02,control,True,additive_free_control,1,2.0,1,34,/Volumes/Jupetit/rxnpredict/yield_data/plate1.2.csv,10:A,2016-Dec14-1536-CN-Plate2-145.Raw,2016-dec14-1536-cn-plate2-145.raw,2.0,1-bromo-4-(trifluoromethyl)benzene,FC(F)(F)c1ccc(Br)cc1,XPhos,XPhos,CC(C)C1=CC(C(C)C)=CC(C(C)C)=C1C2=C(P(C3CCCCC3)C4CCCCC4)C=CC=C2,MTBD,CN1CCCN2CCCN=C12,,,,32.02769538,True,False,82545.0111,20148.50228,1.042356705
AHNEMAN_BH_P1_R01_C35,AHNEMAN_BH_ARYL_03,control,True,additive_free_control,1,2.0,1,35,/Volumes/Jupetit/rxnpredict/yield_data/plate1.2.csv,11:A,2016-Dec14-1536-CN-Plate2-161.Raw,2016-dec14-1536-cn-plate2-161.raw,3.0,1-iodo-4-(trifluoromethyl)benzene,FC(F)(F)c1ccc(I)cc1,XPhos,XPhos,CC(C)C1=CC(C(C)C)=CC(C(C)C)=C1C2=C(P(C3CCCCC3)C4CCCCC4)C=CC=C2,MTBD,CN1CCCN2CCCN=C12,,,,43.17090647,True,False,110827.6478,20069.40865,1.042356705
AHNEMAN_BH_P1_R01_C36,AHNEMAN_BH_ARYL_04,control,True,additive_free_control,1,2.0,1,36,/Volumes/Jupetit/rxnpredict/yield_data/plate1.2.csv,12:A,2016-Dec14-1536-CN-Plate2-177.Raw,2016-dec14-1536-cn-plate2-177.raw,4.0,1-chloro-4-methoxybenzene,COc1ccc(Cl)cc1,XPhos,XPhos,CC(C)C1=CC(C(C)C)=CC(C(C)C)=C1C2=C(P(C3CCCCC3)C4CCCCC4)C=CC=C2,MTBD,CN1CCCN2CCCN=C12,,,,1.534950141,True,False,4462.1972,20684.09451,0.948682226
AHNEMAN_BH_P1_R01_C37,AHNEMAN_BH_ARYL_05,control,True,additive_free_control,1,2.0,1,37,/Volumes/Jupetit/rxnpredict/yield_data/plate1.2.csv,13:A,2016-Dec14-1536-CN-Plate2-193.Raw,2016-dec14-1536-cn-plate2-193.raw,5.0,1-bromo-4-methoxybenzene,COc1ccc(Br)cc1,XPhos,XPhos,CC(C)C1=CC(C(C)C)=CC(C(C)C)=C1C2=C(P(C3CCCCC3)C4CCCCC4)C=CC=C2,MTBD,CN1CCCN2CCCN=C12,,,,11.11065538,True,False,31180.282,19967.44004,0.948682226
AHNEMAN_BH_P1_R01_C38,AHNEMAN_BH_ARYL_06,control,True,additive_free_control,1,2.0,1,38,/Volumes/Jupetit/rxnpredict/yield_data/plate1.2.csv,14:A,2016-Dec14-1536-CN-Plate2-209.Raw,2016-dec14-1536-cn-plate2-209.raw,6.0,1-iodo-4-methoxybenzene,COc1ccc(I)cc1,XPhos,XPhos,CC(C)C1=CC(C(C)C)=CC(C(C)C)=C1C2=C(P(C3CCCCC3)C4CCCCC4)C=CC=C2,MTBD,CN1CCCN2CCCN=C12,,,,27.55018583,True,False,73964.73973,19102.14899,0.948682226
AHNEMAN_BH_P1_R01_C39,AHNEMAN_BH_ARYL_07,control,True,additive_free_control,1,2.0,1,39,/Volumes/Jupetit/rxnpredict/yield_data/plate1.2.csv,15:A,2016-Dec14-1536-CN-Plate2-225.Raw,2016-dec14-1536-cn-plate2-225.raw,7.0,1-chloro-4-ethylbenzene,CCc1ccc(Cl)cc1,XPhos,XPhos,CC(C)C1=CC(C(C)C)=CC(C(C)C)=C1C2=C(P(C3CCCCC3)C4CCCCC4)C=CC=C2,MTBD,CN1CCCN2CCCN=C12,,,,7.170837693,True,False,14010.72281,19600.16491,1.337543187
AHNEMAN_BH_P1_R01_C40,AHNEMAN_BH_ARYL_08,control,True,additive_free_control,1,2.0,1,40,/Volumes/Jupetit/rxnpredict/yield_data/plate1.2.csv,16:A,2016-Dec14-1536-CN-Plate2-241.Raw,2016-dec14-1536-cn-plate2-241.raw,8.0,1-bromo-4-ethylbenzene,CCc1ccc(Br)cc1,XPhos,XPhos,CC(C)C1=CC(C(C)C)=CC(C(C)C)=C1C2=C(P(C3CCCCC3)C4CCCCC4)C=CC=C2,MTBD,CN1CCCN2CCCN=C12,,,,30.19903029,True,False,58439.62025,19412.58921,1.337543187
AHNEMAN_BH_P1_R01_C41,AHNEMAN_BH_ARYL_09,control,True,additive_free_control,1,2.0,1,41,/Volumes/Jupetit/rxnpredict/yield_data/plate1.2.csv,17:A,2016-Dec14-1536-CN-Plate2-257.Raw,2016-dec14-1536-cn-plate2-257.raw,9.0,1-ethyl-4-iodobenzene,CCc1ccc(I)cc1,XPhos,XPhos,CC(C)C1=CC(C(C)C)=CC(C(C)C)=C1C2=C(P(C3CCCCC3)C4CCCCC4)C=CC=C2,MTBD,CN1CCCN2CCCN=C12,,,,66.74950767,True,False,121443.2564,18251.32565,1.337543187
AHNEMAN_BH_P1_R01_C42,AHNEMAN_BH_ARYL_10,control,True,additive_free_control,1,2.0,1,42,/Volumes/Jupetit/rxnpredict/yield_data/plate1.2.csv,18:A,2016-Dec14-1536-CN-Plate2-273.Raw,2016-dec14-1536-cn-plate2-273.raw,10.0,2-chloropyridine,Clc1ccccn1,XPhos,XPhos,CC(C)C1=CC(C(C)C)=CC(C(C)C)=C1C2=C(P(C3CCCCC3)C4CCCCC4)C=CC=C2,MTBD,CN1CCCN2CCCN=C12,,,,29.58712422,True,False,27648.92333,19930.78515,2.843725517
AHNEMAN_BH_P1_R01_C43,AHNEMAN_BH_ARYL_11,control,True,additive_free_control,1,2.0,1,43,/Volumes/Jupetit/rxnpredict/yield_data/plate1.2.csv,19:A,2016-Dec14-1536-CN-Plate2-289.Raw,2016-dec14-1536-cn-plate2-289.raw,11.0,2-bromopyridine,Brc1ccccn1,XPhos,XPhos,CC(C)C1=CC(C(C)C)=CC(C(C)C)=C1C2=C(P(C3CCCCC3)C4CCCCC4)C=CC=C2,MTBD,CN1CCCN2CCCN=C12,,,,54.89834317,True,False,47501.57787,18454.30681,2.843725517
AHNEMAN_BH_P1_R01_C44,AHNEMAN_BH_ARYL_12,control,True,additive_free_control,1,2.0,1,44,/Volumes/Jupetit/rxnpredict/yield_data/plate1.2.csv,20:A,2016-Dec14-1536-CN-Plate2-305.Raw,2016-dec14-1536-cn-plate2-305.raw,12.0,2-iodopyridine,Ic1ccccn1,XPhos,XPhos,CC(C)C1=CC(C(C)C)=CC(C(C)C)=C1C2=C(P(C3CCCCC3)C4CCCCC4)C=CC=C2,MTBD,CN1CCCN2CCCN=C12,,,,67.3026444,True,False,57496.25494,18220.33541,2.843725517
AHNEMAN_BH_P1_R01_C45,AHNEMAN_BH_ARYL_13,control,True,additive_free_control,1,2.0,1,45,/Volumes/Jupetit/rxnpredict/yield_data/plate1.2.csv,21:A,2016-Dec14-1536-CN-Plate2-321.Raw,2016-dec14-1536-cn-plate2-321.raw,13.0,3-chloropyridine,Clc1cccnc1,XPhos,XPhos,CC(C)C1=CC(C(C)C)=CC(C(C)C)=C1C2=C(P(C3CCCCC3)C4CCCCC4)C=CC=C2,MTBD,CN1CCCN2CCCN=C12,,,,13.51744578,True,False,14168.56778,17091.04342,2.174082389
AHNEMAN_BH_P1_R01_C46,AHNEMAN_BH_ARYL_14,control,True,additive_free_control,1,2.0,1,46,/Volumes/Jupetit/rxnpredict/yield_data/plate1.2.csv,22:A,2016-Dec14-1536-CN-Plate2-337.Raw,2016-dec14-1536-cn-plate2-337.raw,14.0,3-bromopyridine,Brc1cccnc1,XPhos,XPhos,CC(C)C1=CC(C(C)C)=CC(C(C)C)=C1C2=C(P(C3CCCCC3)C4CCCCC4)C=CC=C2,MTBD,CN1CCCN2CCCN=C12,,,,33.44897797,True,False,34922.92252,17024.13245,2.174082389
AHNEMAN_BH_P1_R01_C47,AHNEMAN_BH_ARYL_15,control,True,additive_free_control,1,2.0,1,47,/Volumes/Jupetit/rxnpredict/yield_data/plate1.2.csv,23:A,2016-Dec14-1536-CN-Plate2-353.Raw,2016-dec14-1536-cn-plate2-353.raw,15.0,3-iodopyridine,Ic1cccnc1,XPhos,XPhos,CC(C)C1=CC(C(C)C)=CC(C(C)C)=C1C2=C(P(C3CCCCC3)C4CCCCC4)C=CC=C2,MTBD,CN1CCCN2CCCN=C12,,,,50.16438472,True,False,48955.10248,15912.54833,2.174082389
AHNEMAN_BH_P1_R01_C48,,control,True,blank_control,1,2.0,1,48,/Volumes/Jupetit/rxnpredict/yield_data/plate1.2.csv,24:A,2016-Dec14-1536-CN-Plate2-369.Raw,2016-dec14-1536-cn-plate2-369.raw,,,,XPhos,XPhos,CC(C)C1=CC(C(C)C)=CC(C(C)C)=C1C2=C(P(C3CCCCC3)C4CCCCC4)C=CC=C2,MTBD,CN1CCCN2CCCN=C12,,,,0.0,True,True,,15761.1247,
AHNEMAN_BH_P1_R02_C16,,control,True,aryl_halide_free_control,1,1.0,2,16,/Volumes/Jupetit/rxnpredict/yield_data/plate1.1.csv,16:B,2016-Dec14-1536-CN-Plate1-242.Raw,2016-dec14-1536-cn-plate1-242.raw,,,,XPhos,XPhos,CC(C)C1=CC(C(C)C)=CC(C(C)C)=C1C2=C(P(C3CCCCC3)C4CCCCC4)C=CC=C2,P2Et,CN(C)P(N(C)C)(N(C)C)=NP(N(C)C)(N(C)C)=NCC,2.0,5-phenylisoxazole,o1nccc1c2ccccc2,0.0,True,True,0.0,23259.47605,
AHNEMAN_BH_P1_R02_C32,,control,True,aryl_halide_free_control,1,2.0,2,32,/Volumes/Jupetit/rxnpredict/yield_data/plate1.2.csv,8:B,2016-Dec14-1536-CN-Plate2-114.Raw,2016-dec14-1536-cn-plate2-114.raw,,,,XPhos,XPhos,CC(C)C1=CC(C(C)C)=CC(C(C)C)=C1C2=C(P(C3CCCCC3)C4CCCCC4)C=CC=C2,BTMG,CN(C)/C(N(C)C)=N\C(C)(C)C,2.0,5-phenylisoxazole,o1nccc1c2ccccc2,0.0,True,True,,18989.30396,
AHNEMAN_BH_P1_R02_C48,,control,True,aryl_halide_free_control,1,2.0,2,48,/Volumes/Jupetit/rxnpredict/yield_data/plate1.2.csv,24:B,2016-Dec14-1536-CN-Plate2-370.Raw,2016-dec14-1536-cn-plate2-370.raw,,,,XPhos,XPhos,CC(C)C1=CC(C(C)C)=CC(C(C)C)=C1C2=C(P(C3CCCCC3)C4CCCCC4)C=CC=C2,MTBD,CN1CCCN2CCCN=C12,2.0,5-phenylisoxazole,o1nccc1c2ccccc2,0.0,True,True,,15951.45727,
AHNEMAN_BH_P1_R03_C16,,control,True,aryl_halide_free_control,1,1.0,3,16,/Volumes/Jupetit/rxnpredict/yield_data/plate1.1.csv,16:C,2016-Dec14-1536-CN-Plate1-243.Raw,2016-dec14-1536-cn-plate1-243.raw,,,,XPhos,XPhos,CC(C)C1=CC(C(C)C)=CC(C(C)C)=C1C2=C(P(C3CCCCC3)C4CCCCC4)C=CC=C2,P2Et,CN(C)P(N(C)C)(N(C)C)=NP(N(C)C)(N(C)C)=NCC,4.0,ethyl-3-methylisoxazole-5-carboxylate,CCOC(=O)c1onc(C)c1,0.0,True,True,0.0,22526.66492,
AHNEMAN_BH_P1_R03_C32,,control,True,aryl_halide_free_control,1,2.0,3,32,/Volumes/Jupetit/rxnpredict/yield_data/plate1.2.csv,8:C,2016-Dec14-1536-CN-Plate2-115.Raw,2016-dec14-1536-cn-plate2-115.raw,,,,XPhos,XPhos,CC(C)C1=CC(C(C)C)=CC(C(C)C)=C1C2=C(P(C3CCCCC3)C4CCCCC4)C=CC=C2,BTMG,CN(C)/C(N(C)C)=N\C(C)(C)C,4.0,ethyl-3-methylisoxazole-5-carboxylate,CCOC(=O)c1onc(C)c1,0.0,True,True,,17858.32941,
AHNEMAN_BH_P1_R03_C48,,control,True,aryl_halide_free_control,1,2.0,3,48,/Volumes/Jupetit/rxnpredict/yield_data/plate1.2.csv,24:C,2016-Dec14-1536-CN-Plate2-371.Raw,2016-dec14-1536-cn-plate2-371.raw,,,,XPhos,XPhos,CC(C)C1=CC(C(C)C)=CC(C(C)C)=C1C2=C(P(C3CCCCC3)C4CCCCC4)C=CC=C2,MTBD,CN1CCCN2CCCN=C12,4.0,ethyl-3-methylisoxazole-5-carboxylate,CCOC(=O)c1onc(C)c1,0.0,True,True,,15088.17166,
AHNEMAN_BH_P1_R04_C16,,control,True,aryl_halide_free_control,1,1.0,4,16,/Volumes/Jupetit/rxnpredict/yield_data/plate1.1.csv,16:D,2016-Dec14-1536-CN-Plate1-244.Raw,2016-dec14-1536-cn-plate1-244.raw,,,,XPhos,XPhos,CC(C)C1=CC(C(C)C)=CC(C(C)C)=C1C2=C(P(C3CCCCC3)C4CCCCC4)C=CC=C2,P2Et,CN(C)P(N(C)C)(N(C)C)=NP(N(C)C)(N(C)C)=NCC,6.0,ethyl-5-methylisoxazole-3-carboxylate,CCOC(=O)c1cc(C)on1,0.0,True,True,0.0,21670.9449,
AHNEMAN_BH_P1_R04_C32,,control,True,aryl_halide_free_control,1,2.0,4,32,/Volumes/Jupetit/rxnpredict/yield_data/plate1.2.csv,8:D,2016-Dec14-1536-CN-Plate2-116.Raw,2016-dec14-1536-cn-plate2-116.raw,,,,XPhos,XPhos,CC(C)C1=CC(C(C)C)=CC(C(C)C)=C1C2=C(P(C3CCCCC3)C4CCCCC4)C=CC=C2,BTMG,CN(C)/C(N(C)C)=N\C(C)(C)C,6.0,ethyl-5-methylisoxazole-3-carboxylate,CCOC(=O)c1cc(C)on1,0.0,True,True,,18532.59772,
AHNEMAN_BH_P1_R04_C48,,control,True,aryl_halide_free_control,1,2.0,4,48,/Volumes/Jupetit/rxnpredict/yield_data/plate1.2.csv,24:D,2016-Dec14-1536-CN-Plate2-372.Raw,2016-dec14-1536-cn-plate2-372.raw,,,,XPhos,XPhos,CC(C)C1=CC(C(C)C)=CC(C(C)C)=C1C2=C(P(C3CCCCC3)C4CCCCC4)C=CC=C2,MTBD,CN1CCCN2CCCN=C12,6.0,ethyl-5-methylisoxazole-3-carboxylate,CCOC(=O)c1cc(C)on1,0.0,True,True,,16165.00095,
AHNEMAN_BH_P1_R05_C01,AHNEMAN_BH_ARYL_01,control,True,additive_free_control,1,1.0,5,1,/Volumes/Jupetit/rxnpredict/yield_data/plate1.1.csv,1:E,2016-Dec14-1536-CN-Plate1-5.Raw,2016-dec14-1536-cn-plate1-5.raw,1.0,1-chloro-4-(trifluoromethyl)benzene,FC(F)(F)c1ccc(Cl)cc1,t-BuXPhos,t-BuXPhos,CC(C)C(C=C(C(C)C)C=C1C(C)C)=C1C2=CC=CC=C2P(C(C)(C)C)C(C)(C)C,P2Et,CN(C)P(N(C)C)(N(C)C)=NP(N(C)C)(N(C)C)=NCC,,,,43.24687429,True,False,76969.39568,13913.64699,1.042356705
AHNEMAN_BH_P1_R05_C02,AHNEMAN_BH_ARYL_02,control,True,additive_free_control,1,1.0,5,2,/Volumes/Jupetit/rxnpredict/yield_data/plate1.1.csv,2:E,2016-Dec14-1536-CN-Plate1-21.Raw,2016-dec14-1536-cn-plate1-21.raw,2.0,1-bromo-4-(trifluoromethyl)benzene,FC(F)(F)c1ccc(Br)cc1,t-BuXPhos,t-BuXPhos,CC(C)C(C=C(C(C)C)C=C1C(C)C)=C1C2=CC=CC=C2P(C(C)(C)C)C(C)(C)C,P2Et,CN(C)P(N(C)C)(N(C)C)=NP(N(C)C)(N(C)C)=NCC,,,,47.07201706,True,False,88598.95676,14714.42946,1.042356705
AHNEMAN_BH_P1_R05_C03,AHNEMAN_BH_ARYL_03,control,True,additive_free_control,1,1.0,5,3,/Volumes/Jupetit/rxnpredict/yield_data/plate1.1.csv,3:E,2016-Dec14-1536-CN-Plate1-37.Raw,2016-dec14-1536-cn-plate1-37.raw,3.0,1-iodo-4-(trifluoromethyl)benzene,FC(F)(F)c1ccc(I)cc1,t-BuXPhos,t-BuXPhos,CC(C)C(C=C(C(C)C)C=C1C(C)C)=C1C2=CC=CC=C2P(C(C)(C)C)C(C)(C)C,P2Et,CN(C)P(N(C)C)(N(C)C)=NP(N(C)C)(N(C)C)=NCC,,,,46.67923287,True,False,96440.51385,16151.52125,1.042356705
AHNEMAN_BH_P1_R05_C04,AHNEMAN_BH_ARYL_04,control,True,additive_free_control,1,1.0,5,4,/Volumes/Jupetit/rxnpredict/yield_data/plate1.1.csv,4:E,2016-Dec14-1536-CN-Plate1-53.Raw,2016-dec14-1536-cn-plate1-53.raw,4.0,1-chloro-4-methoxybenzene,COc1ccc(Cl)cc1,t-BuXPhos,t-BuXPhos,CC(C)C(C=C(C(C)C)C=C1C(C)C)=C1C2=CC=CC=C2P(C(C)(C)C)C(C)(C)C,P2Et,CN(C)P(N(C)C)(N(C)C)=NP(N(C)C)(N(C)C)=NCC,,,,1.477833017,True,False,3911.43921,18831.86131,0.948682226
AHNEMAN_BH_P1_R05_C05,AHNEMAN_BH_ARYL_05,control,True,additive_free_control,1,1.0,5,5,/Volumes/Jupetit/rxnpredict/yield_data/plate1.1.csv,5:E,2016-Dec14-1536-CN-Plate1-69.Raw,2016-dec14-1536-cn-plate1-69.raw,5.0,1-bromo-4-methoxybenzene,COc1ccc(Br)cc1,t-BuXPhos,t-BuXPhos,CC(C)C(C=C(C(C)C)C=C1C(C)C)=C1C2=CC=CC=C2P(C(C)(C)C)C(C)(C)C,P2Et,CN(C)P(N(C)C)(N(C)C)=NP(N(C)C)(N(C)C)=NCC,,,,52.01663098,True,False,122021.2835,16690.73246,0.948682226
AHNEMAN_BH_P1_R05_C06,AHNEMAN_BH_ARYL_06,control,True,additive_free_control,1,1.0,5,6,/Volumes/Jupetit/rxnpredict/yield_data/plate1.1.csv,6:E,2016-Dec14-1536-CN-Plate1-85.Raw,2016-dec14-1536-cn-plate1-85.raw,6.0,1-iodo-4-methoxybenzene,COc1ccc(I)cc1,t-BuXPhos,t-BuXPhos,CC(C)C(C=C(C(C)C)C=C1C(C)C)=C1C2=CC=CC=C2P(C(C)(C)C)C(C)(C)C,P2Et,CN(C)P(N(C)C)(N(C)C)=NP(N(C)C)(N(C)C)=NCC,,,,49.5332891,True,False,117649.4141,16899.5301,0.948682226
AHNEMAN_BH_P1_R05_C07,AHNEMAN_BH_ARYL_07,control,True,additive_free_control,1,1.0,5,7,/Volumes/Jupetit/rxnpredict/yield_data/plate1.1.csv,7:E,2016-Dec14-1536-CN-Plate1-101.Raw,2016-dec14-1536-cn-plate1-101.raw,7.0,1-chloro-4-ethylbenzene,CCc1ccc(Cl)cc1,t-BuXPhos,t-BuXPhos,CC(C)C(C=C(C(C)C)C=C1C(C)C)=C1C2=CC=CC=C2P(C(C)(C)C)C(C)(C)C,P2Et,CN(C)P(N(C)C)(N(C)C)=NP(N(C)C)(N(C)C)=NCC,,,,15.23801636,True,False,24865.20235,16369.3954,1.337543187
AHNEMAN_BH_P1_R05_C08,AHNEMAN_BH_ARYL_08,control,True,additive_free_control,1,1.0,5,8,/Volumes/Jupetit/rxnpredict/yield_data/plate1.1.csv,8:E,2016-Dec14-1536-CN-Plate1-117.Raw,2016-dec14-1536-cn-plate1-117.raw,8.0,1-bromo-4-ethylbenzene,CCc1ccc(Br)cc1,t-BuXPhos,t-BuXPhos,CC(C)C(C=C(C(C)C)C=C1C(C)C)=C1C2=CC=CC=C2P(C(C)(C)C)C(C)(C)C,P2Et,CN(C)P(N(C)C)(N(C)C)=NP(N(C)C)(N(C)C)=NCC,,,,76.0080606,True,False,126822.5108,16738.08514,1.337543187
AHNEMAN_BH_P1_R05_C09,AHNEMAN_BH_ARYL_09,control,True,additive_free_control,1,1.0,5,9,/Volumes/Jupetit/rxnpredict/yield_data/plate1.1.csv,9:E,2016-Dec14-1536-CN-Plate1-133.Raw,2016-dec14-1536-cn-plate1-133.raw,9.0,1-ethyl-4-iodobenzene,CCc1ccc(I)cc1,t-BuXPhos,t-BuXPhos,CC(C)C(C=C(C(C)C)C=C1C(C)C)=C1C2=CC=CC=C2P(C(C)(C)C)C(C)(C)C,P2Et,CN(C)P(N(C)C)(N(C)C)=NP(N(C)C)(N(C)C)=NCC,,,,63.58868193,True,False,133657.4212,21085.42365,1.337543187
AHNEMAN_BH_P1_R05_C10,AHNEMAN_BH_ARYL_10,control,True,additive_free_control,1,1.0,5,10,/Volumes/Jupetit/rxnpredict/yield_data/plate1.1.csv,10:E,2016-Dec14-1536-CN-Plate1-149.Raw,2016-dec14-1536-cn-plate1-149.raw,10.0,2-chloropyridine,Clc1ccccn1,t-BuXPhos,t-BuXPhos,CC(C)C(C=C(C(C)C)C=C1C(C)C)=C1C2=CC=CC=C2P(C(C)(C)C)C(C)(C)C,P2Et,CN(C)P(N(C)C)(N(C)C)=NP(N(C)C)(N(C)C)=NCC,,,,56.11678026,True,False,54936.79416,20879.4717,2.843725517
AHNEMAN_BH_P1_R05_C11,AHNEMAN_BH_ARYL_11,control,True,additive_free_control,1,1.0,5,11,/Volumes/Jupetit/rxnpredict/yield_data/plate1.1.csv,11:E,2016-Dec14-1536-CN-Plate1-165.Raw,2016-dec14-1536-cn-plate1-165.raw,11.0,2-bromopyridine,Brc1ccccn1,t-BuXPhos,t-BuXPhos,CC(C)C(C=C(C(C)C)C=C1C(C)C)=C1C2=CC=CC=C2P(C(C)(C)C)C(C)(C)C,P2Et,CN(C)P(N(C)C)(N(C)C)=NP(N(C)C)(N(C)C)=NCC,,,,74.02586359,True,False,65058.87878,18744.42101,2.843725517
AHNEMAN_BH_P1_R05_C12,AHNEMAN_BH_ARYL_12,control,True,additive_free_control,1,1.0,5,12,/Volumes/Jupetit/rxnpredict/yield_data/plate1.1.csv,12:E,2016-Dec14-1536-CN-Plate1-181.Raw,2016-dec14-1536-cn-plate1-181.raw,12.0,2-iodopyridine,Ic1ccccn1,t-BuXPhos,t-BuXPhos,CC(C)C(C=C(C(C)C)C=C1C(C)C)=C1C2=CC=CC=C2P(C(C)(C)C)C(C)(C)C,P2Et,CN(C)P(N(C)C)(N(C)C)=NP(N(C)C)(N(C)C)=NCC,,,,72.10640605,True,False,75417.97934,22307.4527,2.843725517
AHNEMAN_BH_P1_R05_C13,AHNEMAN_BH_ARYL_13,control,True,additive_free_control,1,1.0,5,13,/Volumes/Jupetit/rxnpredict/yield_data/plate1.1.csv,13:E,2016-Dec14-1536-CN-Plate1-197.Raw,2016-dec14-1536-cn-plate1-197.raw,13.0,3-chloropyridine,Clc1cccnc1,t-BuXPhos,t-BuXPhos,CC(C)C(C=C(C(C)C)C=C1C(C)C)=C1C2=CC=CC=C2P(C(C)(C)C)C(C)(C)C,P2Et,CN(C)P(N(C)C)(N(C)C)=NP(N(C)C)(N(C)C)=NCC,,,,60.16915393,True,False,76968.18057,20858.09193,2.174082389
AHNEMAN_BH_P1_R05_C14,AHNEMAN_BH_ARYL_14,control,True,additive_free_control,1,1.0,5,14,/Volumes/Jupetit/rxnpredict/yield_data/plate1.1.csv,14:E,2016-Dec14-1536-CN-Plate1-213.Raw,2016-dec14-1536-cn-plate1-213.raw,14.0,3-bromopyridine,Brc1cccnc1,t-BuXPhos,t-BuXPhos,CC(C)C(C=C(C(C)C)C=C1C(C)C)=C1C2=CC=CC=C2P(C(C)(C)C)C(C)(C)C,P2Et,CN(C)P(N(C)C)(N(C)C)=NP(N(C)C)(N(C)C)=NCC,,,,76.23980932,True,False,103343.04,22102.26048,2.174082389
AHNEMAN_BH_P1_R05_C15,AHNEMAN_BH_ARYL_15,control,True,additive_free_control,1,1.0,5,15,/Volumes/Jupetit/rxnpredict/yield_data/plate1.1.csv,15:E,2016-Dec14-1536-CN-Plate1-229.Raw,2016-dec14-1536-cn-plate1-229.raw,15.0,3-iodopyridine,Ic1cccnc1,t-BuXPhos,t-BuXPhos,CC(C)C(C=C(C(C)C)C=C1C(C)C)=C1C2=CC=CC=C2P(C(C)(C)C)C(C)(C)C,P2Et,CN(C)P(N(C)C)(N(C)C)=NP(N(C)C)(N(C)C)=NCC,,,,73.24593194,True,False,88237.83548,19643.03536,2.174082389
AHNEMAN_BH_P1_R05_C16,,control,True,blank_control,1,1.0,5,16,/Volumes/Jupetit/rxnpredict/yield_data/plate1.1.csv,16:E,2016-Dec14-1536-CN-Plate1-245.Raw,2016-dec14-1536-cn-plate1-245.raw,,,,t-BuXPhos,t-BuXPhos,CC(C)C(C=C(C(C)C)C=C1C(C)C)=C1C2=CC=CC=C2P(C(C)(C)C)C(C)(C)C,P2Et,CN(C)P(N(C)C)(N(C)C)=NP(N(C)C)(N(C)C)=NCC,,,,0.0,True,True,0.0,23103.2284,
AHNEMAN_BH_P1_R05_C17,AHNEMAN_BH_ARYL_01,control,True,additive_free_control,1,1.0,5,17,/Volumes/Jupetit/rxnpredict/yield_data/plate1.1.csv,17:E,2016-Dec14-1536-CN-Plate1-261.Raw,2016-dec14-1536-cn-plate1-261.raw,1.0,1-chloro-4-(trifluoromethyl)benzene,FC(F)(F)c1ccc(Cl)cc1,t-BuXPhos,t-BuXPhos,CC(C)C(C=C(C(C)C)C=C1C(C)C)=C1C2=CC=CC=C2P(C(C)(C)C)C(C)(C)C,BTMG,CN(C)/C(N(C)C)=N\C(C)(C)C,,,,33.75312128,True,False,87522.53285,20271.39168,1.042356705
AHNEMAN_BH_P1_R05_C18,AHNEMAN_BH_ARYL_02,control,True,additive_free_control,1,1.0,5,18,/Volumes/Jupetit/rxnpredict/yield_data/plate1.1.csv,18:E,2016-Dec14-1536-CN-Plate1-277.Raw,2016-dec14-1536-cn-plate1-277.raw,2.0,1-bromo-4-(trifluoromethyl)benzene,FC(F)(F)c1ccc(Br)cc1,t-BuXPhos,t-BuXPhos,CC(C)C(C=C(C(C)C)C=C1C(C)C)=C1C2=CC=CC=C2P(C(C)(C)C)C(C)(C)C,BTMG,CN(C)/C(N(C)C)=N\C(C)(C)C,,,,43.98434681,True,False,112168.4652,19936.56156,1.042356705
AHNEMAN_BH_P1_R05_C19,AHNEMAN_BH_ARYL_03,control,True,additive_free_control,1,1.0,5,19,/Volumes/Jupetit/rxnpredict/yield_data/plate1.1.csv,19:E,2016-Dec14-1536-CN-Plate1-293.Raw,2016-dec14-1536-cn-plate1-293.raw,3.0,1-iodo-4-(trifluoromethyl)benzene,FC(F)(F)c1ccc(I)cc1,t-BuXPhos,t-BuXPhos,CC(C)C(C=C(C(C)C)C=C1C(C)C)=C1C2=CC=CC=C2P(C(C)(C)C)C(C)(C)C,BTMG,CN(C)/C(N(C)C)=N\C(C)(C)C,,,,45.01345928,True,False,116363.7819,20209.38351,1.042356705
AHNEMAN_BH_P1_R05_C20,AHNEMAN_BH_ARYL_04,control,True,additive_free_control,1,1.0,5,20,/Volumes/Jupetit/rxnpredict/yield_data/plate1.1.csv,20:E,2016-Dec14-1536-CN-Plate1-309.Raw,2016-dec14-1536-cn-plate1-309.raw,4.0,1-chloro-4-methoxybenzene,COc1ccc(Cl)cc1,t-BuXPhos,t-BuXPhos,CC(C)C(C=C(C(C)C)C=C1C(C)C)=C1C2=CC=CC=C2P(C(C)(C)C)C(C)(C)C,BTMG,CN(C)/C(N(C)C)=N\C(C)(C)C,,,,1.141182686,True,False,3385.68397,21109.27271,0.948682226
AHNEMAN_BH_P1_R05_C21,AHNEMAN_BH_ARYL_05,control,True,additive_free_control,1,1.0,5,21,/Volumes/Jupetit/rxnpredict/yield_data/plate1.1.csv,21:E,2016-Dec14-1536-CN-Plate1-325.Raw,2016-dec14-1536-cn-plate1-325.raw,5.0,1-bromo-4-methoxybenzene,COc1ccc(Br)cc1,t-BuXPhos,t-BuXPhos,CC(C)C(C=C(C(C)C)C=C1C(C)C)=C1C2=CC=CC=C2P(C(C)(C)C)C(C)(C)C,BTMG,CN(C)/C(N(C)C)=N\C(C)(C)C,,,,45.26243148,True,False,114057.5331,17929.49763,0.948682226
AHNEMAN_BH_P1_R05_C22,AHNEMAN_BH_ARYL_06,control,True,additive_free_control,1,1.0,5,22,/Volumes/Jupetit/rxnpredict/yield_data/plate1.1.csv,22:E,2016-Dec14-1536-CN-Plate1-341.Raw,2016-dec14-1536-cn-plate1-341.raw,6.0,1-iodo-4-methoxybenzene,COc1ccc(I)cc1,t-BuXPhos,t-BuXPhos,CC(C)C(C=C(C(C)C)C=C1C(C)C)=C1C2=CC=CC=C2P(C(C)(C)C)C(C)(C)C,BTMG,CN(C)/C(N(C)C)=N\C(C)(C)C,,,,48.87745577,True,False,141873.3301,20652.57456,0.948682226
AHNEMAN_BH_P1_R05_C23,AHNEMAN_BH_ARYL_07,control,True,additive_free_control,1,1.0,5,23,/Volumes/Jupetit/rxnpredict/yield_data/plate1.1.csv,23:E,2016-Dec14-1536-CN-Plate1-357.Raw,2016-dec14-1536-cn-plate1-357.raw,7.0,1-chloro-4-ethylbenzene,CCc1ccc(Cl)cc1,t-BuXPhos,t-BuXPhos,CC(C)C(C=C(C(C)C)C=C1C(C)C)=C1C2=CC=CC=C2P(C(C)(C)C)C(C)(C)C,BTMG,CN(C)/C(N(C)C)=N\C(C)(C)C,,,,5.1621109,True,False,11005.55648,21387.19127,1.337543187
AHNEMAN_BH_P1_R05_C24,AHNEMAN_BH_ARYL_08,control,True,additive_free_control,1,1.0,5,24,/Volumes/Jupetit/rxnpredict/yield_data/plate1.1.csv,24:E,2016-Dec14-1536-CN-Plate1-373.Raw,2016-dec14-1536-cn-plate1-373.raw,8.0,1-bromo-4-ethylbenzene,CCc1ccc(Br)cc1,t-BuXPhos,t-BuXPhos,CC(C)C(C=C(C(C)C)C=C1C(C)C)=C1C2=CC=CC=C2P(C(C)(C)C)C(C)(C)C,BTMG,CN(C)/C(N(C)C)=N\C(C)(C)C,,,,70.20039276,True,False,136154.6489,19456.37865,1.337543187
AHNEMAN_BH_P1_R05_C25,AHNEMAN_BH_ARYL_09,control,True,additive_free_control,1,2.0,5,25,/Volumes/Jupetit/rxnpredict/yield_data/plate1.2.csv,1:E,2016-Dec14-1536-CN-Plate2-5.Raw,2016-dec14-1536-cn-plate2-5.raw,9.0,1-ethyl-4-iodobenzene,CCc1ccc(I)cc1,t-BuXPhos,t-BuXPhos,CC(C)C(C=C(C(C)C)C=C1C(C)C)=C1C2=CC=CC=C2P(C(C)(C)C)C(C)(C)C,BTMG,CN(C)/C(N(C)C)=N\C(C)(C)C,,,,76.21778678,True,False,129846.2308,17090.00111,1.337543187
AHNEMAN_BH_P1_R05_C26,AHNEMAN_BH_ARYL_10,control,True,additive_free_control,1,2.0,5,26,/Volumes/Jupetit/rxnpredict/yield_data/plate1.2.csv,2:E,2016-Dec14-1536-CN-Plate2-21.Raw,2016-dec14-1536-cn-plate2-21.raw,10.0,2-chloropyridine,Clc1ccccn1,t-BuXPhos,t-BuXPhos,CC(C)C(C=C(C(C)C)C=C1C(C)C)=C1C2=CC=CC=C2P(C(C)(C)C)C(C)(C)C,BTMG,CN(C)/C(N(C)C)=N\C(C)(C)C,,,,68.57268466,True,False,64204.1947,19969.22401,2.843725517
AHNEMAN_BH_P1_R05_C27,AHNEMAN_BH_ARYL_11,control,True,additive_free_control,1,2.0,5,27,/Volumes/Jupetit/rxnpredict/yield_data/plate1.2.csv,3:E,2016-Dec14-1536-CN-Plate2-37.Raw,2016-dec14-1536-cn-plate2-37.raw,11.0,2-bromopyridine,Brc1ccccn1,t-BuXPhos,t-BuXPhos,CC(C)C(C=C(C(C)C)C=C1C(C)C)=C1C2=CC=CC=C2P(C(C)(C)C)C(C)(C)C,BTMG,CN(C)/C(N(C)C)=N\C(C)(C)C,,,,82.68657767,True,False,72543.09945,18711.56137,2.843725517
AHNEMAN_BH_P1_R05_C28,AHNEMAN_BH_ARYL_12,control,True,additive_free_control,1,2.0,5,28,/Volumes/Jupetit/rxnpredict/yield_data/plate1.2.csv,4:E,2016-Dec14-1536-CN-Plate2-53.Raw,2016-dec14-1536-cn-plate2-53.raw,12.0,2-iodopyridine,Ic1ccccn1,t-BuXPhos,t-BuXPhos,CC(C)C(C=C(C(C)C)C=C1C(C)C)=C1C2=CC=CC=C2P(C(C)(C)C)C(C)(C)C,BTMG,CN(C)/C(N(C)C)=N\C(C)(C)C,,,,81.20984491,True,False,71589.26346,18801.31179,2.843725517
AHNEMAN_BH_P1_R05_C29,AHNEMAN_BH_ARYL_13,control,True,additive_free_control,1,2.0,5,29,/Volumes/Jupetit/rxnpredict/yield_data/plate1.2.csv,5:E,2016-Dec14-1536-CN-Plate2-69.Raw,2016-dec14-1536-cn-plate2-69.raw,13.0,3-chloropyridine,Clc1cccnc1,t-BuXPhos,t-BuXPhos,CC(C)C(C=C(C(C)C)C=C1C(C)C)=C1C2=CC=CC=C2P(C(C)(C)C)C(C)(C)C,BTMG,CN(C)/C(N(C)C)=N\C(C)(C)C,,,,45.5729521,True,False,52255.76803,18696.6731,2.174082389
AHNEMAN_BH_P1_R05_C30,AHNEMAN_BH_ARYL_14,control,True,additive_free_control,1,2.0,5,30,/Volumes/Jupetit/rxnpredict/yield_data/plate1.2.csv,6:E,2016-Dec14-1536-CN-Plate2-85.Raw,2016-dec14-1536-cn-plate2-85.raw,14.0,3-bromopyridine,Brc1cccnc1,t-BuXPhos,t-BuXPhos,CC(C)C(C=C(C(C)C)C=C1C(C)C)=C1C2=CC=CC=C2P(C(C)(C)C)C(C)(C)C,BTMG,CN(C)/C(N(C)C)=N\C(C)(C)C,,,,80.41522119,True,False,87378.947,17717.63732,2.174082389
AHNEMAN_BH_P1_R05_C31,AHNEMAN_BH_ARYL_15,control,True,additive_free_control,1,2.0,5,31,/Volumes/Jupetit/rxnpredict/yield_data/plate1.2.csv,7:E,2016-Dec14-1536-CN-Plate2-101.Raw,2016-dec14-1536-cn-plate2-101.raw,15.0,3-iodopyridine,Ic1cccnc1,t-BuXPhos,t-BuXPhos,CC(C)C(C=C(C(C)C)C=C1C(C)C)=C1C2=CC=CC=C2P(C(C)(C)C)C(C)(C)C,BTMG,CN(C)/C(N(C)C)=N\C(C)(C)C,,,,87.27732283,True,False,92781.10571,17333.86418,2.174082389
AHNEMAN_BH_P1_R05_C32,,control,True,blank_control,1,2.0,5,32,/Volumes/Jupetit/rxnpredict/yield_data/plate1.2.csv,8:E,2016-Dec14-1536-CN-Plate2-117.Raw,2016-dec14-1536-cn-plate2-117.raw,,,,t-BuXPhos,t-BuXPhos,CC(C)C(C=C(C(C)C)C=C1C(C)C)=C1C2=CC=CC=C2P(C(C)(C)C)C(C)(C)C,BTMG,CN(C)/C(N(C)C)=N\C(C)(C)C,,,,0.0,True,True,,18229.16398,
AHNEMAN_BH_P1_R05_C33,AHNEMAN_BH_ARYL_01,control,True,additive_free_control,1,2.0,5,33,/Volumes/Jupetit/rxnpredict/yield_data/plate1.2.csv,9:E,2016-Dec14-1536-CN-Plate2-133.Raw,2016-dec14-1536-cn-plate2-133.raw,1.0,1-chloro-4-(trifluoromethyl)benzene,FC(F)(F)c1ccc(Cl)cc1,t-BuXPhos,t-BuXPhos,CC(C)C(C=C(C(C)C)C=C1C(C)C)=C1C2=CC=CC=C2P(C(C)(C)C)C(C)(C)C,MTBD,CN1CCCN2CCCN=C12,,,,46.27953078,True,False,104796.5364,17702.54103,1.042356705
AHNEMAN_BH_P1_R05_C34,AHNEMAN_BH_ARYL_02,control,True,additive_free_control,1,2.0,5,34,/Volumes/Jupetit/rxnpredict/yield_data/plate1.2.csv,10:E,2016-Dec14-1536-CN-Plate2-149.Raw,2016-dec14-1536-cn-plate2-149.raw,2.0,1-bromo-4-(trifluoromethyl)benzene,FC(F)(F)c1ccc(Br)cc1,t-BuXPhos,t-BuXPhos,CC(C)C(C=C(C(C)C)C=C1C(C)C)=C1C2=CC=CC=C2P(C(C)(C)C)C(C)(C)C,MTBD,CN1CCCN2CCCN=C12,,,,50.46562134,True,False,116695.533,18077.41113,1.042356705
AHNEMAN_BH_P1_R05_C35,AHNEMAN_BH_ARYL_03,control,True,additive_free_control,1,2.0,5,35,/Volumes/Jupetit/rxnpredict/yield_data/plate1.2.csv,11:E,2016-Dec14-1536-CN-Plate2-165.Raw,2016-dec14-1536-cn-plate2-165.raw,3.0,1-iodo-4-(trifluoromethyl)benzene,FC(F)(F)c1ccc(I)cc1,t-BuXPhos,t-BuXPhos,CC(C)C(C=C(C(C)C)C=C1C(C)C)=C1C2=CC=CC=C2P(C(C)(C)C)C(C)(C)C,MTBD,CN1CCCN2CCCN=C12,,,,51.209226,True,False,118631.3662,18110.43775,1.042356705
AHNEMAN_BH_P1_R05_C36,AHNEMAN_BH_ARYL_04,control,True,additive_free_control,1,2.0,5,36,/Volumes/Jupetit/rxnpredict/yield_data/plate1.2.csv,12:E,2016-Dec14-1536-CN-Plate2-181.Raw,2016-dec14-1536-cn-plate2-181.raw,4.0,1-chloro-4-methoxybenzene,COc1ccc(Cl)cc1,t-BuXPhos,t-BuXPhos,CC(C)C(C=C(C(C)C)C=C1C(C)C)=C1C2=CC=CC=C2P(C(C)(C)C)C(C)(C)C,MTBD,CN1CCCN2CCCN=C12,,,,1.507859973,True,False,3973.71726,18750.72124,0.948682226
AHNEMAN_BH_P1_R05_C37,AHNEMAN_BH_ARYL_05,control,True,additive_free_control,1,2.0,5,37,/Volumes/Jupetit/rxnpredict/yield_data/plate1.2.csv,13:E,2016-Dec14-1536-CN-Plate2-197.Raw,2016-dec14-1536-cn-plate2-197.raw,5.0,1-bromo-4-methoxybenzene,COc1ccc(Br)cc1,t-BuXPhos,t-BuXPhos,CC(C)C(C=C(C(C)C)C=C1C(C)C)=C1C2=CC=CC=C2P(C(C)(C)C)C(C)(C)C,MTBD,CN1CCCN2CCCN=C12,,,,54.82010788,True,False,137766.5564,17880.75878,0.948682226
AHNEMAN_BH_P1_R05_C38,AHNEMAN_BH_ARYL_06,control,True,additive_free_control,1,2.0,5,38,/Volumes/Jupetit/rxnpredict/yield_data/plate1.2.csv,14:E,2016-Dec14-1536-CN-Plate2-213.Raw,2016-dec14-1536-cn-plate2-213.raw,6.0,1-iodo-4-methoxybenzene,COc1ccc(I)cc1,t-BuXPhos,t-BuXPhos,CC(C)C(C=C(C(C)C)C=C1C(C)C)=C1C2=CC=CC=C2P(C(C)(C)C)C(C)(C)C,MTBD,CN1CCCN2CCCN=C12,,,,55.70113322,True,False,138735.4748,17721.70575,0.948682226
AHNEMAN_BH_P1_R05_C39,AHNEMAN_BH_ARYL_07,control,True,additive_free_control,1,2.0,5,39,/Volumes/Jupetit/rxnpredict/yield_data/plate1.2.csv,15:E,2016-Dec14-1536-CN-Plate2-229.Raw,2016-dec14-1536-cn-plate2-229.raw,7.0,1-chloro-4-ethylbenzene,CCc1ccc(Cl)cc1,t-BuXPhos,t-BuXPhos,CC(C)C(C=C(C(C)C)C=C1C(C)C)=C1C2=CC=CC=C2P(C(C)(C)C)C(C)(C)C,MTBD,CN1CCCN2CCCN=C12,,,,5.937925103,True,False,10618.23688,17938.5267,1.337543187
AHNEMAN_BH_P1_R05_C40,AHNEMAN_BH_ARYL_08,control,True,additive_free_control,1,2.0,5,40,/Volumes/Jupetit/rxnpredict/yield_data/plate1.2.csv,16:E,2016-Dec14-1536-CN-Plate2-245.Raw,2016-dec14-1536-cn-plate2-245.raw,8.0,1-bromo-4-ethylbenzene,CCc1ccc(Br)cc1,t-BuXPhos,t-BuXPhos,CC(C)C(C=C(C(C)C)C=C1C(C)C)=C1C2=CC=CC=C2P(C(C)(C)C)C(C)(C)C,MTBD,CN1CCCN2CCCN=C12,,,,83.76110277,True,False,140129.9367,16782.53712,1.337543187
AHNEMAN_BH_P1_R05_C41,AHNEMAN_BH_ARYL_09,control,True,additive_free_control,1,2.0,5,41,/Volumes/Jupetit/rxnpredict/yield_data/plate1.2.csv,17:E,2016-Dec14-1536-CN-Plate2-261.Raw,2016-dec14-1536-cn-plate2-261.raw,9.0,1-ethyl-4-iodobenzene,CCc1ccc(I)cc1,t-BuXPhos,t-BuXPhos,CC(C)C(C=C(C(C)C)C=C1C(C)C)=C1C2=CC=CC=C2P(C(C)(C)C)C(C)(C)C,MTBD,CN1CCCN2CCCN=C12,,,,78.83510746,True,False,138482.2313,17621.52399,1.337543187
AHNEMAN_BH_P1_R05_C42,AHNEMAN_BH_ARYL_10,control,True,additive_free_control,1,2.0,5,42,/Volumes/Jupetit/rxnpredict/yield_data/plate1.2.csv,18:E,2016-Dec14-1536-CN-Plate2-277.Raw,2016-dec14-1536-cn-plate2-277.raw,10.0,2-chloropyridine,Clc1ccccn1,t-BuXPhos,t-BuXPhos,CC(C)C(C=C(C(C)C)C=C1C(C)C)=C1C2=CC=CC=C2P(C(C)(C)C)C(C)(C)C,MTBD,CN1CCCN2CCCN=C12,,,,80.94739685,True,False,68736.14978,18110.53388,2.843725517
AHNEMAN_BH_P1_R05_C43,AHNEMAN_BH_ARYL_11,control,True,additive_free_control,1,2.0,5,43,/Volumes/Jupetit/rxnpredict/yield_data/plate1.2.csv,19:E,2016-Dec14-1536-CN-Plate2-293.Raw,2016-dec14-1536-cn-plate2-293.raw,11.0,2-bromopyridine,Brc1ccccn1,t-BuXPhos,t-BuXPhos,CC(C)C(C=C(C(C)C)C=C1C(C)C)=C1C2=CC=CC=C2P(C(C)(C)C)C(C)(C)C,MTBD,CN1CCCN2CCCN=C12,,,,94.39775173,True,False,78453.73807,17725.59935,2.843725517
AHNEMAN_BH_P1_R05_C44,AHNEMAN_BH_ARYL_12,control,True,additive_free_control,1,2.0,5,44,/Volumes/Jupetit/rxnpredict/yield_data/plate1.2.csv,20:E,2016-Dec14-1536-CN-Plate2-309.Raw,2016-dec14-1536-cn-plate2-309.raw,12.0,2-iodopyridine,Ic1ccccn1,t-BuXPhos,t-BuXPhos,CC(C)C(C=C(C(C)C)C=C1C(C)C)=C1C2=CC=CC=C2P(C(C)(C)C)C(C)(C)C,MTBD,CN1CCCN2CCCN=C12,,,,95.42335131,True,False,79480.09824,17764.48692,2.843725517
AHNEMAN_BH_P1_R05_C45,AHNEMAN_BH_ARYL_13,control,True,additive_free_control,1,2.0,5,45,/Volumes/Jupetit/rxnpredict/yield_data/plate1.2.csv,21:E,2016-Dec14-1536-CN-Plate2-325.Raw,2016-dec14-1536-cn-plate2-325.raw,13.0,3-chloropyridine,Clc1cccnc1,t-BuXPhos,t-BuXPhos,CC(C)C(C=C(C(C)C)C=C1C(C)C)=C1C2=CC=CC=C2P(C(C)(C)C)C(C)(C)C,MTBD,CN1CCCN2CCCN=C12,,,,65.0220022,True,False,62078.04883,15567.36045,2.174082389
AHNEMAN_BH_P1_R05_C46,AHNEMAN_BH_ARYL_14,control,True,additive_free_control,1,2.0,5,46,/Volumes/Jupetit/rxnpredict/yield_data/plate1.2.csv,22:E,2016-Dec14-1536-CN-Plate2-341.Raw,2016-dec14-1536-cn-plate2-341.raw,14.0,3-bromopyridine,Brc1cccnc1,t-BuXPhos,t-BuXPhos,CC(C)C(C=C(C(C)C)C=C1C(C)C)=C1C2=CC=CC=C2P(C(C)(C)C)C(C)(C)C,MTBD,CN1CCCN2CCCN=C12,,,,98.03589777,True,False,94571.98991,15729.49061,2.174082389
AHNEMAN_BH_P1_R05_C47,AHNEMAN_BH_ARYL_15,control,True,additive_free_control,1,2.0,5,47,/Volumes/Jupetit/rxnpredict/yield_data/plate1.2.csv,23:E,2016-Dec14-1536-CN-Plate2-357.Raw,2016-dec14-1536-cn-plate2-357.raw,15.0,3-iodopyridine,Ic1cccnc1,t-BuXPhos,t-BuXPhos,CC(C)C(C=C(C(C)C)C=C1C(C)C)=C1C2=CC=CC=C2P(C(C)(C)C)C(C)(C)C,MTBD,CN1CCCN2CCCN=C12,,,,99.68653196,True,False,89990.04192,14719.57356,2.174082389
AHNEMAN_BH_P1_R05_C48,,control,True,blank_control,1,2.0,5,48,/Volumes/Jupetit/rxnpredict/yield_data/plate1.2.csv,24:E,2016-Dec14-1536-CN-Plate2-373.Raw,2016-dec14-1536-cn-plate2-373.raw,,,,t-BuXPhos,t-BuXPhos,CC(C)C(C=C(C(C)C)C=C1C(C)C)=C1C2=CC=CC=C2P(C(C)(C)C)C(C)(C)C,MTBD,CN1CCCN2CCCN=C12,,,,0.0,True,True,,15640.41946,
AHNEMAN_BH_P1_R06_C16,,control,True,aryl_halide_free_control,1,1.0,6,16,/Volumes/Jupetit/rxnpredict/yield_data/plate1.1.csv,16:F,2016-Dec14-1536-CN-Plate1-246.Raw,2016-dec14-1536-cn-plate1-246.raw,,,,t-BuXPhos,t-BuXPhos,CC(C)C(C=C(C(C)C)C=C1C(C)C)=C1C2=CC=CC=C2P(C(C)(C)C)C(C)(C)C,P2Et,CN(C)P(N(C)C)(N(C)C)=NP(N(C)C)(N(C)C)=NCC,2.0,5-phenylisoxazole,o1nccc1c2ccccc2,0.0,True,True,0.0,22482.31817,
AHNEMAN_BH_P1_R06_C32,,control,True,aryl_halide_free_control,1,2.0,6,32,/Volumes/Jupetit/rxnpredict/yield_data/plate1.2.csv,8:F,2016-Dec14-1536-CN-Plate2-118.Raw,2016-dec14-1536-cn-plate2-118.raw,,,,t-BuXPhos,t-BuXPhos,CC(C)C(C=C(C(C)C)C=C1C(C)C)=C1C2=CC=CC=C2P(C(C)(C)C)C(C)(C)C,BTMG,CN(C)/C(N(C)C)=N\C(C)(C)C,2.0,5-phenylisoxazole,o1nccc1c2ccccc2,0.0,True,True,,18767.85491,
AHNEMAN_BH_P1_R06_C48,,control,True,aryl_halide_free_control,1,2.0,6,48,/Volumes/Jupetit/rxnpredict/yield_data/plate1.2.csv,24:F,2016-Dec14-1536-CN-Plate2-374.Raw,2016-dec14-1536-cn-plate2-374.raw,,,,t-BuXPhos,t-BuXPhos,CC(C)C(C=C(C(C)C)C=C1C(C)C)=C1C2=CC=CC=C2P(C(C)(C)C)C(C)(C)C,MTBD,CN1CCCN2CCCN=C12,2.0,5-phenylisoxazole,o1nccc1c2ccccc2,0.0,True,True,,14668.96815,
AHNEMAN_BH_P1_R07_C16,,control,True,aryl_halide_free_control,1,1.0,7,16,/Volumes/Jupetit/rxnpredict/yield_data/plate1.1.csv,16:G,2016-Dec14-1536-CN-Plate1-247.Raw,2016-dec14-1536-cn-plate1-247.raw,,,,t-BuXPhos,t-BuXPhos,CC(C)C(C=C(C(C)C)C=C1C(C)C)=C1C2=CC=CC=C2P(C(C)(C)C)C(C)(C)C,P2Et,CN(C)P(N(C)C)(N(C)C)=NP(N(C)C)(N(C)C)=NCC,4.0,ethyl-3-methylisoxazole-5-carboxylate,CCOC(=O)c1onc(C)c1,0.0,True,True,0.0,21817.61404,
AHNEMAN_BH_P1_R07_C32,,control,True,aryl_halide_free_control,1,2.0,7,32,/Volumes/Jupetit/rxnpredict/yield_data/plate1.2.csv,8:G,2016-Dec14-1536-CN-Plate2-119.Raw,2016-dec14-1536-cn-plate2-119.raw,,,,t-BuXPhos,t-BuXPhos,CC(C)C(C=C(C(C)C)C=C1C(C)C)=C1C2=CC=CC=C2P(C(C)(C)C)C(C)(C)C,BTMG,CN(C)/C(N(C)C)=N\C(C)(C)C,4.0,ethyl-3-methylisoxazole-5-carboxylate,CCOC(=O)c1onc(C)c1,0.0,True,True,,18311.51099,
AHNEMAN_BH_P1_R07_C48,,control,True,aryl_halide_free_control,1,2.0,7,48,/Volumes/Jupetit/rxnpredict/yield_data/plate1.2.csv,24:G,2016-Dec14-1536-CN-Plate2-375.Raw,2016-dec14-1536-cn-plate2-375.raw,,,,t-BuXPhos,t-BuXPhos,CC(C)C(C=C(C(C)C)C=C1C(C)C)=C1C2=CC=CC=C2P(C(C)(C)C)C(C)(C)C,MTBD,CN1CCCN2CCCN=C12,4.0,ethyl-3-methylisoxazole-5-carboxylate,CCOC(=O)c1onc(C)c1,0.0,True,True,,15928.4289,
AHNEMAN_BH_P1_R08_C16,,control,True,aryl_halide_free_control,1,1.0,8,16,/Volumes/Jupetit/rxnpredict/yield_data/plate1.1.csv,16:H,2016-Dec14-1536-CN-Plate1-248.Raw,2016-dec14-1536-cn-plate1-248.raw,,,,t-BuXPhos,t-BuXPhos,CC(C)C(C=C(C(C)C)C=C1C(C)C)=C1C2=CC=CC=C2P(C(C)(C)C)C(C)(C)C,P2Et,CN(C)P(N(C)C)(N(C)C)=NP(N(C)C)(N(C)C)=NCC,6.0,ethyl-5-methylisoxazole-3-carboxylate,CCOC(=O)c1cc(C)on1,0.0,True,True,0.0,22187.62927,
AHNEMAN_BH_P1_R08_C32,,control,True,aryl_halide_free_control,1,2.0,8,32,/Volumes/Jupetit/rxnpredict/yield_data/plate1.2.csv,8:H,2016-Dec14-1536-CN-Plate2-120.Raw,2016-dec14-1536-cn-plate2-120.raw,,,,t-BuXPhos,t-BuXPhos,CC(C)C(C=C(C(C)C)C=C1C(C)C)=C1C2=CC=CC=C2P(C(C)(C)C)C(C)(C)C,BTMG,CN(C)/C(N(C)C)=N\C(C)(C)C,6.0,ethyl-5-methylisoxazole-3-carboxylate,CCOC(=O)c1cc(C)on1,0.0,True,True,,19585.11295,
AHNEMAN_BH_P1_R08_C48,,control,True,aryl_halide_free_control,1,2.0,8,48,/Volumes/Jupetit/rxnpredict/yield_data/plate1.2.csv,24:H,2016-Dec14-1536-CN-Plate2-376.Raw,2016-dec14-1536-cn-plate2-376.raw,,,,t-BuXPhos,t-BuXPhos,CC(C)C(C=C(C(C)C)C=C1C(C)C)=C1C2=CC=CC=C2P(C(C)(C)C)C(C)(C)C,MTBD,CN1CCCN2CCCN=C12,6.0,ethyl-5-methylisoxazole-3-carboxylate,CCOC(=O)c1cc(C)on1,0.0,True,True,,15204.13697,
AHNEMAN_BH_P1_R09_C01,AHNEMAN_BH_ARYL_01,control,True,additive_free_control,1,1.0,9,1,/Volumes/Jupetit/rxnpredict/yield_data/plate1.1.csv,1:I,2016-Dec14-1536-CN-Plate1-9.Raw,2016-dec14-1536-cn-plate1-9.raw,1.0,1-chloro-4-(trifluoromethyl)benzene,FC(F)(F)c1ccc(Cl)cc1,t-BuBrettPhos,t-BuBrettPhos,CC(C)C1=CC(C(C)C)=CC(C(C)C)=C1C2=C(P(C(C)(C)C)C(C)(C)C)C(OC)=CC=C2OC,P2Et,CN(C)P(N(C)C)(N(C)C)=NP(N(C)C)(N(C)C)=NCC,,,,11.26422659,True,False,19733.73673,13695.74242,1.042356705
AHNEMAN_BH_P1_R09_C02,AHNEMAN_BH_ARYL_02,control,True,additive_free_control,1,1.0,9,2,/Volumes/Jupetit/rxnpredict/yield_data/plate1.1.csv,2:I,2016-Dec14-1536-CN-Plate1-25.Raw,2016-dec14-1536-cn-plate1-25.raw,2.0,1-bromo-4-(trifluoromethyl)benzene,FC(F)(F)c1ccc(Br)cc1,t-BuBrettPhos,t-BuBrettPhos,CC(C)C1=CC(C(C)C)=CC(C(C)C)=C1C2=C(P(C(C)(C)C)C(C)(C)C)C(OC)=CC=C2OC,P2Et,CN(C)P(N(C)C)(N(C)C)=NP(N(C)C)(N(C)C)=NCC,,,,37.48204887,True,False,76005.54011,15852.56544,1.042356705
AHNEMAN_BH_P1_R09_C03,AHNEMAN_BH_ARYL_03,control,True,additive_free_control,1,1.0,9,3,/Volumes/Jupetit/rxnpredict/yield_data/plate1.1.csv,3:I,2016-Dec14-1536-CN-Plate1-41.Raw,2016-dec14-1536-cn-plate1-41.raw,3.0,1-iodo-4-(trifluoromethyl)benzene,FC(F)(F)c1ccc(I)cc1,t-BuBrettPhos,t-BuBrettPhos,CC(C)C1=CC(C(C)C)=CC(C(C)C)=C1C2=C(P(C(C)(C)C)C(C)(C)C)C(OC)=CC=C2OC,P2Et,CN(C)P(N(C)C)(N(C)C)=NP(N(C)C)(N(C)C)=NCC,,,,41.44106124,True,False,91593.78255,17278.76721,1.042356705
AHNEMAN_BH_P1_R09_C04,AHNEMAN_BH_ARYL_04,control,True,additive_free_control,1,1.0,9,4,/Volumes/Jupetit/rxnpredict/yield_data/plate1.1.csv,4:I,2016-Dec14-1536-CN-Plate1-57.Raw,2016-dec14-1536-cn-plate1-57.raw,4.0,1-chloro-4-methoxybenzene,COc1ccc(Cl)cc1,t-BuBrettPhos,t-BuBrettPhos,CC(C)C1=CC(C(C)C)=CC(C(C)C)=C1C2=C(P(C(C)(C)C)C(C)(C)C)C(OC)=CC=C2OC,P2Et,CN(C)P(N(C)C)(N(C)C)=NP(N(C)C)(N(C)C)=NCC,,,,0.0,True,True,0.0,19205.49122,0.948682226
AHNEMAN_BH_P1_R09_C05,AHNEMAN_BH_ARYL_05,control,True,additive_free_control,1,1.0,9,5,/Volumes/Jupetit/rxnpredict/yield_data/plate1.1.csv,5:I,2016-Dec14-1536-CN-Plate1-73.Raw,2016-dec14-1536-cn-plate1-73.raw,5.0,1-bromo-4-methoxybenzene,COc1ccc(Br)cc1,t-BuBrettPhos,t-BuBrettPhos,CC(C)C1=CC(C(C)C)=CC(C(C)C)=C1C2=C(P(C(C)(C)C)C(C)(C)C)C(OC)=CC=C2OC,P2Et,CN(C)P(N(C)C)(N(C)C)=NP(N(C)C)(N(C)C)=NCC,,,,38.30431575,True,False,128004.479,23777.13287,0.948682226
AHNEMAN_BH_P1_R09_C06,AHNEMAN_BH_ARYL_06,control,True,additive_free_control,1,1.0,9,6,/Volumes/Jupetit/rxnpredict/yield_data/plate1.1.csv,6:I,2016-Dec14-1536-CN-Plate1-89.Raw,2016-dec14-1536-cn-plate1-89.raw,6.0,1-iodo-4-methoxybenzene,COc1ccc(I)cc1,t-BuBrettPhos,t-BuBrettPhos,CC(C)C1=CC(C(C)C)=CC(C(C)C)=C1C2=C(P(C(C)(C)C)C(C)(C)C)C(OC)=CC=C2OC,P2Et,CN(C)P(N(C)C)(N(C)C)=NP(N(C)C)(N(C)C)=NCC,,,,53.10400856,True,False,133718.5568,17916.22067,0.948682226
AHNEMAN_BH_P1_R09_C07,AHNEMAN_BH_ARYL_07,control,True,additive_free_control,1,1.0,9,7,/Volumes/Jupetit/rxnpredict/yield_data/plate1.1.csv,7:I,2016-Dec14-1536-CN-Plate1-105.Raw,2016-dec14-1536-cn-plate1-105.raw,7.0,1-chloro-4-ethylbenzene,CCc1ccc(Cl)cc1,t-BuBrettPhos,t-BuBrettPhos,CC(C)C1=CC(C(C)C)=CC(C(C)C)=C1C2=C(P(C(C)(C)C)C(C)(C)C)C(OC)=CC=C2OC,P2Et,CN(C)P(N(C)C)(N(C)C)=NP(N(C)C)(N(C)C)=NCC,,,,3.075984359,True,False,6023.09949,19642.8722,1.337543187
AHNEMAN_BH_P1_R09_C08,AHNEMAN_BH_ARYL_08,control,True,additive_free_control,1,1.0,9,8,/Volumes/Jupetit/rxnpredict/yield_data/plate1.1.csv,8:I,2016-Dec14-1536-CN-Plate1-121.Raw,2016-dec14-1536-cn-plate1-121.raw,8.0,1-bromo-4-ethylbenzene,CCc1ccc(Br)cc1,t-BuBrettPhos,t-BuBrettPhos,CC(C)C1=CC(C(C)C)=CC(C(C)C)=C1C2=C(P(C(C)(C)C)C(C)(C)C)C(OC)=CC=C2OC,P2Et,CN(C)P(N(C)C)(N(C)C)=NP(N(C)C)(N(C)C)=NCC,,,,77.3614474,True,False,130948.4703,16980.28283,1.337543187
AHNEMAN_BH_P1_R09_C09,AHNEMAN_BH_ARYL_09,control,True,additive_free_control,1,1.0,9,9,/Volumes/Jupetit/rxnpredict/yield_data/plate1.1.csv,9:I,2016-Dec14-1536-CN-Plate1-137.Raw,2016-dec14-1536-cn-plate1-137.raw,9.0,1-ethyl-4-iodobenzene,CCc1ccc(I)cc1,t-BuBrettPhos,t-BuBrettPhos,CC(C)C1=CC(C(C)C)=CC(C(C)C)=C1C2=C(P(C(C)(C)C)C(C)(C)C)C(OC)=CC=C2OC,P2Et,CN(C)P(N(C)C)(N(C)C)=NP(N(C)C)(N(C)C)=NCC,,,,66.8623452,True,False,138153.0673,20727.55151,1.337543187
AHNEMAN_BH_P1_R09_C10,AHNEMAN_BH_ARYL_10,control,True,additive_free_control,1,1.0,9,10,/Volumes/Jupetit/rxnpredict/yield_data/plate1.1.csv,10:I,2016-Dec14-1536-CN-Plate1-153.Raw,2016-dec14-1536-cn-plate1-153.raw,10.0,2-chloropyridine,Clc1ccccn1,t-BuBrettPhos,t-BuBrettPhos,CC(C)C1=CC(C(C)C)=CC(C(C)C)=C1C2=C(P(C(C)(C)C)C(C)(C)C)C(OC)=CC=C2OC,P2Et,CN(C)P(N(C)C)(N(C)C)=NP(N(C)C)(N(C)C)=NCC,,,,65.32713775,True,False,62678.56199,20463.2369,2.843725517
AHNEMAN_BH_P1_R09_C11,AHNEMAN_BH_ARYL_11,control,True,additive_free_control,1,1.0,9,11,/Volumes/Jupetit/rxnpredict/yield_data/plate1.1.csv,11:I,2016-Dec14-1536-CN-Plate1-169.Raw,2016-dec14-1536-cn-plate1-169.raw,11.0,2-bromopyridine,Brc1ccccn1,t-BuBrettPhos,t-BuBrettPhos,CC(C)C1=CC(C(C)C)=CC(C(C)C)=C1C2=C(P(C(C)(C)C)C(C)(C)C)C(OC)=CC=C2OC,P2Et,CN(C)P(N(C)C)(N(C)C)=NP(N(C)C)(N(C)C)=NCC,,,,80.44006159,True,False,81798.76703,21688.18961,2.843725517
AHNEMAN_BH_P1_R09_C12,AHNEMAN_BH_ARYL_12,control,True,additive_free_control,1,1.0,9,12,/Volumes/Jupetit/rxnpredict/yield_data/plate1.1.csv,12:I,2016-Dec14-1536-CN-Plate1-185.Raw,2016-dec14-1536-cn-plate1-185.raw,12.0,2-iodopyridine,Ic1ccccn1,t-BuBrettPhos,t-BuBrettPhos,CC(C)C1=CC(C(C)C)=CC(C(C)C)=C1C2=C(P(C(C)(C)C)C(C)(C)C)C(OC)=CC=C2OC,P2Et,CN(C)P(N(C)C)(N(C)C)=NP(N(C)C)(N(C)C)=NCC,,,,73.90288444,True,False,77561.11989,22383.68679,2.843725517
AHNEMAN_BH_P1_R09_C13,AHNEMAN_BH_ARYL_13,control,True,additive_free_control,1,1.0,9,13,/Volumes/Jupetit/rxnpredict/yield_data/plate1.1.csv,13:I,2016-Dec14-1536-CN-Plate1-201.Raw,2016-dec14-1536-cn-plate1-201.raw,13.0,3-chloropyridine,Clc1cccnc1,t-BuBrettPhos,t-BuBrettPhos,CC(C)C1=CC(C(C)C)=CC(C(C)C)=C1C2=C(P(C(C)(C)C)C(C)(C)C)C(OC)=CC=C2OC,P2Et,CN(C)P(N(C)C)(N(C)C)=NP(N(C)C)(N(C)C)=NCC,,,,10.6093201,True,False,12893.07808,19815.55867,2.174082389
AHNEMAN_BH_P1_R09_C14,AHNEMAN_BH_ARYL_14,control,True,additive_free_control,1,1.0,9,14,/Volumes/Jupetit/rxnpredict/yield_data/plate1.1.csv,14:I,2016-Dec14-1536-CN-Plate1-217.Raw,2016-dec14-1536-cn-plate1-217.raw,14.0,3-bromopyridine,Brc1cccnc1,t-BuBrettPhos,t-BuBrettPhos,CC(C)C1=CC(C(C)C)=CC(C(C)C)=C1C2=C(P(C(C)(C)C)C(C)(C)C)C(OC)=CC=C2OC,P2Et,CN(C)P(N(C)C)(N(C)C)=NP(N(C)C)(N(C)C)=NCC,,,,47.24014126,True,False,62923.64246,21719.00516,2.174082389
AHNEMAN_BH_P1_R09_C15,AHNEMAN_BH_ARYL_15,control,True,additive_free_control,1,1.0,9,15,/Volumes/Jupetit/rxnpredict/yield_data/plate1.1.csv,15:I,2016-Dec14-1536-CN-Plate1-233.Raw,2016-dec14-1536-cn-plate1-233.raw,15.0,3-iodopyridine,Ic1cccnc1,t-BuBrettPhos,t-BuBrettPhos,CC(C)C1=CC(C(C)C)=CC(C(C)C)=C1C2=C(P(C(C)(C)C)C(C)(C)C)C(OC)=CC=C2OC,P2Et,CN(C)P(N(C)C)(N(C)C)=NP(N(C)C)(N(C)C)=NCC,,,,59.52653189,True,False,79655.56963,21819.40123,2.174082389
AHNEMAN_BH_P1_R09_C16,,control,True,blank_control,1,1.0,9,16,/Volumes/Jupetit/rxnpredict/yield_data/plate1.1.csv,16:I,2016-Dec14-1536-CN-Plate1-249.Raw,2016-dec14-1536-cn-plate1-249.raw,,,,t-BuBrettPhos,t-BuBrettPhos,CC(C)C1=CC(C(C)C)=CC(C(C)C)=C1C2=C(P(C(C)(C)C)C(C)(C)C)C(OC)=CC=C2OC,P2Et,CN(C)P(N(C)C)(N(C)C)=NP(N(C)C)(N(C)C)=NCC,,,,0.0,True,True,0.0,22272.93009,
AHNEMAN_BH_P1_R09_C17,AHNEMAN_BH_ARYL_01,control,True,additive_free_control,1,1.0,9,17,/Volumes/Jupetit/rxnpredict/yield_data/plate1.1.csv,17:I,2016-Dec14-1536-CN-Plate1-265.Raw,2016-dec14-1536-cn-plate1-265.raw,1.0,1-chloro-4-(trifluoromethyl)benzene,FC(F)(F)c1ccc(Cl)cc1,t-BuBrettPhos,t-BuBrettPhos,CC(C)C1=CC(C(C)C)=CC(C(C)C)=C1C2=C(P(C(C)(C)C)C(C)(C)C)C(OC)=CC=C2OC,BTMG,CN(C)/C(N(C)C)=N\C(C)(C)C,,,,34.71645259,True,False,97199.4784,21888.00708,1.042356705
AHNEMAN_BH_P1_R09_C18,AHNEMAN_BH_ARYL_02,control,True,additive_free_control,1,1.0,9,18,/Volumes/Jupetit/rxnpredict/yield_data/plate1.1.csv,18:I,2016-Dec14-1536-CN-Plate1-281.Raw,2016-dec14-1536-cn-plate1-281.raw,2.0,1-bromo-4-(trifluoromethyl)benzene,FC(F)(F)c1ccc(Br)cc1,t-BuBrettPhos,t-BuBrettPhos,CC(C)C1=CC(C(C)C)=CC(C(C)C)=C1C2=C(P(C(C)(C)C)C(C)(C)C)C(OC)=CC=C2OC,BTMG,CN(C)/C(N(C)C)=N\C(C)(C)C,,,,43.57302345,True,False,117672.6694,21112.29945,1.042356705
AHNEMAN_BH_P1_R09_C19,AHNEMAN_BH_ARYL_03,control,True,additive_free_control,1,1.0,9,19,/Volumes/Jupetit/rxnpredict/yield_data/plate1.1.csv,19:I,2016-Dec14-1536-CN-Plate1-297.Raw,2016-dec14-1536-cn-plate1-297.raw,3.0,1-iodo-4-(trifluoromethyl)benzene,FC(F)(F)c1ccc(I)cc1,t-BuBrettPhos,t-BuBrettPhos,CC(C)C1=CC(C(C)C)=CC(C(C)C)=C1C2=C(P(C(C)(C)C)C(C)(C)C)C(OC)=CC=C2OC,BTMG,CN(C)/C(N(C)C)=N\C(C)(C)C,,,,48.32439551,True,False,123891.3792,20042.51814,1.042356705
AHNEMAN_BH_P1_R09_C20,AHNEMAN_BH_ARYL_04,control,True,additive_free_control,1,1.0,9,20,/Volumes/Jupetit/rxnpredict/yield_data/plate1.1.csv,20:I,2016-Dec14-1536-CN-Plate1-313.Raw,2016-dec14-1536-cn-plate1-313.raw,4.0,1-chloro-4-methoxybenzene,COc1ccc(Cl)cc1,t-BuBrettPhos,t-BuBrettPhos,CC(C)C1=CC(C(C)C)=CC(C(C)C)=C1C2=C(P(C(C)(C)C)C(C)(C)C)C(OC)=CC=C2OC,BTMG,CN(C)/C(N(C)C)=N\C(C)(C)C,,,,0.607063773,True,False,1757.55121,20599.45349,0.948682226
AHNEMAN_BH_P1_R09_C21,AHNEMAN_BH_ARYL_05,control,True,additive_free_control,1,1.0,9,21,/Volumes/Jupetit/rxnpredict/yield_data/plate1.1.csv,21:I,2016-Dec14-1536-CN-Plate1-329.Raw,2016-dec14-1536-cn-plate1-329.raw,5.0,1-bromo-4-methoxybenzene,COc1ccc(Br)cc1,t-BuBrettPhos,t-BuBrettPhos,CC(C)C1=CC(C(C)C)=CC(C(C)C)=C1C2=C(P(C(C)(C)C)C(C)(C)C)C(OC)=CC=C2OC,BTMG,CN(C)/C(N(C)C)=N\C(C)(C)C,,,,28.83783854,True,False,125200.0443,30890.41933,0.948682226
AHNEMAN_BH_P1_R09_C22,AHNEMAN_BH_ARYL_06,control,True,additive_free_control,1,1.0,9,22,/Volumes/Jupetit/rxnpredict/yield_data/plate1.1.csv,22:I,2016-Dec14-1536-CN-Plate1-345.Raw,2016-dec14-1536-cn-plate1-345.raw,6.0,1-iodo-4-methoxybenzene,COc1ccc(I)cc1,t-BuBrettPhos,t-BuBrettPhos,CC(C)C1=CC(C(C)C)=CC(C(C)C)=C1C2=C(P(C(C)(C)C)C(C)(C)C)C(OC)=CC=C2OC,BTMG,CN(C)/C(N(C)C)=N\C(C)(C)C,,,,37.43255163,True,False,136506.9168,25947.00601,0.948682226
AHNEMAN_BH_P1_R09_C23,AHNEMAN_BH_ARYL_07,control,True,additive_free_control,1,1.0,9,23,/Volumes/Jupetit/rxnpredict/yield_data/plate1.1.csv,23:I,2016-Dec14-1536-CN-Plate1-361.Raw,2016-dec14-1536-cn-plate1-361.raw,7.0,1-chloro-4-ethylbenzene,CCc1ccc(Cl)cc1,t-BuBrettPhos,t-BuBrettPhos,CC(C)C1=CC(C(C)C)=CC(C(C)C)=C1C2=C(P(C(C)(C)C)C(C)(C)C)C(OC)=CC=C2OC,BTMG,CN(C)/C(N(C)C)=N\C(C)(C)C,,,,2.85991864,True,False,6409.19715,22481.1762,1.337543187
AHNEMAN_BH_P1_R09_C24,AHNEMAN_BH_ARYL_08,control,True,additive_free_control,1,1.0,9,24,/Volumes/Jupetit/rxnpredict/yield_data/plate1.1.csv,24:I,2016-Dec14-1536-CN-Plate1-377.Raw,2016-dec14-1536-cn-plate1-377.raw,8.0,1-bromo-4-ethylbenzene,CCc1ccc(Br)cc1,t-BuBrettPhos,t-BuBrettPhos,CC(C)C1=CC(C(C)C)=CC(C(C)C)=C1C2=C(P(C(C)(C)C)C(C)(C)C)C(OC)=CC=C2OC,BTMG,CN(C)/C(N(C)C)=N\C(C)(C)C,,,,70.01345936,True,False,137088.8076,19642.17334,1.337543187
AHNEMAN_BH_P1_R09_C25,AHNEMAN_BH_ARYL_09,control,True,additive_free_control,1,2.0,9,25,/Volumes/Jupetit/rxnpredict/yield_data/plate1.2.csv,1:I,2016-Dec14-1536-CN-Plate2-9.Raw,2016-dec14-1536-cn-plate2-9.raw,9.0,1-ethyl-4-iodobenzene,CCc1ccc(I)cc1,t-BuBrettPhos,t-BuBrettPhos,CC(C)C1=CC(C(C)C)=CC(C(C)C)=C1C2=C(P(C(C)(C)C)C(C)(C)C)C(OC)=CC=C2OC,BTMG,CN(C)/C(N(C)C)=N\C(C)(C)C,,,,78.088776,True,False,127214.3033,16342.42142,1.337543187
AHNEMAN_BH_P1_R09_C26,AHNEMAN_BH_ARYL_10,control,True,additive_free_control,1,2.0,9,26,/Volumes/Jupetit/rxnpredict/yield_data/plate1.2.csv,2:I,2016-Dec14-1536-CN-Plate2-25.Raw,2016-dec14-1536-cn-plate2-25.raw,10.0,2-chloropyridine,Clc1ccccn1,t-BuBrettPhos,t-BuBrettPhos,CC(C)C1=CC(C(C)C)=CC(C(C)C)=C1C2=C(P(C(C)(C)C)C(C)(C)C)C(OC)=CC=C2OC,BTMG,CN(C)/C(N(C)C)=N\C(C)(C)C,,,,70.19867654,True,False,65040.30845,19760.7128,2.843725517
AHNEMAN_BH_P1_R09_C27,AHNEMAN_BH_ARYL_11,control,True,additive_free_control,1,2.0,9,27,/Volumes/Jupetit/rxnpredict/yield_data/plate1.2.csv,3:I,2016-Dec14-1536-CN-Plate2-41.Raw,2016-dec14-1536-cn-plate2-41.raw,11.0,2-bromopyridine,Brc1ccccn1,t-BuBrettPhos,t-BuBrettPhos,CC(C)C1=CC(C(C)C)=CC(C(C)C)=C1C2=C(P(C(C)(C)C)C(C)(C)C)C(OC)=CC=C2OC,BTMG,CN(C)/C(N(C)C)=N\C(C)(C)C,,,,81.98080261,True,False,73511.68479,19124.63472,2.843725517
AHNEMAN_BH_P1_R09_C28,AHNEMAN_BH_ARYL_12,control,True,additive_free_control,1,2.0,9,28,/Volumes/Jupetit/rxnpredict/yield_data/plate1.2.csv,4:I,2016-Dec14-1536-CN-Plate2-57.Raw,2016-dec14-1536-cn-plate2-57.raw,12.0,2-iodopyridine,Ic1ccccn1,t-BuBrettPhos,t-BuBrettPhos,CC(C)C1=CC(C(C)C)=CC(C(C)C)=C1C2=C(P(C(C)(C)C)C(C)(C)C)C(OC)=CC=C2OC,BTMG,CN(C)/C(N(C)C)=N\C(C)(C)C,,,,85.25720997,True,False,75585.63727,18908.50101,2.843725517
AHNEMAN_BH_P1_R09_C29,AHNEMAN_BH_ARYL_13,control,True,additive_free_control,1,2.0,9,29,/Volumes/Jupetit/rxnpredict/yield_data/plate1.2.csv,5:I,2016-Dec14-1536-CN-Plate2-73.Raw,2016-dec14-1536-cn-plate2-73.raw,13.0,3-chloropyridine,Clc1cccnc1,t-BuBrettPhos,t-BuBrettPhos,CC(C)C1=CC(C(C)C)=CC(C(C)C)=C1C2=C(P(C(C)(C)C)C(C)(C)C)C(OC)=CC=C2OC,BTMG,CN(C)/C(N(C)C)=N\C(C)(C)C,,,,39.12894222,True,False,45696.41515,19042.38253,2.174082389
AHNEMAN_BH_P1_R09_C30,AHNEMAN_BH_ARYL_14,control,True,additive_free_control,1,2.0,9,30,/Volumes/Jupetit/rxnpredict/yield_data/plate1.2.csv,6:I,2016-Dec14-1536-CN-Plate2-89.Raw,2016-dec14-1536-cn-plate2-89.raw,14.0,3-bromopyridine,Brc1cccnc1,t-BuBrettPhos,t-BuBrettPhos,CC(C)C1=CC(C(C)C)=CC(C(C)C)=C1C2=C(P(C(C)(C)C)C(C)(C)C)C(OC)=CC=C2OC,BTMG,CN(C)/C(N(C)C)=N\C(C)(C)C,,,,76.74229373,True,False,85004.53514,18061.11603,2.174082389
AHNEMAN_BH_P1_R09_C31,AHNEMAN_BH_ARYL_15,control,True,additive_free_control,1,2.0,9,31,/Volumes/Jupetit/rxnpredict/yield_data/plate1.2.csv,7:I,2016-Dec14-1536-CN-Plate2-105.Raw,2016-dec14-1536-cn-plate2-105.raw,15.0,3-iodopyridine,Ic1cccnc1,t-BuBrettPhos,t-BuBrettPhos,CC(C)C1=CC(C(C)C)=CC(C(C)C)=C1C2=C(P(C(C)(C)C)C(C)(C)C)C(OC)=CC=C2OC,BTMG,CN(C)/C(N(C)C)=N\C(C)(C)C,,,,84.97992801,True,False,92483.72095,17745.41651,2.174082389
AHNEMAN_BH_P1_R09_C32,,control,True,blank_control,1,2.0,9,32,/Volumes/Jupetit/rxnpredict/yield_data/plate1.2.csv,8:I,2016-Dec14-1536-CN-Plate2-121.Raw,2016-dec14-1536-cn-plate2-121.raw,,,,t-BuBrettPhos,t-BuBrettPhos,CC(C)C1=CC(C(C)C)=CC(C(C)C)=C1C2=C(P(C(C)(C)C)C(C)(C)C)C(OC)=CC=C2OC,BTMG,CN(C)/C(N(C)C)=N\C(C)(C)C,,,,0.0,True,True,,19263.85494,
AHNEMAN_BH_P1_R09_C33,AHNEMAN_BH_ARYL_01,control,True,additive_free_control,1,2.0,9,33,/Volumes/Jupetit/rxnpredict/yield_data/plate1.2.csv,9:I,2016-Dec14-1536-CN-Plate2-137.Raw,2016-dec14-1536-cn-plate2-137.raw,1.0,1-chloro-4-(trifluoromethyl)benzene,FC(F)(F)c1ccc(Cl)cc1,t-BuBrettPhos,t-BuBrettPhos,CC(C)C1=CC(C(C)C)=CC(C(C)C)=C1C2=C(P(C(C)(C)C)C(C)(C)C)C(OC)=CC=C2OC,MTBD,CN1CCCN2CCCN=C12,,,,33.61043599,True,False,78322.55319,18217.56459,1.042356705
AHNEMAN_BH_P1_R09_C34,AHNEMAN_BH_ARYL_02,control,True,additive_free_control,1,2.0,9,34,/Volumes/Jupetit/rxnpredict/yield_data/plate1.2.csv,10:I,2016-Dec14-1536-CN-Plate2-153.Raw,2016-dec14-1536-cn-plate2-153.raw,2.0,1-bromo-4-(trifluoromethyl)benzene,FC(F)(F)c1ccc(Br)cc1,t-BuBrettPhos,t-BuBrettPhos,CC(C)C1=CC(C(C)C)=CC(C(C)C)=C1C2=C(P(C(C)(C)C)C(C)(C)C)C(OC)=CC=C2OC,MTBD,CN1CCCN2CCCN=C12,,,,49.6136763,True,False,117334.8886,18488.57266,1.042356705
AHNEMAN_BH_P1_R09_C35,AHNEMAN_BH_ARYL_03,control,True,additive_free_control,1,2.0,9,35,/Volumes/Jupetit/rxnpredict/yield_data/plate1.2.csv,11:I,2016-Dec14-1536-CN-Plate2-169.Raw,2016-dec14-1536-cn-plate2-169.raw,3.0,1-iodo-4-(trifluoromethyl)benzene,FC(F)(F)c1ccc(I)cc1,t-BuBrettPhos,t-BuBrettPhos,CC(C)C1=CC(C(C)C)=CC(C(C)C)=C1C2=C(P(C(C)(C)C)C(C)(C)C)C(OC)=CC=C2OC,MTBD,CN1CCCN2CCCN=C12,,,,47.45149232,True,False,113915.9686,18767.75648,1.042356705
AHNEMAN_BH_P1_R09_C36,AHNEMAN_BH_ARYL_04,control,True,additive_free_control,1,2.0,9,36,/Volumes/Jupetit/rxnpredict/yield_data/plate1.2.csv,12:I,2016-Dec14-1536-CN-Plate2-185.Raw,2016-dec14-1536-cn-plate2-185.raw,4.0,1-chloro-4-methoxybenzene,COc1ccc(Cl)cc1,t-BuBrettPhos,t-BuBrettPhos,CC(C)C1=CC(C(C)C)=CC(C(C)C)=C1C2=C(P(C(C)(C)C)C(C)(C)C)C(OC)=CC=C2OC,MTBD,CN1CCCN2CCCN=C12,,,,0.928544459,True,False,2524.70661,19345.95805,0.948682226
AHNEMAN_BH_P1_R09_C37,AHNEMAN_BH_ARYL_05,control,True,additive_free_control,1,2.0,9,37,/Volumes/Jupetit/rxnpredict/yield_data/plate1.2.csv,13:I,2016-Dec14-1536-CN-Plate2-201.Raw,2016-dec14-1536-cn-plate2-201.raw,5.0,1-bromo-4-methoxybenzene,COc1ccc(Br)cc1,t-BuBrettPhos,t-BuBrettPhos,CC(C)C1=CC(C(C)C)=CC(C(C)C)=C1C2=C(P(C(C)(C)C)C(C)(C)C)C(OC)=CC=C2OC,MTBD,CN1CCCN2CCCN=C12,,,,31.04337853,True,False,139421.1735,31955.2177,0.948682226
AHNEMAN_BH_P1_R09_C38,AHNEMAN_BH_ARYL_06,control,True,additive_free_control,1,2.0,9,38,/Volumes/Jupetit/rxnpredict/yield_data/plate1.2.csv,14:I,2016-Dec14-1536-CN-Plate2-217.Raw,2016-dec14-1536-cn-plate2-217.raw,6.0,1-iodo-4-methoxybenzene,COc1ccc(I)cc1,t-BuBrettPhos,t-BuBrettPhos,CC(C)C1=CC(C(C)C)=CC(C(C)C)=C1C2=C(P(C(C)(C)C)C(C)(C)C)C(OC)=CC=C2OC,MTBD,CN1CCCN2CCCN=C12,,,,43.13871983,True,False,142487.0036,23501.19943,0.948682226
AHNEMAN_BH_P1_R09_C39,AHNEMAN_BH_ARYL_07,control,True,additive_free_control,1,2.0,9,39,/Volumes/Jupetit/rxnpredict/yield_data/plate1.2.csv,15:I,2016-Dec14-1536-CN-Plate2-233.Raw,2016-dec14-1536-cn-plate2-233.raw,7.0,1-chloro-4-ethylbenzene,CCc1ccc(Cl)cc1,t-BuBrettPhos,t-BuBrettPhos,CC(C)C1=CC(C(C)C)=CC(C(C)C)=C1C2=C(P(C(C)(C)C)C(C)(C)C)C(OC)=CC=C2OC,MTBD,CN1CCCN2CCCN=C12,,,,0.0,True,True,0.0,18064.83707,1.337543187
AHNEMAN_BH_P1_R09_C40,AHNEMAN_BH_ARYL_08,control,True,additive_free_control,1,2.0,9,40,/Volumes/Jupetit/rxnpredict/yield_data/plate1.2.csv,16:I,2016-Dec14-1536-CN-Plate2-249.Raw,2016-dec14-1536-cn-plate2-249.raw,8.0,1-bromo-4-ethylbenzene,CCc1ccc(Br)cc1,t-BuBrettPhos,t-BuBrettPhos,CC(C)C1=CC(C(C)C)=CC(C(C)C)=C1C2=C(P(C(C)(C)C)C(C)(C)C)C(OC)=CC=C2OC,MTBD,CN1CCCN2CCCN=C12,,,,81.91726557,True,False,147502.7893,18063.16558,1.337543187
AHNEMAN_BH_P1_R09_C41,AHNEMAN_BH_ARYL_09,control,True,additive_free_control,1,2.0,9,41,/Volumes/Jupetit/rxnpredict/yield_data/plate1.2.csv,17:I,2016-Dec14-1536-CN-Plate2-265.Raw,2016-dec14-1536-cn-plate2-265.raw,9.0,1-ethyl-4-iodobenzene,CCc1ccc(I)cc1,t-BuBrettPhos,t-BuBrettPhos,CC(C)C1=CC(C(C)C)=CC(C(C)C)=C1C2=C(P(C(C)(C)C)C(C)(C)C)C(OC)=CC=C2OC,MTBD,CN1CCCN2CCCN=C12,,,,84.29748871,True,False,152375.0766,18132.94637,1.337543187
AHNEMAN_BH_P1_R09_C42,AHNEMAN_BH_ARYL_10,control,True,additive_free_control,1,2.0,9,42,/Volumes/Jupetit/rxnpredict/yield_data/plate1.2.csv,18:I,2016-Dec14-1536-CN-Plate2-281.Raw,2016-dec14-1536-cn-plate2-281.raw,10.0,2-chloropyridine,Clc1ccccn1,t-BuBrettPhos,t-BuBrettPhos,CC(C)C1=CC(C(C)C)=CC(C(C)C)=C1C2=C(P(C(C)(C)C)C(C)(C)C)C(OC)=CC=C2OC,MTBD,CN1CCCN2CCCN=C12,,,,86.21497352,True,False,72219.38275,17865.69895,2.843725517
AHNEMAN_BH_P1_R09_C43,AHNEMAN_BH_ARYL_11,control,True,additive_free_control,1,2.0,9,43,/Volumes/Jupetit/rxnpredict/yield_data/plate1.2.csv,19:I,2016-Dec14-1536-CN-Plate2-297.Raw,2016-dec14-1536-cn-plate2-297.raw,11.0,2-bromopyridine,Brc1ccccn1,t-BuBrettPhos,t-BuBrettPhos,CC(C)C1=CC(C(C)C)=CC(C(C)C)=C1C2=C(P(C(C)(C)C)C(C)(C)C)C(OC)=CC=C2OC,MTBD,CN1CCCN2CCCN=C12,,,,92.93093214,True,False,78030.21925,17908.18088,2.843725517
AHNEMAN_BH_P1_R09_C44,AHNEMAN_BH_ARYL_12,control,True,additive_free_control,1,2.0,9,44,/Volumes/Jupetit/rxnpredict/yield_data/plate1.2.csv,20:I,2016-Dec14-1536-CN-Plate2-313.Raw,2016-dec14-1536-cn-plate2-313.raw,12.0,2-iodopyridine,Ic1ccccn1,t-BuBrettPhos,t-BuBrettPhos,CC(C)C1=CC(C(C)C)=CC(C(C)C)=C1C2=C(P(C(C)(C)C)C(C)(C)C)C(OC)=CC=C2OC,MTBD,CN1CCCN2CCCN=C12,,,,98.03384571,True,False,80082.55201,17422.51324,2.843725517
AHNEMAN_BH_P1_R09_C45,AHNEMAN_BH_ARYL_13,control,True,additive_free_control,1,2.0,9,45,/Volumes/Jupetit/rxnpredict/yield_data/plate1.2.csv,21:I,2016-Dec14-1536-CN-Plate2-329.Raw,2016-dec14-1536-cn-plate2-329.raw,13.0,3-chloropyridine,Clc1cccnc1,t-BuBrettPhos,t-BuBrettPhos,CC(C)C1=CC(C(C)C)=CC(C(C)C)=C1C2=C(P(C(C)(C)C)C(C)(C)C)C(OC)=CC=C2OC,MTBD,CN1CCCN2CCCN=C12,,,,43.93331318,True,False,47470.19269,17618.31213,2.174082389
AHNEMAN_BH_P1_R09_C46,AHNEMAN_BH_ARYL_14,control,True,additive_free_control,1,2.0,9,46,/Volumes/Jupetit/rxnpredict/yield_data/plate1.2.csv,22:I,2016-Dec14-1536-CN-Plate2-345.Raw,2016-dec14-1536-cn-plate2-345.raw,14.0,3-bromopyridine,Brc1cccnc1,t-BuBrettPhos,t-BuBrettPhos,CC(C)C1=CC(C(C)C)=CC(C(C)C)=C1C2=C(P(C(C)(C)C)C(C)(C)C)C(OC)=CC=C2OC,MTBD,CN1CCCN2CCCN=C12,,,,94.93580173,True,False,97363.07717,16722.51255,2.174082389
AHNEMAN_BH_P1_R09_C47,AHNEMAN_BH_ARYL_15,control,True,additive_free_control,1,2.0,9,47,/Volumes/Jupetit/rxnpredict/yield_data/plate1.2.csv,23:I,2016-Dec14-1536-CN-Plate2-361.Raw,2016-dec14-1536-cn-plate2-361.raw,15.0,3-iodopyridine,Ic1cccnc1,t-BuBrettPhos,t-BuBrettPhos,CC(C)C1=CC(C(C)C)=CC(C(C)C)=C1C2=C(P(C(C)(C)C)C(C)(C)C)C(OC)=CC=C2OC,MTBD,CN1CCCN2CCCN=C12,,,,96.14798667,True,False,91739.02439,15557.90747,2.174082389
AHNEMAN_BH_P1_R09_C48,,control,True,blank_control,1,2.0,9,48,/Volumes/Jupetit/rxnpredict/yield_data/plate1.2.csv,24:I,2016-Dec14-1536-CN-Plate2-377.Raw,2016-dec14-1536-cn-plate2-377.raw,,,,t-BuBrettPhos,t-BuBrettPhos,CC(C)C1=CC(C(C)C)=CC(C(C)C)=C1C2=C(P(C(C)(C)C)C(C)(C)C)C(OC)=CC=C2OC,MTBD,CN1CCCN2CCCN=C12,,,,0.0,True,True,,15670.10067,
AHNEMAN_BH_P1_R10_C16,,control,True,aryl_halide_free_control,1,1.0,10,16,/Volumes/Jupetit/rxnpredict/yield_data/plate1.1.csv,16:J,2016-Dec14-1536-CN-Plate1-250.Raw,2016-dec14-1536-cn-plate1-250.raw,,,,t-BuBrettPhos,t-BuBrettPhos,CC(C)C1=CC(C(C)C)=CC(C(C)C)=C1C2=C(P(C(C)(C)C)C(C)(C)C)C(OC)=CC=C2OC,P2Et,CN(C)P(N(C)C)(N(C)C)=NP(N(C)C)(N(C)C)=NCC,2.0,5-phenylisoxazole,o1nccc1c2ccccc2,0.0,True,True,0.0,22965.83277,
AHNEMAN_BH_P1_R10_C32,,control,True,aryl_halide_free_control,1,2.0,10,32,/Volumes/Jupetit/rxnpredict/yield_data/plate1.2.csv,8:J,2016-Dec14-1536-CN-Plate2-122.Raw,2016-dec14-1536-cn-plate2-122.raw,,,,t-BuBrettPhos,t-BuBrettPhos,CC(C)C1=CC(C(C)C)=CC(C(C)C)=C1C2=C(P(C(C)(C)C)C(C)(C)C)C(OC)=CC=C2OC,BTMG,CN(C)/C(N(C)C)=N\C(C)(C)C,2.0,5-phenylisoxazole,o1nccc1c2ccccc2,0.0,True,True,,20628.57444,
AHNEMAN_BH_P1_R10_C48,,control,True,aryl_halide_free_control,1,2.0,10,48,/Volumes/Jupetit/rxnpredict/yield_data/plate1.2.csv,24:J,2016-Dec14-1536-CN-Plate2-378.Raw,2016-dec14-1536-cn-plate2-378.raw,,,,t-BuBrettPhos,t-BuBrettPhos,CC(C)C1=CC(C(C)C)=CC(C(C)C)=C1C2=C(P(C(C)(C)C)C(C)(C)C)C(OC)=CC=C2OC,MTBD,CN1CCCN2CCCN=C12,2.0,5-phenylisoxazole,o1nccc1c2ccccc2,0.0,True,True,,15944.44526,
AHNEMAN_BH_P1_R11_C16,,control,True,aryl_halide_free_control,1,1.0,11,16,/Volumes/Jupetit/rxnpredict/yield_data/plate1.1.csv,16:K,2016-Dec14-1536-CN-Plate1-251.Raw,2016-dec14-1536-cn-plate1-251.raw,,,,t-BuBrettPhos,t-BuBrettPhos,CC(C)C1=CC(C(C)C)=CC(C(C)C)=C1C2=C(P(C(C)(C)C)C(C)(C)C)C(OC)=CC=C2OC,P2Et,CN(C)P(N(C)C)(N(C)C)=NP(N(C)C)(N(C)C)=NCC,4.0,ethyl-3-methylisoxazole-5-carboxylate,CCOC(=O)c1onc(C)c1,0.0,True,True,0.0,22712.1312,
AHNEMAN_BH_P1_R11_C32,,control,True,aryl_halide_free_control,1,2.0,11,32,/Volumes/Jupetit/rxnpredict/yield_data/plate1.2.csv,8:K,2016-Dec14-1536-CN-Plate2-123.Raw,2016-dec14-1536-cn-plate2-123.raw,,,,t-BuBrettPhos,t-BuBrettPhos,CC(C)C1=CC(C(C)C)=CC(C(C)C)=C1C2=C(P(C(C)(C)C)C(C)(C)C)C(OC)=CC=C2OC,BTMG,CN(C)/C(N(C)C)=N\C(C)(C)C,4.0,ethyl-3-methylisoxazole-5-carboxylate,CCOC(=O)c1onc(C)c1,0.0,True,True,,19547.22442,
AHNEMAN_BH_P1_R11_C48,,control,True,aryl_halide_free_control,1,2.0,11,48,/Volumes/Jupetit/rxnpredict/yield_data/plate1.2.csv,24:K,2016-Dec14-1536-CN-Plate2-379.Raw,2016-dec14-1536-cn-plate2-379.raw,,,,t-BuBrettPhos,t-BuBrettPhos,CC(C)C1=CC(C(C)C)=CC(C(C)C)=C1C2=C(P(C(C)(C)C)C(C)(C)C)C(OC)=CC=C2OC,MTBD,CN1CCCN2CCCN=C12,4.0,ethyl-3-methylisoxazole-5-carboxylate,CCOC(=O)c1onc(C)c1,0.0,True,True,,15625.67439,
AHNEMAN_BH_P1_R12_C16,,control,True,aryl_halide_free_control,1,1.0,12,16,/Volumes/Jupetit/rxnpredict/yield_data/plate1.1.csv,16:L,2016-Dec14-1536-CN-Plate1-252.Raw,2016-dec14-1536-cn-plate1-252.raw,,,,t-BuBrettPhos,t-BuBrettPhos,CC(C)C1=CC(C(C)C)=CC(C(C)C)=C1C2=C(P(C(C)(C)C)C(C)(C)C)C(OC)=CC=C2OC,P2Et,CN(C)P(N(C)C)(N(C)C)=NP(N(C)C)(N(C)C)=NCC,6.0,ethyl-5-methylisoxazole-3-carboxylate,CCOC(=O)c1cc(C)on1,0.0,True,True,0.0,23297.30168,
AHNEMAN_BH_P1_R12_C32,,control,True,aryl_halide_free_control,1,2.0,12,32,/Volumes/Jupetit/rxnpredict/yield_data/plate1.2.csv,8:L,2016-Dec14-1536-CN-Plate2-124.Raw,2016-dec14-1536-cn-plate2-124.raw,,,,t-BuBrettPhos,t-BuBrettPhos,CC(C)C1=CC(C(C)C)=CC(C(C)C)=C1C2=C(P(C(C)(C)C)C(C)(C)C)C(OC)=CC=C2OC,BTMG,CN(C)/C(N(C)C)=N\C(C)(C)C,6.0,ethyl-5-methylisoxazole-3-carboxylate,CCOC(=O)c1cc(C)on1,0.0,True,True,,19165.01567,
AHNEMAN_BH_P1_R12_C48,,control,True,aryl_halide_free_control,1,2.0,12,48,/Volumes/Jupetit/rxnpredict/yield_data/plate1.2.csv,24:L,2016-Dec14-1536-CN-Plate2-380.Raw,2016-dec14-1536-cn-plate2-380.raw,,,,t-BuBrettPhos,t-BuBrettPhos,CC(C)C1=CC(C(C)C)=CC(C(C)C)=C1C2=C(P(C(C)(C)C)C(C)(C)C)C(OC)=CC=C2OC,MTBD,CN1CCCN2CCCN=C12,6.0,ethyl-5-methylisoxazole-3-carboxylate,CCOC(=O)c1cc(C)on1,0.0,True,True,,15404.60532,
AHNEMAN_BH_P1_R13_C01,AHNEMAN_BH_ARYL_01,control,True,additive_free_control,1,1.0,13,1,/Volumes/Jupetit/rxnpredict/yield_data/plate1.1.csv,1:M,2016-Dec14-1536-CN-Plate1-13.Raw,2016-dec14-1536-cn-plate1-13.raw,1.0,1-chloro-4-(trifluoromethyl)benzene,FC(F)(F)c1ccc(Cl)cc1,AdBrettPhos,AdBrettPhos,CC(C1=C(C2=C(OC)C=CC(OC)=C2P(C34CC5CC(C4)CC(C5)C3)C67CC8CC(C7)CC(C8)C6)C(C(C)C)=CC(C(C)C)=C1)C,P2Et,CN(C)P(N(C)C)(N(C)C)=NP(N(C)C)(N(C)C)=NCC,,,,5.328990286,True,False,10288.59958,15093.46543,1.042356705
AHNEMAN_BH_P1_R13_C02,AHNEMAN_BH_ARYL_02,control,True,additive_free_control,1,1.0,13,2,/Volumes/Jupetit/rxnpredict/yield_data/plate1.1.csv,2:M,2016-Dec14-1536-CN-Plate1-29.Raw,2016-dec14-1536-cn-plate1-29.raw,2.0,1-bromo-4-(trifluoromethyl)benzene,FC(F)(F)c1ccc(Br)cc1,AdBrettPhos,AdBrettPhos,CC(C1=C(C2=C(OC)C=CC(OC)=C2P(C34CC5CC(C4)CC(C5)C3)C67CC8CC(C7)CC(C8)C6)C(C(C)C)=CC(C(C)C)=C1)C,P2Et,CN(C)P(N(C)C)(N(C)C)=NP(N(C)C)(N(C)C)=NCC,,,,35.45025708,True,False,77980.77356,17196.72624,1.042356705
AHNEMAN_BH_P1_R13_C03,AHNEMAN_BH_ARYL_03,control,True,additive_free_control,1,1.0,13,3,/Volumes/Jupetit/rxnpredict/yield_data/plate1.1.csv,3:M,2016-Dec14-1536-CN-Plate1-45.Raw,2016-dec14-1536-cn-plate1-45.raw,3.0,1-iodo-4-(trifluoromethyl)benzene,FC(F)(F)c1ccc(I)cc1,AdBrettPhos,AdBrettPhos,CC(C1=C(C2=C(OC)C=CC(OC)=C2P(C34CC5CC(C4)CC(C5)C3)C67CC8CC(C7)CC(C8)C6)C(C(C)C)=CC(C(C)C)=C1)C,P2Et,CN(C)P(N(C)C)(N(C)C)=NP(N(C)C)(N(C)C)=NCC,,,,41.3324865,True,False,89740.24426,16973.57573,1.042356705
AHNEMAN_BH_P1_R13_C04,AHNEMAN_BH_ARYL_04,control,True,additive_free_control,1,1.0,13,4,/Volumes/Jupetit/rxnpredict/yield_data/plate1.1.csv,4:M,2016-Dec14-1536-CN-Plate1-61.Raw,2016-dec14-1536-cn-plate1-61.raw,4.0,1-chloro-4-methoxybenzene,COc1ccc(Cl)cc1,AdBrettPhos,AdBrettPhos,CC(C1=C(C2=C(OC)C=CC(OC)=C2P(C34CC5CC(C4)CC(C5)C3)C67CC8CC(C7)CC(C8)C6)C(C(C)C)=CC(C(C)C)=C1)C,P2Et,CN(C)P(N(C)C)(N(C)C)=NP(N(C)C)(N(C)C)=NCC,,,,0.843582648,True,False,2281.08747,19239.61282,0.948682226
AHNEMAN_BH_P1_R13_C05,AHNEMAN_BH_ARYL_05,control,True,additive_free_control,1,1.0,13,5,/Volumes/Jupetit/rxnpredict/yield_data/plate1.1.csv,5:M,2016-Dec14-1536-CN-Plate1-77.Raw,2016-dec14-1536-cn-plate1-77.raw,5.0,1-bromo-4-methoxybenzene,COc1ccc(Br)cc1,AdBrettPhos,AdBrettPhos,CC(C1=C(C2=C(OC)C=CC(OC)=C2P(C34CC5CC(C4)CC(C5)C3)C67CC8CC(C7)CC(C8)C6)C(C(C)C)=CC(C(C)C)=C1)C,P2Et,CN(C)P(N(C)C)(N(C)C)=NP(N(C)C)(N(C)C)=NCC,,,,51.8998046,True,False,123974.377,16996.05935,0.948682226
AHNEMAN_BH_P1_R13_C06,AHNEMAN_BH_ARYL_06,control,True,additive_free_control,1,1.0,13,6,/Volumes/Jupetit/rxnpredict/yield_data/plate1.1.csv,6:M,2016-Dec14-1536-CN-Plate1-93.Raw,2016-dec14-1536-cn-plate1-93.raw,6.0,1-iodo-4-methoxybenzene,COc1ccc(I)cc1,AdBrettPhos,AdBrettPhos,CC(C1=C(C2=C(OC)C=CC(OC)=C2P(C34CC5CC(C4)CC(C5)C3)C67CC8CC(C7)CC(C8)C6)C(C(C)C)=CC(C(C)C)=C1)C,P2Et,CN(C)P(N(C)C)(N(C)C)=NP(N(C)C)(N(C)C)=NCC,,,,57.85145251,True,False,129289.0632,15901.18712,0.948682226
AHNEMAN_BH_P1_R13_C07,AHNEMAN_BH_ARYL_07,control,True,additive_free_control,1,1.0,13,7,/Volumes/Jupetit/rxnpredict/yield_data/plate1.1.csv,7:M,2016-Dec14-1536-CN-Plate1-109.Raw,2016-dec14-1536-cn-plate1-109.raw,7.0,1-chloro-4-ethylbenzene,CCc1ccc(Cl)cc1,AdBrettPhos,AdBrettPhos,CC(C1=C(C2=C(OC)C=CC(OC)=C2P(C34CC5CC(C4)CC(C5)C3)C67CC8CC(C7)CC(C8)C6)C(C(C)C)=CC(C(C)C)=C1)C,P2Et,CN(C)P(N(C)C)(N(C)C)=NP(N(C)C)(N(C)C)=NCC,,,,5.746329101,True,False,10561.10328,18436.89879,1.337543187
AHNEMAN_BH_P1_R13_C08,AHNEMAN_BH_ARYL_08,control,True,additive_free_control,1,1.0,13,8,/Volumes/Jupetit/rxnpredict/yield_data/plate1.1.csv,8:M,2016-Dec14-1536-CN-Plate1-125.Raw,2016-dec14-1536-cn-plate1-125.raw,8.0,1-bromo-4-ethylbenzene,CCc1ccc(Br)cc1,AdBrettPhos,AdBrettPhos,CC(C1=C(C2=C(OC)C=CC(OC)=C2P(C34CC5CC(C4)CC(C5)C3)C67CC8CC(C7)CC(C8)C6)C(C(C)C)=CC(C(C)C)=C1)C,P2Et,CN(C)P(N(C)C)(N(C)C)=NP(N(C)C)(N(C)C)=NCC,,,,79.76430493,True,False,142779.0327,17956.63385,1.337543187
AHNEMAN_BH_P1_R13_C09,AHNEMAN_BH_ARYL_09,control,True,additive_free_control,1,1.0,13,9,/Volumes/Jupetit/rxnpredict/yield_data/plate1.1.csv,9:M,2016-Dec14-1536-CN-Plate1-141.Raw,2016-dec14-1536-cn-plate1-141.raw,9.0,1-ethyl-4-iodobenzene,CCc1ccc(I)cc1,AdBrettPhos,AdBrettPhos,CC(C1=C(C2=C(OC)C=CC(OC)=C2P(C34CC5CC(C4)CC(C5)C3)C67CC8CC(C7)CC(C8)C6)C(C(C)C)=CC(C(C)C)=C1)C,P2Et,CN(C)P(N(C)C)(N(C)C)=NP(N(C)C)(N(C)C)=NCC,,,,71.75951053,True,False,145906.2387,20396.86734,1.337543187
AHNEMAN_BH_P1_R13_C10,AHNEMAN_BH_ARYL_10,control,True,additive_free_control,1,1.0,13,10,/Volumes/Jupetit/rxnpredict/yield_data/plate1.1.csv,10:M,2016-Dec14-1536-CN-Plate1-157.Raw,2016-dec14-1536-cn-plate1-157.raw,10.0,2-chloropyridine,Clc1ccccn1,AdBrettPhos,AdBrettPhos,CC(C1=C(C2=C(OC)C=CC(OC)=C2P(C34CC5CC(C4)CC(C5)C3)C67CC8CC(C7)CC(C8)C6)C(C(C)C)=CC(C(C)C)=C1)C,P2Et,CN(C)P(N(C)C)(N(C)C)=NP(N(C)C)(N(C)C)=NCC,,,,66.51488049,True,False,62480.23562,20034.23584,2.843725517
AHNEMAN_BH_P1_R13_C11,AHNEMAN_BH_ARYL_11,control,True,additive_free_control,1,1.0,13,11,/Volumes/Jupetit/rxnpredict/yield_data/plate1.1.csv,11:M,2016-Dec14-1536-CN-Plate1-173.Raw,2016-dec14-1536-cn-plate1-173.raw,11.0,2-bromopyridine,Brc1ccccn1,AdBrettPhos,AdBrettPhos,CC(C1=C(C2=C(OC)C=CC(OC)=C2P(C34CC5CC(C4)CC(C5)C3)C67CC8CC(C7)CC(C8)C6)C(C(C)C)=CC(C(C)C)=C1)C,P2Et,CN(C)P(N(C)C)(N(C)C)=NP(N(C)C)(N(C)C)=NCC,,,,73.25828596,True,False,75290.57591,21919.60907,2.843725517
AHNEMAN_BH_P1_R13_C12,AHNEMAN_BH_ARYL_12,control,True,additive_free_control,1,1.0,13,12,/Volumes/Jupetit/rxnpredict/yield_data/plate1.1.csv,12:M,2016-Dec14-1536-CN-Plate1-189.Raw,2016-dec14-1536-cn-plate1-189.raw,12.0,2-iodopyridine,Ic1ccccn1,AdBrettPhos,AdBrettPhos,CC(C1=C(C2=C(OC)C=CC(OC)=C2P(C34CC5CC(C4)CC(C5)C3)C67CC8CC(C7)CC(C8)C6)C(C(C)C)=CC(C(C)C)=C1)C,P2Et,CN(C)P(N(C)C)(N(C)C)=NP(N(C)C)(N(C)C)=NCC,,,,76.19293385,True,False,72067.78313,20173.22836,2.843725517
AHNEMAN_BH_P1_R13_C13,AHNEMAN_BH_ARYL_13,control,True,additive_free_control,1,1.0,13,13,/Volumes/Jupetit/rxnpredict/yield_data/plate1.1.csv,13:M,2016-Dec14-1536-CN-Plate1-205.Raw,2016-dec14-1536-cn-plate1-205.raw,13.0,3-chloropyridine,Clc1cccnc1,AdBrettPhos,AdBrettPhos,CC(C1=C(C2=C(OC)C=CC(OC)=C2P(C34CC5CC(C4)CC(C5)C3)C67CC8CC(C7)CC(C8)C6)C(C(C)C)=CC(C(C)C)=C1)C,P2Et,CN(C)P(N(C)C)(N(C)C)=NP(N(C)C)(N(C)C)=NCC,,,,17.91828542,True,False,23217.32768,21127.73992,2.174082389
AHNEMAN_BH_P1_R13_C14,AHNEMAN_BH_ARYL_14,control,True,additive_free_control,1,1.0,13,14,/Volumes/Jupetit/rxnpredict/yield_data/plate1.1.csv,14:M,2016-Dec14-1536-CN-Plate1-221.Raw,2016-dec14-1536-cn-plate1-221.raw,14.0,3-bromopyridine,Brc1cccnc1,AdBrettPhos,AdBrettPhos,CC(C1=C(C2=C(OC)C=CC(OC)=C2P(C34CC5CC(C4)CC(C5)C3)C67CC8CC(C7)CC(C8)C6)C(C(C)C)=CC(C(C)C)=C1)C,P2Et,CN(C)P(N(C)C)(N(C)C)=NP(N(C)C)(N(C)C)=NCC,,,,57.18359642,True,False,75947.07883,21655.93154,2.174082389
AHNEMAN_BH_P1_R13_C15,AHNEMAN_BH_ARYL_15,control,True,additive_free_control,1,1.0,13,15,/Volumes/Jupetit/rxnpredict/yield_data/plate1.1.csv,15:M,2016-Dec14-1536-CN-Plate1-237.Raw,2016-dec14-1536-cn-plate1-237.raw,15.0,3-iodopyridine,Ic1cccnc1,AdBrettPhos,AdBrettPhos,CC(C1=C(C2=C(OC)C=CC(OC)=C2P(C34CC5CC(C4)CC(C5)C3)C67CC8CC(C7)CC(C8)C6)C(C(C)C)=CC(C(C)C)=C1)C,P2Et,CN(C)P(N(C)C)(N(C)C)=NP(N(C)C)(N(C)C)=NCC,,,,68.68894553,True,False,89171.49799,21167.8366,2.174082389
AHNEMAN_BH_P1_R13_C16,,control,True,blank_control,1,1.0,13,16,/Volumes/Jupetit/rxnpredict/yield_data/plate1.1.csv,16:M,2016-Dec14-1536-CN-Plate1-253.Raw,2016-dec14-1536-cn-plate1-253.raw,,,,AdBrettPhos,AdBrettPhos,CC(C1=C(C2=C(OC)C=CC(OC)=C2P(C34CC5CC(C4)CC(C5)C3)C67CC8CC(C7)CC(C8)C6)C(C(C)C)=CC(C(C)C)=C1)C,P2Et,CN(C)P(N(C)C)(N(C)C)=NP(N(C)C)(N(C)C)=NCC,,,,0.0,True,True,0.0,22251.13355,
AHNEMAN_BH_P1_R13_C17,AHNEMAN_BH_ARYL_01,control,True,additive_free_control,1,1.0,13,17,/Volumes/Jupetit/rxnpredict/yield_data/plate1.1.csv,17:M,2016-Dec14-1536-CN-Plate1-269.Raw,2016-dec14-1536-cn-plate1-269.raw,1.0,1-chloro-4-(trifluoromethyl)benzene,FC(F)(F)c1ccc(Cl)cc1,AdBrettPhos,AdBrettPhos,CC(C1=C(C2=C(OC)C=CC(OC)=C2P(C34CC5CC(C4)CC(C5)C3)C67CC8CC(C7)CC(C8)C6)C(C(C)C)=CC(C(C)C)=C1)C,BTMG,CN(C)/C(N(C)C)=N\C(C)(C)C,,,,25.1420837,True,False,67886.473,21108.60852,1.042356705
AHNEMAN_BH_P1_R13_C18,AHNEMAN_BH_ARYL_02,control,True,additive_free_control,1,1.0,13,18,/Volumes/Jupetit/rxnpredict/yield_data/plate1.1.csv,18:M,2016-Dec14-1536-CN-Plate1-285.Raw,2016-dec14-1536-cn-plate1-285.raw,2.0,1-bromo-4-(trifluoromethyl)benzene,FC(F)(F)c1ccc(Br)cc1,AdBrettPhos,AdBrettPhos,CC(C1=C(C2=C(OC)C=CC(OC)=C2P(C34CC5CC(C4)CC(C5)C3)C67CC8CC(C7)CC(C8)C6)C(C(C)C)=CC(C(C)C)=C1)C,BTMG,CN(C)/C(N(C)C)=N\C(C)(C)C,,,,40.99109313,True,False,104844.7911,19995.62513,1.042356705
AHNEMAN_BH_P1_R13_C19,AHNEMAN_BH_ARYL_03,control,True,additive_free_control,1,1.0,13,19,/Volumes/Jupetit/rxnpredict/yield_data/plate1.1.csv,19:M,2016-Dec14-1536-CN-Plate1-301.Raw,2016-dec14-1536-cn-plate1-301.raw,3.0,1-iodo-4-(trifluoromethyl)benzene,FC(F)(F)c1ccc(I)cc1,AdBrettPhos,AdBrettPhos,CC(C1=C(C2=C(OC)C=CC(OC)=C2P(C34CC5CC(C4)CC(C5)C3)C67CC8CC(C7)CC(C8)C6)C(C(C)C)=CC(C(C)C)=C1)C,BTMG,CN(C)/C(N(C)C)=N\C(C)(C)C,,,,45.96047749,True,False,112426.1093,19123.18722,1.042356705
AHNEMAN_BH_P1_R13_C20,AHNEMAN_BH_ARYL_04,control,True,additive_free_control,1,1.0,13,20,/Volumes/Jupetit/rxnpredict/yield_data/plate1.1.csv,20:M,2016-Dec14-1536-CN-Plate1-317.Raw,2016-dec14-1536-cn-plate1-317.raw,4.0,1-chloro-4-methoxybenzene,COc1ccc(Cl)cc1,AdBrettPhos,AdBrettPhos,CC(C1=C(C2=C(OC)C=CC(OC)=C2P(C34CC5CC(C4)CC(C5)C3)C67CC8CC(C7)CC(C8)C6)C(C(C)C)=CC(C(C)C)=C1)C,BTMG,CN(C)/C(N(C)C)=N\C(C)(C)C,,,,1.429258981,True,False,3863.33892,19232.41876,0.948682226
AHNEMAN_BH_P1_R13_C21,AHNEMAN_BH_ARYL_05,control,True,additive_free_control,1,1.0,13,21,/Volumes/Jupetit/rxnpredict/yield_data/plate1.1.csv,21:M,2016-Dec14-1536-CN-Plate1-333.Raw,2016-dec14-1536-cn-plate1-333.raw,5.0,1-bromo-4-methoxybenzene,COc1ccc(Br)cc1,AdBrettPhos,AdBrettPhos,CC(C1=C(C2=C(OC)C=CC(OC)=C2P(C34CC5CC(C4)CC(C5)C3)C67CC8CC(C7)CC(C8)C6)C(C(C)C)=CC(C(C)C)=C1)C,BTMG,CN(C)/C(N(C)C)=N\C(C)(C)C,,,,39.81522,True,False,118388.317,21156.39926,0.948682226
AHNEMAN_BH_P1_R13_C22,AHNEMAN_BH_ARYL_06,control,True,additive_free_control,1,1.0,13,22,/Volumes/Jupetit/rxnpredict/yield_data/plate1.1.csv,22:M,2016-Dec14-1536-CN-Plate1-349.Raw,2016-dec14-1536-cn-plate1-349.raw,6.0,1-iodo-4-methoxybenzene,COc1ccc(I)cc1,AdBrettPhos,AdBrettPhos,CC(C1=C(C2=C(OC)C=CC(OC)=C2P(C34CC5CC(C4)CC(C5)C3)C67CC8CC(C7)CC(C8)C6)C(C(C)C)=CC(C(C)C)=C1)C,BTMG,CN(C)/C(N(C)C)=N\C(C)(C)C,,,,43.94267867,True,False,136537.6379,22107.92005,0.948682226
AHNEMAN_BH_P1_R13_C23,AHNEMAN_BH_ARYL_07,control,True,additive_free_control,1,1.0,13,23,/Volumes/Jupetit/rxnpredict/yield_data/plate1.1.csv,23:M,2016-Dec14-1536-CN-Plate1-365.Raw,2016-dec14-1536-cn-plate1-365.raw,7.0,1-chloro-4-ethylbenzene,CCc1ccc(Cl)cc1,AdBrettPhos,AdBrettPhos,CC(C1=C(C2=C(OC)C=CC(OC)=C2P(C34CC5CC(C4)CC(C5)C3)C67CC8CC(C7)CC(C8)C6)C(C(C)C)=CC(C(C)C)=C1)C,BTMG,CN(C)/C(N(C)C)=N\C(C)(C)C,,,,3.976960117,True,False,8575.1465,21630.14295,1.337543187
AHNEMAN_BH_P1_R13_C24,AHNEMAN_BH_ARYL_08,control,True,additive_free_control,1,1.0,13,24,/Volumes/Jupetit/rxnpredict/yield_data/plate1.1.csv,24:M,2016-Dec14-1536-CN-Plate1-381.Raw,2016-dec14-1536-cn-plate1-381.raw,8.0,1-bromo-4-ethylbenzene,CCc1ccc(Br)cc1,AdBrettPhos,AdBrettPhos,CC(C1=C(C2=C(OC)C=CC(OC)=C2P(C34CC5CC(C4)CC(C5)C3)C67CC8CC(C7)CC(C8)C6)C(C(C)C)=CC(C(C)C)=C1)C,BTMG,CN(C)/C(N(C)C)=N\C(C)(C)C,,,,67.27749777,True,False,128684.3786,19187.79528,1.337543187
AHNEMAN_BH_P1_R13_C25,AHNEMAN_BH_ARYL_09,control,True,additive_free_control,1,2.0,13,25,/Volumes/Jupetit/rxnpredict/yield_data/plate1.2.csv,1:M,2016-Dec14-1536-CN-Plate2-13.Raw,2016-dec14-1536-cn-plate2-13.raw,9.0,1-ethyl-4-iodobenzene,CCc1ccc(I)cc1,AdBrettPhos,AdBrettPhos,CC(C1=C(C2=C(OC)C=CC(OC)=C2P(C34CC5CC(C4)CC(C5)C3)C67CC8CC(C7)CC(C8)C6)C(C(C)C)=CC(C(C)C)=C1)C,BTMG,CN(C)/C(N(C)C)=N\C(C)(C)C,,,,78.369266,True,False,134048.4963,17158.73411,1.337543187
AHNEMAN_BH_P1_R13_C26,AHNEMAN_BH_ARYL_10,control,True,additive_free_control,1,2.0,13,26,/Volumes/Jupetit/rxnpredict/yield_data/plate1.2.csv,2:M,2016-Dec14-1536-CN-Plate2-29.Raw,2016-dec14-1536-cn-plate2-29.raw,10.0,2-chloropyridine,Clc1ccccn1,AdBrettPhos,AdBrettPhos,CC(C1=C(C2=C(OC)C=CC(OC)=C2P(C34CC5CC(C4)CC(C5)C3)C67CC8CC(C7)CC(C8)C6)C(C(C)C)=CC(C(C)C)=C1)C,BTMG,CN(C)/C(N(C)C)=N\C(C)(C)C,,,,47.69925782,True,False,43146.81741,19292.39226,2.843725517
AHNEMAN_BH_P1_R13_C27,AHNEMAN_BH_ARYL_11,control,True,additive_free_control,1,2.0,13,27,/Volumes/Jupetit/rxnpredict/yield_data/plate1.2.csv,3:M,2016-Dec14-1536-CN-Plate2-45.Raw,2016-dec14-1536-cn-plate2-45.raw,11.0,2-bromopyridine,Brc1ccccn1,AdBrettPhos,AdBrettPhos,CC(C1=C(C2=C(OC)C=CC(OC)=C2P(C34CC5CC(C4)CC(C5)C3)C67CC8CC(C7)CC(C8)C6)C(C(C)C)=CC(C(C)C)=C1)C,BTMG,CN(C)/C(N(C)C)=N\C(C)(C)C,,,,57.79971875,True,False,49409.40575,18231.93836,2.843725517
AHNEMAN_BH_P1_R13_C28,AHNEMAN_BH_ARYL_12,control,True,additive_free_control,1,2.0,13,28,/Volumes/Jupetit/rxnpredict/yield_data/plate1.2.csv,4:M,2016-Dec14-1536-CN-Plate2-61.Raw,2016-dec14-1536-cn-plate2-61.raw,12.0,2-iodopyridine,Ic1ccccn1,AdBrettPhos,AdBrettPhos,CC(C1=C(C2=C(OC)C=CC(OC)=C2P(C34CC5CC(C4)CC(C5)C3)C67CC8CC(C7)CC(C8)C6)C(C(C)C)=CC(C(C)C)=C1)C,BTMG,CN(C)/C(N(C)C)=N\C(C)(C)C,,,,65.34587527,True,False,57836.69548,18877.05453,2.843725517
AHNEMAN_BH_P1_R13_C29,AHNEMAN_BH_ARYL_13,control,True,additive_free_control,1,2.0,13,29,/Volumes/Jupetit/rxnpredict/yield_data/plate1.2.csv,5:M,2016-Dec14-1536-CN-Plate2-77.Raw,2016-dec14-1536-cn-plate2-77.raw,13.0,3-chloropyridine,Clc1cccnc1,AdBrettPhos,AdBrettPhos,CC(C1=C(C2=C(OC)C=CC(OC)=C2P(C34CC5CC(C4)CC(C5)C3)C67CC8CC(C7)CC(C8)C6)C(C(C)C)=CC(C(C)C)=C1)C,BTMG,CN(C)/C(N(C)C)=N\C(C)(C)C,,,,38.45991818,True,False,42501.13786,18018.94928,2.174082389
AHNEMAN_BH_P1_R13_C30,AHNEMAN_BH_ARYL_14,control,True,additive_free_control,1,2.0,13,30,/Volumes/Jupetit/rxnpredict/yield_data/plate1.2.csv,6:M,2016-Dec14-1536-CN-Plate2-93.Raw,2016-dec14-1536-cn-plate2-93.raw,14.0,3-bromopyridine,Brc1cccnc1,AdBrettPhos,AdBrettPhos,CC(C1=C(C2=C(OC)C=CC(OC)=C2P(C34CC5CC(C4)CC(C5)C3)C67CC8CC(C7)CC(C8)C6)C(C(C)C)=CC(C(C)C)=C1)C,BTMG,CN(C)/C(N(C)C)=N\C(C)(C)C,,,,78.01722823,True,False,81745.51946,17084.83161,2.174082389
AHNEMAN_BH_P1_R13_C31,AHNEMAN_BH_ARYL_15,control,True,additive_free_control,1,2.0,13,31,/Volumes/Jupetit/rxnpredict/yield_data/plate1.2.csv,7:M,2016-Dec14-1536-CN-Plate2-109.Raw,2016-dec14-1536-cn-plate2-109.raw,15.0,3-iodopyridine,Ic1cccnc1,AdBrettPhos,AdBrettPhos,CC(C1=C(C2=C(OC)C=CC(OC)=C2P(C34CC5CC(C4)CC(C5)C3)C67CC8CC(C7)CC(C8)C6)C(C(C)C)=CC(C(C)C)=C1)C,BTMG,CN(C)/C(N(C)C)=N\C(C)(C)C,,,,79.09053669,True,False,81913.06504,16887.52153,2.174082389
AHNEMAN_BH_P1_R13_C32,,control,True,blank_control,1,2.0,13,32,/Volumes/Jupetit/rxnpredict/yield_data/plate1.2.csv,8:M,2016-Dec14-1536-CN-Plate2-125.Raw,2016-dec14-1536-cn-plate2-125.raw,,,,AdBrettPhos,AdBrettPhos,CC(C1=C(C2=C(OC)C=CC(OC)=C2P(C34CC5CC(C4)CC(C5)C3)C67CC8CC(C7)CC(C8)C6)C(C(C)C)=CC(C(C)C)=C1)C,BTMG,CN(C)/C(N(C)C)=N\C(C)(C)C,,,,0.0,True,True,,18327.86347,
AHNEMAN_BH_P1_R13_C33,AHNEMAN_BH_ARYL_01,control,True,additive_free_control,1,2.0,13,33,/Volumes/Jupetit/rxnpredict/yield_data/plate1.2.csv,9:M,2016-Dec14-1536-CN-Plate2-141.Raw,2016-dec14-1536-cn-plate2-141.raw,1.0,1-chloro-4-(trifluoromethyl)benzene,FC(F)(F)c1ccc(Cl)cc1,AdBrettPhos,AdBrettPhos,CC(C1=C(C2=C(OC)C=CC(OC)=C2P(C34CC5CC(C4)CC(C5)C3)C67CC8CC(C7)CC(C8)C6)C(C(C)C)=CC(C(C)C)=C1)C,MTBD,CN1CCCN2CCCN=C12,,,,30.8246927,True,False,67767.64135,17187.04612,1.042356705
AHNEMAN_BH_P1_R13_C34,AHNEMAN_BH_ARYL_02,control,True,additive_free_control,1,2.0,13,34,/Volumes/Jupetit/rxnpredict/yield_data/plate1.2.csv,10:M,2016-Dec14-1536-CN-Plate2-157.Raw,2016-dec14-1536-cn-plate2-157.raw,2.0,1-bromo-4-(trifluoromethyl)benzene,FC(F)(F)c1ccc(Br)cc1,AdBrettPhos,AdBrettPhos,CC(C1=C(C2=C(OC)C=CC(OC)=C2P(C34CC5CC(C4)CC(C5)C3)C67CC8CC(C7)CC(C8)C6)C(C(C)C)=CC(C(C)C)=C1)C,MTBD,CN1CCCN2CCCN=C12,,,,53.49467932,True,False,121723.3332,17788.56339,1.042356705
AHNEMAN_BH_P1_R13_C35,AHNEMAN_BH_ARYL_03,control,True,additive_free_control,1,2.0,13,35,/Volumes/Jupetit/rxnpredict/yield_data/plate1.2.csv,11:M,2016-Dec14-1536-CN-Plate2-173.Raw,2016-dec14-1536-cn-plate2-173.raw,3.0,1-iodo-4-(trifluoromethyl)benzene,FC(F)(F)c1ccc(I)cc1,AdBrettPhos,AdBrettPhos,CC(C1=C(C2=C(OC)C=CC(OC)=C2P(C34CC5CC(C4)CC(C5)C3)C67CC8CC(C7)CC(C8)C6)C(C(C)C)=CC(C(C)C)=C1)C,MTBD,CN1CCCN2CCCN=C12,,,,53.92524684,True,False,120726.385,17502.00012,1.042356705
AHNEMAN_BH_P1_R13_C36,AHNEMAN_BH_ARYL_04,control,True,additive_free_control,1,2.0,13,36,/Volumes/Jupetit/rxnpredict/yield_data/plate1.2.csv,12:M,2016-Dec14-1536-CN-Plate2-189.Raw,2016-dec14-1536-cn-plate2-189.raw,4.0,1-chloro-4-methoxybenzene,COc1ccc(Cl)cc1,AdBrettPhos,AdBrettPhos,CC(C1=C(C2=C(OC)C=CC(OC)=C2P(C34CC5CC(C4)CC(C5)C3)C67CC8CC(C7)CC(C8)C6)C(C(C)C)=CC(C(C)C)=C1)C,MTBD,CN1CCCN2CCCN=C12,,,,2.85091101,True,False,7389.40212,18441.98511,0.948682226
AHNEMAN_BH_P1_R13_C37,AHNEMAN_BH_ARYL_05,control,True,additive_free_control,1,2.0,13,37,/Volumes/Jupetit/rxnpredict/yield_data/plate1.2.csv,13:M,2016-Dec14-1536-CN-Plate2-205.Raw,2016-dec14-1536-cn-plate2-205.raw,5.0,1-bromo-4-methoxybenzene,COc1ccc(Br)cc1,AdBrettPhos,AdBrettPhos,CC(C1=C(C2=C(OC)C=CC(OC)=C2P(C34CC5CC(C4)CC(C5)C3)C67CC8CC(C7)CC(C8)C6)C(C(C)C)=CC(C(C)C)=C1)C,MTBD,CN1CCCN2CCCN=C12,,,,53.40370338,True,False,134372.1917,17902.76262,0.948682226
AHNEMAN_BH_P1_R13_C38,AHNEMAN_BH_ARYL_06,control,True,additive_free_control,1,2.0,13,38,/Volumes/Jupetit/rxnpredict/yield_data/plate1.2.csv,14:M,2016-Dec14-1536-CN-Plate2-221.Raw,2016-dec14-1536-cn-plate2-221.raw,6.0,1-iodo-4-methoxybenzene,COc1ccc(I)cc1,AdBrettPhos,AdBrettPhos,CC(C1=C(C2=C(OC)C=CC(OC)=C2P(C34CC5CC(C4)CC(C5)C3)C67CC8CC(C7)CC(C8)C6)C(C(C)C)=CC(C(C)C)=C1)C,MTBD,CN1CCCN2CCCN=C12,,,,54.61432374,True,False,139587.7817,18185.4006,0.948682226
AHNEMAN_BH_P1_R13_C39,AHNEMAN_BH_ARYL_07,control,True,additive_free_control,1,2.0,13,39,/Volumes/Jupetit/rxnpredict/yield_data/plate1.2.csv,15:M,2016-Dec14-1536-CN-Plate2-237.Raw,2016-dec14-1536-cn-plate2-237.raw,7.0,1-chloro-4-ethylbenzene,CCc1ccc(Cl)cc1,AdBrettPhos,AdBrettPhos,CC(C1=C(C2=C(OC)C=CC(OC)=C2P(C34CC5CC(C4)CC(C5)C3)C67CC8CC(C7)CC(C8)C6)C(C(C)C)=CC(C(C)C)=C1)C,MTBD,CN1CCCN2CCCN=C12,,,,9.491590168,True,False,16080.82772,16995.67816,1.337543187
AHNEMAN_BH_P1_R13_C40,AHNEMAN_BH_ARYL_08,control,True,additive_free_control,1,2.0,13,40,/Volumes/Jupetit/rxnpredict/yield_data/plate1.2.csv,16:M,2016-Dec14-1536-CN-Plate2-253.Raw,2016-dec14-1536-cn-plate2-253.raw,8.0,1-bromo-4-ethylbenzene,CCc1ccc(Br)cc1,AdBrettPhos,AdBrettPhos,CC(C1=C(C2=C(OC)C=CC(OC)=C2P(C34CC5CC(C4)CC(C5)C3)C67CC8CC(C7)CC(C8)C6)C(C(C)C)=CC(C(C)C)=C1)C,MTBD,CN1CCCN2CCCN=C12,,,,85.17057946,True,False,152146.5056,17920.14244,1.337543187
AHNEMAN_BH_P1_R13_C41,AHNEMAN_BH_ARYL_09,control,True,additive_free_control,1,2.0,13,41,/Volumes/Jupetit/rxnpredict/yield_data/plate1.2.csv,17:M,2016-Dec14-1536-CN-Plate2-269.Raw,2016-dec14-1536-cn-plate2-269.raw,9.0,1-ethyl-4-iodobenzene,CCc1ccc(I)cc1,AdBrettPhos,AdBrettPhos,CC(C1=C(C2=C(OC)C=CC(OC)=C2P(C34CC5CC(C4)CC(C5)C3)C67CC8CC(C7)CC(C8)C6)C(C(C)C)=CC(C(C)C)=C1)C,MTBD,CN1CCCN2CCCN=C12,,,,81.4856934,True,False,138704.3607,17075.67288,1.337543187
AHNEMAN_BH_P1_R13_C42,AHNEMAN_BH_ARYL_10,control,True,additive_free_control,1,2.0,13,42,/Volumes/Jupetit/rxnpredict/yield_data/plate1.2.csv,18:M,2016-Dec14-1536-CN-Plate2-285.Raw,2016-dec14-1536-cn-plate2-285.raw,10.0,2-chloropyridine,Clc1ccccn1,AdBrettPhos,AdBrettPhos,CC(C1=C(C2=C(OC)C=CC(OC)=C2P(C34CC5CC(C4)CC(C5)C3)C67CC8CC(C7)CC(C8)C6)C(C(C)C)=CC(C(C)C)=C1)C,MTBD,CN1CCCN2CCCN=C12,,,,85.59541842,True,False,70581.52928,17586.90765,2.843725517
AHNEMAN_BH_P1_R13_C43,AHNEMAN_BH_ARYL_11,control,True,additive_free_control,1,2.0,13,43,/Volumes/Jupetit/rxnpredict/yield_data/plate1.2.csv,19:M,2016-Dec14-1536-CN-Plate2-301.Raw,2016-dec14-1536-cn-plate2-301.raw,11.0,2-bromopyridine,Brc1ccccn1,AdBrettPhos,AdBrettPhos,CC(C1=C(C2=C(OC)C=CC(OC)=C2P(C34CC5CC(C4)CC(C5)C3)C67CC8CC(C7)CC(C8)C6)C(C(C)C)=CC(C(C)C)=C1)C,MTBD,CN1CCCN2CCCN=C12,,,,90.35242497,True,False,74520.78494,17590.83869,2.843725517
AHNEMAN_BH_P1_R13_C44,AHNEMAN_BH_ARYL_12,control,True,additive_free_control,1,2.0,13,44,/Volumes/Jupetit/rxnpredict/yield_data/plate1.2.csv,20:M,2016-Dec14-1536-CN-Plate2-317.Raw,2016-dec14-1536-cn-plate2-317.raw,12.0,2-iodopyridine,Ic1ccccn1,AdBrettPhos,AdBrettPhos,CC(C1=C(C2=C(OC)C=CC(OC)=C2P(C34CC5CC(C4)CC(C5)C3)C67CC8CC(C7)CC(C8)C6)C(C(C)C)=CC(C(C)C)=C1)C,MTBD,CN1CCCN2CCCN=C12,,,,88.9275364,True,False,68302.43068,16381.31783,2.843725517
AHNEMAN_BH_P1_R13_C45,AHNEMAN_BH_ARYL_13,control,True,additive_free_control,1,2.0,13,45,/Volumes/Jupetit/rxnpredict/yield_data/plate1.2.csv,21:M,2016-Dec14-1536-CN-Plate2-333.Raw,2016-dec14-1536-cn-plate2-333.raw,13.0,3-chloropyridine,Clc1cccnc1,AdBrettPhos,AdBrettPhos,CC(C1=C(C2=C(OC)C=CC(OC)=C2P(C34CC5CC(C4)CC(C5)C3)C67CC8CC(C7)CC(C8)C6)C(C(C)C)=CC(C(C)C)=C1)C,MTBD,CN1CCCN2CCCN=C12,,,,50.81603251,True,False,51220.43635,16435.38119,2.174082389
AHNEMAN_BH_P1_R13_C46,AHNEMAN_BH_ARYL_14,control,True,additive_free_control,1,2.0,13,46,/Volumes/Jupetit/rxnpredict/yield_data/plate1.2.csv,22:M,2016-Dec14-1536-CN-Plate2-349.Raw,2016-dec14-1536-cn-plate2-349.raw,14.0,3-bromopyridine,Brc1cccnc1,AdBrettPhos,AdBrettPhos,CC(C1=C(C2=C(OC)C=CC(OC)=C2P(C34CC5CC(C4)CC(C5)C3)C67CC8CC(C7)CC(C8)C6)C(C(C)C)=CC(C(C)C)=C1)C,MTBD,CN1CCCN2CCCN=C12,,,,93.50991268,True,False,88523.37487,15436.09962,2.174082389
AHNEMAN_BH_P1_R13_C47,AHNEMAN_BH_ARYL_15,control,True,additive_free_control,1,2.0,13,47,/Volumes/Jupetit/rxnpredict/yield_data/plate1.2.csv,23:M,2016-Dec14-1536-CN-Plate2-365.Raw,2016-dec14-1536-cn-plate2-365.raw,15.0,3-iodopyridine,Ic1cccnc1,AdBrettPhos,AdBrettPhos,CC(C1=C(C2=C(OC)C=CC(OC)=C2P(C34CC5CC(C4)CC(C5)C3)C67CC8CC(C7)CC(C8)C6)C(C(C)C)=CC(C(C)C)=C1)C,MTBD,CN1CCCN2CCCN=C12,,,,96.92264627,True,False,89092.71245,14988.36221,2.174082389
AHNEMAN_BH_P1_R13_C48,,control,True,blank_control,1,2.0,13,48,/Volumes/Jupetit/rxnpredict/yield_data/plate1.2.csv,24:M,2016-Dec14-1536-CN-Plate2-381.Raw,2016-dec14-1536-cn-plate2-381.raw,,,,AdBrettPhos,AdBrettPhos,CC(C1=C(C2=C(OC)C=CC(OC)=C2P(C34CC5CC(C4)CC(C5)C3)C67CC8CC(C7)CC(C8)C6)C(C(C)C)=CC(C(C)C)=C1)C,MTBD,CN1CCCN2CCCN=C12,,,,0.0,True,True,,15055.75399,
AHNEMAN_BH_P1_R14_C16,,control,True,aryl_halide_free_control,1,1.0,14,16,/Volumes/Jupetit/rxnpredict/yield_data/plate1.1.csv,16:N,2016-Dec14-1536-CN-Plate1-254.Raw,2016-dec14-1536-cn-plate1-254.raw,,,,AdBrettPhos,AdBrettPhos,CC(C1=C(C2=C(OC)C=CC(OC)=C2P(C34CC5CC(C4)CC(C5)C3)C67CC8CC(C7)CC(C8)C6)C(C(C)C)=CC(C(C)C)=C1)C,P2Et,CN(C)P(N(C)C)(N(C)C)=NP(N(C)C)(N(C)C)=NCC,2.0,5-phenylisoxazole,o1nccc1c2ccccc2,0.0,True,True,0.0,22160.87463,
AHNEMAN_BH_P1_R14_C32,,control,True,aryl_halide_free_control,1,2.0,14,32,/Volumes/Jupetit/rxnpredict/yield_data/plate1.2.csv,8:N,2016-Dec14-1536-CN-Plate2-126.Raw,2016-dec14-1536-cn-plate2-126.raw,,,,AdBrettPhos,AdBrettPhos,CC(C1=C(C2=C(OC)C=CC(OC)=C2P(C34CC5CC(C4)CC(C5)C3)C67CC8CC(C7)CC(C8)C6)C(C(C)C)=CC(C(C)C)=C1)C,BTMG,CN(C)/C(N(C)C)=N\C(C)(C)C,2.0,5-phenylisoxazole,o1nccc1c2ccccc2,0.0,True,True,,18704.52985,
AHNEMAN_BH_P1_R14_C48,,control,True,aryl_halide_free_control,1,2.0,14,48,/Volumes/Jupetit/rxnpredict/yield_data/plate1.2.csv,24:N,2016-Dec14-1536-CN-Plate2-382.Raw,2016-dec14-1536-cn-plate2-382.raw,,,,AdBrettPhos,AdBrettPhos,CC(C1=C(C2=C(OC)C=CC(OC)=C2P(C34CC5CC(C4)CC(C5)C3)C67CC8CC(C7)CC(C8)C6)C(C(C)C)=CC(C(C)C)=C1)C,MTBD,CN1CCCN2CCCN=C12,2.0,5-phenylisoxazole,o1nccc1c2ccccc2,0.0,True,True,,15434.02017,
AHNEMAN_BH_P1_R15_C16,,control,True,aryl_halide_free_control,1,1.0,15,16,/Volumes/Jupetit/rxnpredict/yield_data/plate1.1.csv,16:O,2016-Dec14-1536-CN-Plate1-255.Raw,2016-dec14-1536-cn-plate1-255.raw,,,,AdBrettPhos,AdBrettPhos,CC(C1=C(C2=C(OC)C=CC(OC)=C2P(C34CC5CC(C4)CC(C5)C3)C67CC8CC(C7)CC(C8)C6)C(C(C)C)=CC(C(C)C)=C1)C,P2Et,CN(C)P(N(C)C)(N(C)C)=NP(N(C)C)(N(C)C)=NCC,4.0,ethyl-3-methylisoxazole-5-carboxylate,CCOC(=O)c1onc(C)c1,0.0,True,True,0.0,21330.83084,
AHNEMAN_BH_P1_R15_C32,,control,True,aryl_halide_free_control,1,2.0,15,32,/Volumes/Jupetit/rxnpredict/yield_data/plate1.2.csv,8:O,2016-Dec14-1536-CN-Plate2-127.Raw,2016-dec14-1536-cn-plate2-127.raw,,,,AdBrettPhos,AdBrettPhos,CC(C1=C(C2=C(OC)C=CC(OC)=C2P(C34CC5CC(C4)CC(C5)C3)C67CC8CC(C7)CC(C8)C6)C(C(C)C)=CC(C(C)C)=C1)C,BTMG,CN(C)/C(N(C)C)=N\C(C)(C)C,4.0,ethyl-3-methylisoxazole-5-carboxylate,CCOC(=O)c1onc(C)c1,0.0,True,True,,17792.91574,
AHNEMAN_BH_P1_R15_C48,,control,True,aryl_halide_free_control,1,2.0,15,48,/Volumes/Jupetit/rxnpredict/yield_data/plate1.2.csv,24:O,2016-Dec14-1536-CN-Plate2-383.Raw,2016-dec14-1536-cn-plate2-383.raw,,,,AdBrettPhos,AdBrettPhos,CC(C1=C(C2=C(OC)C=CC(OC)=C2P(C34CC5CC(C4)CC(C5)C3)C67CC8CC(C7)CC(C8)C6)C(C(C)C)=CC(C(C)C)=C1)C,MTBD,CN1CCCN2CCCN=C12,4.0,ethyl-3-methylisoxazole-5-carboxylate,CCOC(=O)c1onc(C)c1,0.0,True,True,,14572.30977,
AHNEMAN_BH_P1_R16_C16,,control,True,aryl_halide_free_control,1,1.0,16,16,/Volumes/Jupetit/rxnpredict/yield_data/plate1.1.csv,16:P,2016-Dec14-1536-CN-Plate1-256.Raw,2016-dec14-1536-cn-plate1-256.raw,,,,AdBrettPhos,AdBrettPhos,CC(C1=C(C2=C(OC)C=CC(OC)=C2P(C34CC5CC(C4)CC(C5)C3)C67CC8CC(C7)CC(C8)C6)C(C(C)C)=CC(C(C)C)=C1)C,P2Et,CN(C)P(N(C)C)(N(C)C)=NP(N(C)C)(N(C)C)=NCC,6.0,ethyl-5-methylisoxazole-3-carboxylate,CCOC(=O)c1cc(C)on1,0.0,True,True,0.0,21582.86275,
AHNEMAN_BH_P1_R16_C32,,control,True,aryl_halide_free_control,1,2.0,16,32,/Volumes/Jupetit/rxnpredict/yield_data/plate1.2.csv,8:P,2016-Dec14-1536-CN-Plate2-128.Raw,2016-dec14-1536-cn-plate2-128.raw,,,,AdBrettPhos,AdBrettPhos,CC(C1=C(C2=C(OC)C=CC(OC)=C2P(C34CC5CC(C4)CC(C5)C3)C67CC8CC(C7)CC(C8)C6)C(C(C)C)=CC(C(C)C)=C1)C,BTMG,CN(C)/C(N(C)C)=N\C(C)(C)C,6.0,ethyl-5-methylisoxazole-3-carboxylate,CCOC(=O)c1cc(C)on1,0.0,True,True,,18392.25169,
AHNEMAN_BH_P1_R16_C48,,control,True,aryl_halide_free_control,1,2.0,16,48,/Volumes/Jupetit/rxnpredict/yield_data/plate1.2.csv,24:P,2016-Dec14-1536-CN-Plate2-384.Raw,2016-dec14-1536-cn-plate2-384.raw,,,,AdBrettPhos,AdBrettPhos,CC(C1=C(C2=C(OC)C=CC(OC)=C2P(C34CC5CC(C4)CC(C5)C3)C67CC8CC(C7)CC(C8)C6)C(C(C)C)=CC(C(C)C)=C1)C,MTBD,CN1CCCN2CCCN=C12,6.0,ethyl-5-methylisoxazole-3-carboxylate,CCOC(=O)c1cc(C)on1,0.0,True,True,,16146.31082,
AHNEMAN_BH_P1_R17_C16,,control,True,aryl_halide_free_control,1,3.0,17,16,/Volumes/Jupetit/rxnpredict/yield_data/plate1.3.csv,16:A,2016-Dec14-1536-CN-Plate3-241.Raw,2016-dec14-1536-cn-plate3-241.raw,,,,XPhos,XPhos,CC(C)C1=CC(C(C)C)=CC(C(C)C)=C1C2=C(P(C3CCCCC3)C4CCCCC4)C=CC=C2,P2Et,CN(C)P(N(C)C)(N(C)C)=NP(N(C)C)(N(C)C)=NCC,1.0,4-phenylisoxazole,o1cc(cn1)c2ccccc2,0.0,True,True,,19245.99164,
AHNEMAN_BH_P1_R17_C32,,control,True,aryl_halide_free_control,1,4.0,17,32,/Volumes/Jupetit/rxnpredict/yield_data/plate1.4.csv,8:A,2016-Dec14-1536-CN-Plate4-113.Raw,2016-dec14-1536-cn-plate4-113.raw,,,,XPhos,XPhos,CC(C)C1=CC(C(C)C)=CC(C(C)C)=C1C2=C(P(C3CCCCC3)C4CCCCC4)C=CC=C2,BTMG,CN(C)/C(N(C)C)=N\C(C)(C)C,1.0,4-phenylisoxazole,o1cc(cn1)c2ccccc2,0.0,True,True,,20633.21914,
AHNEMAN_BH_P1_R17_C48,,control,True,aryl_halide_free_control,1,4.0,17,48,/Volumes/Jupetit/rxnpredict/yield_data/plate1.4.csv,24:A,2016-Dec14-1536-CN-Plate4-369.Raw,2016-dec14-1536-cn-plate4-369.raw,,,,XPhos,XPhos,CC(C)C1=CC(C(C)C)=CC(C(C)C)=C1C2=C(P(C3CCCCC3)C4CCCCC4)C=CC=C2,MTBD,CN1CCCN2CCCN=C12,1.0,4-phenylisoxazole,o1cc(cn1)c2ccccc2,0.0,True,True,,17047.79303,
AHNEMAN_BH_P1_R18_C16,,control,True,aryl_halide_free_control,1,3.0,18,16,/Volumes/Jupetit/rxnpredict/yield_data/plate1.3.csv,16:B,2016-Dec14-1536-CN-Plate3-242.Raw,2016-dec14-1536-cn-plate3-242.raw,,,,XPhos,XPhos,CC(C)C1=CC(C(C)C)=CC(C(C)C)=C1C2=C(P(C3CCCCC3)C4CCCCC4)C=CC=C2,P2Et,CN(C)P(N(C)C)(N(C)C)=NP(N(C)C)(N(C)C)=NCC,3.0,3-phenylisoxazole,o1ccc(n1)c2ccccc2,0.0,True,True,,17177.53476,
AHNEMAN_BH_P1_R18_C32,,control,True,aryl_halide_free_control,1,4.0,18,32,/Volumes/Jupetit/rxnpredict/yield_data/plate1.4.csv,8:B,2016-Dec14-1536-CN-Plate4-114.Raw,2016-dec14-1536-cn-plate4-114.raw,,,,XPhos,XPhos,CC(C)C1=CC(C(C)C)=CC(C(C)C)=C1C2=C(P(C3CCCCC3)C4CCCCC4)C=CC=C2,BTMG,CN(C)/C(N(C)C)=N\C(C)(C)C,3.0,3-phenylisoxazole,o1ccc(n1)c2ccccc2,0.0,True,True,,18806.27986,
AHNEMAN_BH_P1_R18_C48,,control,True,aryl_halide_free_control,1,4.0,18,48,/Volumes/Jupetit/rxnpredict/yield_data/plate1.4.csv,24:B,2016-Dec14-1536-CN-Plate4-370.Raw,2016-dec14-1536-cn-plate4-370.raw,,,,XPhos,XPhos,CC(C)C1=CC(C(C)C)=CC(C(C)C)=C1C2=C(P(C3CCCCC3)C4CCCCC4)C=CC=C2,MTBD,CN1CCCN2CCCN=C12,3.0,3-phenylisoxazole,o1ccc(n1)c2ccccc2,0.0,True,True,,18167.49071,
AHNEMAN_BH_P1_R19_C16,,control,True,aryl_halide_free_control,1,3.0,19,16,/Volumes/Jupetit/rxnpredict/yield_data/plate1.3.csv,16:C,2016-Dec14-1536-CN-Plate3-243.Raw,2016-dec14-1536-cn-plate3-243.raw,,,,XPhos,XPhos,CC(C)C1=CC(C(C)C)=CC(C(C)C)=C1C2=C(P(C3CCCCC3)C4CCCCC4)C=CC=C2,P2Et,CN(C)P(N(C)C)(N(C)C)=NP(N(C)C)(N(C)C)=NCC,5.0,3-methylisoxazole,Cc1ccon1,0.0,True,True,,16942.30998,
AHNEMAN_BH_P1_R19_C32,,control,True,aryl_halide_free_control,1,4.0,19,32,/Volumes/Jupetit/rxnpredict/yield_data/plate1.4.csv,8:C,2016-Dec14-1536-CN-Plate4-115.Raw,2016-dec14-1536-cn-plate4-115.raw,,,,XPhos,XPhos,CC(C)C1=CC(C(C)C)=CC(C(C)C)=C1C2=C(P(C3CCCCC3)C4CCCCC4)C=CC=C2,BTMG,CN(C)/C(N(C)C)=N\C(C)(C)C,5.0,3-methylisoxazole,Cc1ccon1,0.0,True,True,,19098.97429,
AHNEMAN_BH_P1_R19_C48,,control,True,aryl_halide_free_control,1,4.0,19,48,/Volumes/Jupetit/rxnpredict/yield_data/plate1.4.csv,24:C,2016-Dec14-1536-CN-Plate4-371.Raw,2016-dec14-1536-cn-plate4-371.raw,,,,XPhos,XPhos,CC(C)C1=CC(C(C)C)=CC(C(C)C)=C1C2=C(P(C3CCCCC3)C4CCCCC4)C=CC=C2,MTBD,CN1CCCN2CCCN=C12,5.0,3-methylisoxazole,Cc1ccon1,0.0,True,True,,18154.64995,
AHNEMAN_BH_P1_R20_C16,,control,True,aryl_halide_free_control,1,3.0,20,16,/Volumes/Jupetit/rxnpredict/yield_data/plate1.3.csv,16:D,2016-Dec14-1536-CN-Plate3-244.Raw,2016-dec14-1536-cn-plate3-244.raw,,,,XPhos,XPhos,CC(C)C1=CC(C(C)C)=CC(C(C)C)=C1C2=C(P(C3CCCCC3)C4CCCCC4)C=CC=C2,P2Et,CN(C)P(N(C)C)(N(C)C)=NP(N(C)C)(N(C)C)=NCC,7.0,"5-Phenyl-1,2,4-oxadiazole",c1ccc(-c2ncno2)cc1,0.0,True,True,,16959.95839,
AHNEMAN_BH_P1_R20_C32,,control,True,aryl_halide_free_control,1,4.0,20,32,/Volumes/Jupetit/rxnpredict/yield_data/plate1.4.csv,8:D,2016-Dec14-1536-CN-Plate4-116.Raw,2016-dec14-1536-cn-plate4-116.raw,,,,XPhos,XPhos,CC(C)C1=CC(C(C)C)=CC(C(C)C)=C1C2=C(P(C3CCCCC3)C4CCCCC4)C=CC=C2,BTMG,CN(C)/C(N(C)C)=N\C(C)(C)C,7.0,"5-Phenyl-1,2,4-oxadiazole",c1ccc(-c2ncno2)cc1,0.0,True,True,,21170.94858,
AHNEMAN_BH_P1_R20_C48,,control,True,aryl_halide_free_control,1,4.0,20,48,/Volumes/Jupetit/rxnpredict/yield_data/plate1.4.csv,24:D,2016-Dec14-1536-CN-Plate4-372.Raw,2016-dec14-1536-cn-plate4-372.raw,,,,XPhos,XPhos,CC(C)C1=CC(C(C)C)=CC(C(C)C)=C1C2=C(P(C3CCCCC3)C4CCCCC4)C=CC=C2,MTBD,CN1CCCN2CCCN=C12,7.0,"5-Phenyl-1,2,4-oxadiazole",c1ccc(-c2ncno2)cc1,0.0,True,True,,20581.38537,
AHNEMAN_BH_P1_R21_C16,,control,True,aryl_halide_free_control,1,3.0,21,16,/Volumes/Jupetit/rxnpredict/yield_data/plate1.3.csv,16:E,2016-Dec14-1536-CN-Plate3-245.Raw,2016-dec14-1536-cn-plate3-245.raw,,,,t-BuXPhos,t-BuXPhos,CC(C)C(C=C(C(C)C)C=C1C(C)C)=C1C2=CC=CC=C2P(C(C)(C)C)C(C)(C)C,P2Et,CN(C)P(N(C)C)(N(C)C)=NP(N(C)C)(N(C)C)=NCC,1.0,4-phenylisoxazole,o1cc(cn1)c2ccccc2,0.0,True,True,,17053.24875,
AHNEMAN_BH_P1_R21_C32,,control,True,aryl_halide_free_control,1,4.0,21,32,/Volumes/Jupetit/rxnpredict/yield_data/plate1.4.csv,8:E,2016-Dec14-1536-CN-Plate4-117.Raw,2016-dec14-1536-cn-plate4-117.raw,,,,t-BuXPhos,t-BuXPhos,CC(C)C(C=C(C(C)C)C=C1C(C)C)=C1C2=CC=CC=C2P(C(C)(C)C)C(C)(C)C,BTMG,CN(C)/C(N(C)C)=N\C(C)(C)C,1.0,4-phenylisoxazole,o1cc(cn1)c2ccccc2,0.0,True,True,,19585.3237,
AHNEMAN_BH_P1_R21_C48,,control,True,aryl_halide_free_control,1,4.0,21,48,/Volumes/Jupetit/rxnpredict/yield_data/plate1.4.csv,24:E,2016-Dec14-1536-CN-Plate4-373.Raw,2016-dec14-1536-cn-plate4-373.raw,,,,t-BuXPhos,t-BuXPhos,CC(C)C(C=C(C(C)C)C=C1C(C)C)=C1C2=CC=CC=C2P(C(C)(C)C)C(C)(C)C,MTBD,CN1CCCN2CCCN=C12,1.0,4-phenylisoxazole,o1cc(cn1)c2ccccc2,0.0,True,True,,17269.80447,
AHNEMAN_BH_P1_R22_C16,,control,True,aryl_halide_free_control,1,3.0,22,16,/Volumes/Jupetit/rxnpredict/yield_data/plate1.3.csv,16:F,2016-Dec14-1536-CN-Plate3-246.Raw,2016-dec14-1536-cn-plate3-246.raw,,,,t-BuXPhos,t-BuXPhos,CC(C)C(C=C(C(C)C)C=C1C(C)C)=C1C2=CC=CC=C2P(C(C)(C)C)C(C)(C)C,P2Et,CN(C)P(N(C)C)(N(C)C)=NP(N(C)C)(N(C)C)=NCC,3.0,3-phenylisoxazole,o1ccc(n1)c2ccccc2,0.0,True,True,,16535.25083,
AHNEMAN_BH_P1_R22_C32,,control,True,aryl_halide_free_control,1,4.0,22,32,/Volumes/Jupetit/rxnpredict/yield_data/plate1.4.csv,8:F,2016-Dec14-1536-CN-Plate4-118.Raw,2016-dec14-1536-cn-plate4-118.raw,,,,t-BuXPhos,t-BuXPhos,CC(C)C(C=C(C(C)C)C=C1C(C)C)=C1C2=CC=CC=C2P(C(C)(C)C)C(C)(C)C,BTMG,CN(C)/C(N(C)C)=N\C(C)(C)C,3.0,3-phenylisoxazole,o1ccc(n1)c2ccccc2,0.0,True,True,,19307.94688,
AHNEMAN_BH_P1_R22_C48,,control,True,aryl_halide_free_control,1,4.0,22,48,/Volumes/Jupetit/rxnpredict/yield_data/plate1.4.csv,24:F,2016-Dec14-1536-CN-Plate4-374.Raw,2016-dec14-1536-cn-plate4-374.raw,,,,t-BuXPhos,t-BuXPhos,CC(C)C(C=C(C(C)C)C=C1C(C)C)=C1C2=CC=CC=C2P(C(C)(C)C)C(C)(C)C,MTBD,CN1CCCN2CCCN=C12,3.0,3-phenylisoxazole,o1ccc(n1)c2ccccc2,0.0,True,True,,18347.29239,
AHNEMAN_BH_P1_R23_C16,,control,True,aryl_halide_free_control,1,3.0,23,16,/Volumes/Jupetit/rxnpredict/yield_data/plate1.3.csv,16:G,2016-Dec14-1536-CN-Plate3-247.Raw,2016-dec14-1536-cn-plate3-247.raw,,,,t-BuXPhos,t-BuXPhos,CC(C)C(C=C(C(C)C)C=C1C(C)C)=C1C2=CC=CC=C2P(C(C)(C)C)C(C)(C)C,P2Et,CN(C)P(N(C)C)(N(C)C)=NP(N(C)C)(N(C)C)=NCC,5.0,3-methylisoxazole,Cc1ccon1,0.0,True,True,,16854.90293,
AHNEMAN_BH_P1_R23_C32,,control,True,aryl_halide_free_control,1,4.0,23,32,/Volumes/Jupetit/rxnpredict/yield_data/plate1.4.csv,8:G,2016-Dec14-1536-CN-Plate4-119.Raw,2016-dec14-1536-cn-plate4-119.raw,,,,t-BuXPhos,t-BuXPhos,CC(C)C(C=C(C(C)C)C=C1C(C)C)=C1C2=CC=CC=C2P(C(C)(C)C)C(C)(C)C,BTMG,CN(C)/C(N(C)C)=N\C(C)(C)C,5.0,3-methylisoxazole,Cc1ccon1,0.0,True,True,,19665.80038,
AHNEMAN_BH_P1_R23_C48,,control,True,aryl_halide_free_control,1,4.0,23,48,/Volumes/Jupetit/rxnpredict/yield_data/plate1.4.csv,24:G,2016-Dec14-1536-CN-Plate4-375.Raw,2016-dec14-1536-cn-plate4-375.raw,,,,t-BuXPhos,t-BuXPhos,CC(C)C(C=C(C(C)C)C=C1C(C)C)=C1C2=CC=CC=C2P(C(C)(C)C)C(C)(C)C,MTBD,CN1CCCN2CCCN=C12,5.0,3-methylisoxazole,Cc1ccon1,0.0,True,True,,16236.19641,
AHNEMAN_BH_P1_R24_C16,,control,True,aryl_halide_free_control,1,3.0,24,16,/Volumes/Jupetit/rxnpredict/yield_data/plate1.3.csv,16:H,2016-Dec14-1536-CN-Plate3-248.Raw,2016-dec14-1536-cn-plate3-248.raw,,,,t-BuXPhos,t-BuXPhos,CC(C)C(C=C(C(C)C)C=C1C(C)C)=C1C2=CC=CC=C2P(C(C)(C)C)C(C)(C)C,P2Et,CN(C)P(N(C)C)(N(C)C)=NP(N(C)C)(N(C)C)=NCC,7.0,"5-Phenyl-1,2,4-oxadiazole",c1ccc(-c2ncno2)cc1,0.0,True,True,,17167.57696,
AHNEMAN_BH_P1_R24_C32,,control,True,aryl_halide_free_control,1,4.0,24,32,/Volumes/Jupetit/rxnpredict/yield_data/plate1.4.csv,8:H,2016-Dec14-1536-CN-Plate4-120.Raw,2016-dec14-1536-cn-plate4-120.raw,,,,t-BuXPhos,t-BuXPhos,CC(C)C(C=C(C(C)C)C=C1C(C)C)=C1C2=CC=CC=C2P(C(C)(C)C)C(C)(C)C,BTMG,CN(C)/C(N(C)C)=N\C(C)(C)C,7.0,"5-Phenyl-1,2,4-oxadiazole",c1ccc(-c2ncno2)cc1,0.0,True,True,,19562.27429,
AHNEMAN_BH_P1_R24_C48,,control,True,aryl_halide_free_control,1,4.0,24,48,/Volumes/Jupetit/rxnpredict/yield_data/plate1.4.csv,24:H,2016-Dec14-1536-CN-Plate4-376.Raw,2016-dec14-1536-cn-plate4-376.raw,,,,t-BuXPhos,t-BuXPhos,CC(C)C(C=C(C(C)C)C=C1C(C)C)=C1C2=CC=CC=C2P(C(C)(C)C)C(C)(C)C,MTBD,CN1CCCN2CCCN=C12,7.0,"5-Phenyl-1,2,4-oxadiazole",c1ccc(-c2ncno2)cc1,0.0,True,True,,16268.94928,
AHNEMAN_BH_P1_R25_C16,,control,True,aryl_halide_free_control,1,3.0,25,16,/Volumes/Jupetit/rxnpredict/yield_data/plate1.3.csv,16:I,2016-Dec14-1536-CN-Plate3-249.Raw,2016-dec14-1536-cn-plate3-249.raw,,,,t-BuBrettPhos,t-BuBrettPhos,CC(C)C1=CC(C(C)C)=CC(C(C)C)=C1C2=C(P(C(C)(C)C)C(C)(C)C)C(OC)=CC=C2OC,P2Et,CN(C)P(N(C)C)(N(C)C)=NP(N(C)C)(N(C)C)=NCC,1.0,4-phenylisoxazole,o1cc(cn1)c2ccccc2,0.0,True,True,,17277.50536,
AHNEMAN_BH_P1_R25_C32,,control,True,aryl_halide_free_control,1,,25,32,,,,,,,,t-BuBrettPhos,t-BuBrettPhos,CC(C)C1=CC(C(C)C)=CC(C(C)C)=C1C2=C(P(C(C)(C)C)C(C)(C)C)C(OC)=CC=C2OC,BTMG,CN(C)/C(N(C)C)=N\C(C)(C)C,1.0,4-phenylisoxazole,o1cc(cn1)c2ccccc2,,False,False,,,
AHNEMAN_BH_P1_R25_C48,,control,True,aryl_halide_free_control,1,4.0,25,48,/Volumes/Jupetit/rxnpredict/yield_data/plate1.4.csv,24:I,2016-Dec14-1536-CN-Plate4-377.Raw,2016-dec14-1536-cn-plate4-377.raw,,,,t-BuBrettPhos,t-BuBrettPhos,CC(C)C1=CC(C(C)C)=CC(C(C)C)=C1C2=C(P(C(C)(C)C)C(C)(C)C)C(OC)=CC=C2OC,MTBD,CN1CCCN2CCCN=C12,1.0,4-phenylisoxazole,o1cc(cn1)c2ccccc2,0.0,True,True,,16463.38825,
AHNEMAN_BH_P1_R26_C16,,control,True,aryl_halide_free_control,1,3.0,26,16,/Volumes/Jupetit/rxnpredict/yield_data/plate1.3.csv,16:J,2016-Dec14-1536-CN-Plate3-250.Raw,2016-dec14-1536-cn-plate3-250.raw,,,,t-BuBrettPhos,t-BuBrettPhos,CC(C)C1=CC(C(C)C)=CC(C(C)C)=C1C2=C(P(C(C)(C)C)C(C)(C)C)C(OC)=CC=C2OC,P2Et,CN(C)P(N(C)C)(N(C)C)=NP(N(C)C)(N(C)C)=NCC,3.0,3-phenylisoxazole,o1ccc(n1)c2ccccc2,0.0,True,True,,17535.25357,
AHNEMAN_BH_P1_R26_C32,,control,True,aryl_halide_free_control,1,4.0,26,32,/Volumes/Jupetit/rxnpredict/yield_data/plate1.4.csv,8:J,2016-Dec14-1536-CN-Plate4-122.Raw,2016-dec14-1536-cn-plate4-122.raw,,,,t-BuBrettPhos,t-BuBrettPhos,CC(C)C1=CC(C(C)C)=CC(C(C)C)=C1C2=C(P(C(C)(C)C)C(C)(C)C)C(OC)=CC=C2OC,BTMG,CN(C)/C(N(C)C)=N\C(C)(C)C,3.0,3-phenylisoxazole,o1ccc(n1)c2ccccc2,0.0,True,True,,19203.53787,
AHNEMAN_BH_P1_R26_C48,,control,True,aryl_halide_free_control,1,4.0,26,48,/Volumes/Jupetit/rxnpredict/yield_data/plate1.4.csv,24:J,2016-Dec14-1536-CN-Plate4-378.Raw,2016-dec14-1536-cn-plate4-378.raw,,,,t-BuBrettPhos,t-BuBrettPhos,CC(C)C1=CC(C(C)C)=CC(C(C)C)=C1C2=C(P(C(C)(C)C)C(C)(C)C)C(OC)=CC=C2OC,MTBD,CN1CCCN2CCCN=C12,3.0,3-phenylisoxazole,o1ccc(n1)c2ccccc2,0.0,True,True,,17495.85637,
AHNEMAN_BH_P1_R27_C16,,control,True,aryl_halide_free_control,1,3.0,27,16,/Volumes/Jupetit/rxnpredict/yield_data/plate1.3.csv,16:K,2016-Dec14-1536-CN-Plate3-251.Raw,2016-dec14-1536-cn-plate3-251.raw,,,,t-BuBrettPhos,t-BuBrettPhos,CC(C)C1=CC(C(C)C)=CC(C(C)C)=C1C2=C(P(C(C)(C)C)C(C)(C)C)C(OC)=CC=C2OC,P2Et,CN(C)P(N(C)C)(N(C)C)=NP(N(C)C)(N(C)C)=NCC,5.0,3-methylisoxazole,Cc1ccon1,0.0,True,True,,17378.03093,
AHNEMAN_BH_P1_R27_C32,,control,True,aryl_halide_free_control,1,4.0,27,32,/Volumes/Jupetit/rxnpredict/yield_data/plate1.4.csv,8:K,2016-Dec14-1536-CN-Plate4-123.Raw,2016-dec14-1536-cn-plate4-123.raw,,,,t-BuBrettPhos,t-BuBrettPhos,CC(C)C1=CC(C(C)C)=CC(C(C)C)=C1C2=C(P(C(C)(C)C)C(C)(C)C)C(OC)=CC=C2OC,BTMG,CN(C)/C(N(C)C)=N\C(C)(C)C,5.0,3-methylisoxazole,Cc1ccon1,0.0,True,True,,19136.35554,
AHNEMAN_BH_P1_R27_C48,,control,True,aryl_halide_free_control,1,4.0,27,48,/Volumes/Jupetit/rxnpredict/yield_data/plate1.4.csv,24:K,2016-Dec14-1536-CN-Plate4-379.Raw,2016-dec14-1536-cn-plate4-379.raw,,,,t-BuBrettPhos,t-BuBrettPhos,CC(C)C1=CC(C(C)C)=CC(C(C)C)=C1C2=C(P(C(C)(C)C)C(C)(C)C)C(OC)=CC=C2OC,MTBD,CN1CCCN2CCCN=C12,5.0,3-methylisoxazole,Cc1ccon1,0.0,True,True,,16198.4241,
AHNEMAN_BH_P1_R28_C16,,control,True,aryl_halide_free_control,1,3.0,28,16,/Volumes/Jupetit/rxnpredict/yield_data/plate1.3.csv,16:L,2016-Dec14-1536-CN-Plate3-252.Raw,2016-dec14-1536-cn-plate3-252.raw,,,,t-BuBrettPhos,t-BuBrettPhos,CC(C)C1=CC(C(C)C)=CC(C(C)C)=C1C2=C(P(C(C)(C)C)C(C)(C)C)C(OC)=CC=C2OC,P2Et,CN(C)P(N(C)C)(N(C)C)=NP(N(C)C)(N(C)C)=NCC,7.0,"5-Phenyl-1,2,4-oxadiazole",c1ccc(-c2ncno2)cc1,0.0,True,True,,17455.47883,
AHNEMAN_BH_P1_R28_C32,,control,True,aryl_halide_free_control,1,4.0,28,32,/Volumes/Jupetit/rxnpredict/yield_data/plate1.4.csv,8:L,2016-Dec14-1536-CN-Plate4-124.Raw,2016-dec14-1536-cn-plate4-124.raw,,,,t-BuBrettPhos,t-BuBrettPhos,CC(C)C1=CC(C(C)C)=CC(C(C)C)=C1C2=C(P(C(C)(C)C)C(C)(C)C)C(OC)=CC=C2OC,BTMG,CN(C)/C(N(C)C)=N\C(C)(C)C,7.0,"5-Phenyl-1,2,4-oxadiazole",c1ccc(-c2ncno2)cc1,0.0,True,True,,18779.31905,
AHNEMAN_BH_P1_R28_C48,,control,True,aryl_halide_free_control,1,4.0,28,48,/Volumes/Jupetit/rxnpredict/yield_data/plate1.4.csv,24:L,2016-Dec14-1536-CN-Plate4-380.Raw,2016-dec14-1536-cn-plate4-380.raw,,,,t-BuBrettPhos,t-BuBrettPhos,CC(C)C1=CC(C(C)C)=CC(C(C)C)=C1C2=C(P(C(C)(C)C)C(C)(C)C)C(OC)=CC=C2OC,MTBD,CN1CCCN2CCCN=C12,7.0,"5-Phenyl-1,2,4-oxadiazole",c1ccc(-c2ncno2)cc1,0.0,True,True,,18118.18741,
AHNEMAN_BH_P1_R29_C16,,control,True,aryl_halide_free_control,1,3.0,29,16,/Volumes/Jupetit/rxnpredict/yield_data/plate1.3.csv,16:M,2016-Dec14-1536-CN-Plate3-253.Raw,2016-dec14-1536-cn-plate3-253.raw,,,,AdBrettPhos,AdBrettPhos,CC(C1=C(C2=C(OC)C=CC(OC)=C2P(C34CC5CC(C4)CC(C5)C3)C67CC8CC(C7)CC(C8)C6)C(C(C)C)=CC(C(C)C)=C1)C,P2Et,CN(C)P(N(C)C)(N(C)C)=NP(N(C)C)(N(C)C)=NCC,1.0,4-phenylisoxazole,o1cc(cn1)c2ccccc2,0.0,True,True,,16753.56191,
AHNEMAN_BH_P1_R29_C32,,control,True,aryl_halide_free_control,1,4.0,29,32,/Volumes/Jupetit/rxnpredict/yield_data/plate1.4.csv,8:M,2016-Dec14-1536-CN-Plate4-125.Raw,2016-dec14-1536-cn-plate4-125.raw,,,,AdBrettPhos,AdBrettPhos,CC(C1=C(C2=C(OC)C=CC(OC)=C2P(C34CC5CC(C4)CC(C5)C3)C67CC8CC(C7)CC(C8)C6)C(C(C)C)=CC(C(C)C)=C1)C,BTMG,CN(C)/C(N(C)C)=N\C(C)(C)C,1.0,4-phenylisoxazole,o1cc(cn1)c2ccccc2,0.0,True,True,,19250.99163,
AHNEMAN_BH_P1_R29_C48,,control,True,aryl_halide_free_control,1,4.0,29,48,/Volumes/Jupetit/rxnpredict/yield_data/plate1.4.csv,24:M,2016-Dec14-1536-CN-Plate4-381.Raw,2016-dec14-1536-cn-plate4-381.raw,,,,AdBrettPhos,AdBrettPhos,CC(C1=C(C2=C(OC)C=CC(OC)=C2P(C34CC5CC(C4)CC(C5)C3)C67CC8CC(C7)CC(C8)C6)C(C(C)C)=CC(C(C)C)=C1)C,MTBD,CN1CCCN2CCCN=C12,1.0,4-phenylisoxazole,o1cc(cn1)c2ccccc2,0.0,True,True,,17597.57728,
AHNEMAN_BH_P1_R30_C16,,control,True,aryl_halide_free_control,1,3.0,30,16,/Volumes/Jupetit/rxnpredict/yield_data/plate1.3.csv,16:N,2016-Dec14-1536-CN-Plate3-254.Raw,2016-dec14-1536-cn-plate3-254.raw,,,,AdBrettPhos,AdBrettPhos,CC(C1=C(C2=C(OC)C=CC(OC)=C2P(C34CC5CC(C4)CC(C5)C3)C67CC8CC(C7)CC(C8)C6)C(C(C)C)=CC(C(C)C)=C1)C,P2Et,CN(C)P(N(C)C)(N(C)C)=NP(N(C)C)(N(C)C)=NCC,3.0,3-phenylisoxazole,o1ccc(n1)c2ccccc2,0.0,True,True,,16518.68633,
AHNEMAN_BH_P1_R30_C32,,control,True,aryl_halide_free_control,1,4.0,30,32,/Volumes/Jupetit/rxnpredict/yield_data/plate1.4.csv,8:N,2016-Dec14-1536-CN-Plate4-126.Raw,2016-dec14-1536-cn-plate4-126.raw,,,,AdBrettPhos,AdBrettPhos,CC(C1=C(C2=C(OC)C=CC(OC)=C2P(C34CC5CC(C4)CC(C5)C3)C67CC8CC(C7)CC(C8)C6)C(C(C)C)=CC(C(C)C)=C1)C,BTMG,CN(C)/C(N(C)C)=N\C(C)(C)C,3.0,3-phenylisoxazole,o1ccc(n1)c2ccccc2,0.0,True,True,,18314.47184,
AHNEMAN_BH_P1_R30_C48,,control,True,aryl_halide_free_control,1,4.0,30,48,/Volumes/Jupetit/rxnpredict/yield_data/plate1.4.csv,24:N,2016-Dec14-1536-CN-Plate4-382.Raw,2016-dec14-1536-cn-plate4-382.raw,,,,AdBrettPhos,AdBrettPhos,CC(C1=C(C2=C(OC)C=CC(OC)=C2P(C34CC5CC(C4)CC(C5)C3)C67CC8CC(C7)CC(C8)C6)C(C(C)C)=CC(C(C)C)=C1)C,MTBD,CN1CCCN2CCCN=C12,3.0,3-phenylisoxazole,o1ccc(n1)c2ccccc2,0.0,True,True,,16446.73694,
AHNEMAN_BH_P1_R31_C16,,control,True,aryl_halide_free_control,1,3.0,31,16,/Volumes/Jupetit/rxnpredict/yield_data/plate1.3.csv,16:O,2016-Dec14-1536-CN-Plate3-255.Raw,2016-dec14-1536-cn-plate3-255.raw,,,,AdBrettPhos,AdBrettPhos,CC(C1=C(C2=C(OC)C=CC(OC)=C2P(C34CC5CC(C4)CC(C5)C3)C67CC8CC(C7)CC(C8)C6)C(C(C)C)=CC(C(C)C)=C1)C,P2Et,CN(C)P(N(C)C)(N(C)C)=NP(N(C)C)(N(C)C)=NCC,5.0,3-methylisoxazole,Cc1ccon1,0.0,True,True,,16125.32358,
AHNEMAN_BH_P1_R31_C32,,control,True,aryl_halide_free_control,1,4.0,31,32,/Volumes/Jupetit/rxnpredict/yield_data/plate1.4.csv,8:O,2016-Dec14-1536-CN-Plate4-127.Raw,2016-dec14-1536-cn-plate4-127.raw,,,,AdBrettPhos,AdBrettPhos,CC(C1=C(C2=C(OC)C=CC(OC)=C2P(C34CC5CC(C4)CC(C5)C3)C67CC8CC(C7)CC(C8)C6)C(C(C)C)=CC(C(C)C)=C1)C,BTMG,CN(C)/C(N(C)C)=N\C(C)(C)C,5.0,3-methylisoxazole,Cc1ccon1,0.0,True,True,,18404.00172,
AHNEMAN_BH_P1_R31_C48,,control,True,aryl_halide_free_control,1,4.0,31,48,/Volumes/Jupetit/rxnpredict/yield_data/plate1.4.csv,24:O,2016-Dec14-1536-CN-Plate4-383.Raw,2016-dec14-1536-cn-plate4-383.raw,,,,AdBrettPhos,AdBrettPhos,CC(C1=C(C2=C(OC)C=CC(OC)=C2P(C34CC5CC(C4)CC(C5)C3)C67CC8CC(C7)CC(C8)C6)C(C(C)C)=CC(C(C)C)=C1)C,MTBD,CN1CCCN2CCCN=C12,5.0,3-methylisoxazole,Cc1ccon1,0.0,True,True,,16858.45176,
AHNEMAN_BH_P1_R32_C16,,control,True,aryl_halide_free_control,1,3.0,32,16,/Volumes/Jupetit/rxnpredict/yield_data/plate1.3.csv,16:P,2016-Dec14-1536-CN-Plate3-256.Raw,2016-dec14-1536-cn-plate3-256.raw,,,,AdBrettPhos,AdBrettPhos,CC(C1=C(C2=C(OC)C=CC(OC)=C2P(C34CC5CC(C4)CC(C5)C3)C67CC8CC(C7)CC(C8)C6)C(C(C)C)=CC(C(C)C)=C1)C,P2Et,CN(C)P(N(C)C)(N(C)C)=NP(N(C)C)(N(C)C)=NCC,7.0,"5-Phenyl-1,2,4-oxadiazole",c1ccc(-c2ncno2)cc1,0.0,True,True,,16435.86449,
AHNEMAN_BH_P1_R32_C32,,control,True,aryl_halide_free_control,1,4.0,32,32,/Volumes/Jupetit/rxnpredict/yield_data/plate1.4.csv,8:P,2016-Dec14-1536-CN-Plate4-128.Raw,2016-dec14-1536-cn-plate4-128.raw,,,,AdBrettPhos,AdBrettPhos,CC(C1=C(C2=C(OC)C=CC(OC)=C2P(C34CC5CC(C4)CC(C5)C3)C67CC8CC(C7)CC(C8)C6)C(C(C)C)=CC(C(C)C)=C1)C,BTMG,CN(C)/C(N(C)C)=N\C(C)(C)C,7.0,"5-Phenyl-1,2,4-oxadiazole",c1ccc(-c2ncno2)cc1,0.0,True,True,,18364.17536,
AHNEMAN_BH_P1_R32_C48,,control,True,aryl_halide_free_control,1,4.0,32,48,/Volumes/Jupetit/rxnpredict/yield_data/plate1.4.csv,24:P,2016-Dec14-1536-CN-Plate4-384.Raw,2016-dec14-1536-cn-plate4-384.raw,,,,AdBrettPhos,AdBrettPhos,CC(C1=C(C2=C(OC)C=CC(OC)=C2P(C34CC5CC(C4)CC(C5)C3)C67CC8CC(C7)CC(C8)C6)C(C(C)C)=CC(C(C)C)=C1)C,MTBD,CN1CCCN2CCCN=C12,7.0,"5-Phenyl-1,2,4-oxadiazole",c1ccc(-c2ncno2)cc1,0.0,True,True,,17383.83892,
AHNEMAN_BH_P2_R01_C16,,control,True,aryl_halide_free_control,2,1.0,1,16,/Volumes/Jupetit/rxnpredict/yield_data/plate2.1.csv,16:A,2017-Jan26-1536-CN-Plate1-241.Raw,2017-jan26-1536-cn-plate1-241.raw,,,,XPhos,XPhos,CC(C)C1=CC(C(C)C)=CC(C(C)C)=C1C2=C(P(C3CCCCC3)C4CCCCC4)C=CC=C2,P2Et,CN(C)P(N(C)C)(N(C)C)=NP(N(C)C)(N(C)C)=NCC,8.0,5-methylisoxazole,Cc1oncc1,0.0,True,True,,20054.19145,
AHNEMAN_BH_P2_R01_C32,,control,True,aryl_halide_free_control,2,2.0,1,32,/Volumes/Jupetit/rxnpredict/yield_data/plate2.2.csv,8:A,2017-Jan26-1536-CN-Plate2-113.Raw,2017-jan26-1536-cn-plate2-113.raw,,,,XPhos,XPhos,CC(C)C1=CC(C(C)C)=CC(C(C)C)=C1C2=C(P(C3CCCCC3)C4CCCCC4)C=CC=C2,BTMG,CN(C)/C(N(C)C)=N\C(C)(C)C,8.0,5-methylisoxazole,Cc1oncc1,0.0,True,True,,20925.39233,
AHNEMAN_BH_P2_R01_C48,,control,True,aryl_halide_free_control,2,2.0,1,48,/Volumes/Jupetit/rxnpredict/yield_data/plate2.2.csv,24:A,2017-Jan26-1536-CN-Plate2-369.Raw,2017-jan26-1536-cn-plate2-369.raw,,,,XPhos,XPhos,CC(C)C1=CC(C(C)C)=CC(C(C)C)=C1C2=C(P(C3CCCCC3)C4CCCCC4)C=CC=C2,MTBD,CN1CCCN2CCCN=C12,8.0,5-methylisoxazole,Cc1oncc1,0.0,True,True,,18489.71581,
AHNEMAN_BH_P2_R02_C16,,control,True,aryl_halide_free_control,2,1.0,2,16,/Volumes/Jupetit/rxnpredict/yield_data/plate2.1.csv,16:B,2017-Jan26-1536-CN-Plate1-242.Raw,2017-jan26-1536-cn-plate1-242.raw,,,,XPhos,XPhos,CC(C)C1=CC(C(C)C)=CC(C(C)C)=C1C2=C(P(C3CCCCC3)C4CCCCC4)C=CC=C2,P2Et,CN(C)P(N(C)C)(N(C)C)=NP(N(C)C)(N(C)C)=NCC,10.0,benzo[c]isoxazole,o1cc2ccccc2n1,0.0,True,True,,20595.1428,
AHNEMAN_BH_P2_R02_C32,,control,True,aryl_halide_free_control,2,2.0,2,32,/Volumes/Jupetit/rxnpredict/yield_data/plate2.2.csv,8:B,2017-Jan26-1536-CN-Plate2-114.Raw,2017-jan26-1536-cn-plate2-114.raw,,,,XPhos,XPhos,CC(C)C1=CC(C(C)C)=CC(C(C)C)=C1C2=C(P(C3CCCCC3)C4CCCCC4)C=CC=C2,BTMG,CN(C)/C(N(C)C)=N\C(C)(C)C,10.0,benzo[c]isoxazole,o1cc2ccccc2n1,0.0,True,True,,19836.50473,
AHNEMAN_BH_P2_R02_C48,,control,True,aryl_halide_free_control,2,2.0,2,48,/Volumes/Jupetit/rxnpredict/yield_data/plate2.2.csv,24:B,2017-Jan26-1536-CN-Plate2-370.Raw,2017-jan26-1536-cn-plate2-370.raw,,,,XPhos,XPhos,CC(C)C1=CC(C(C)C)=CC(C(C)C)=C1C2=C(P(C3CCCCC3)C4CCCCC4)C=CC=C2,MTBD,CN1CCCN2CCCN=C12,10.0,benzo[c]isoxazole,o1cc2ccccc2n1,0.0,True,True,,15606.94519,
AHNEMAN_BH_P2_R03_C16,,control,True,aryl_halide_free_control,2,1.0,3,16,/Volumes/Jupetit/rxnpredict/yield_data/plate2.1.csv,16:C,2017-Jan26-1536-CN-Plate1-243.Raw,2017-jan26-1536-cn-plate1-243.raw,,,,XPhos,XPhos,CC(C)C1=CC(C(C)C)=CC(C(C)C)=C1C2=C(P(C3CCCCC3)C4CCCCC4)C=CC=C2,P2Et,CN(C)P(N(C)C)(N(C)C)=NP(N(C)C)(N(C)C)=NCC,12.0,"3,5-dimethylisoxazole",Cc1onc(C)c1,0.0,True,True,,19879.60194,
AHNEMAN_BH_P2_R03_C32,,control,True,aryl_halide_free_control,2,2.0,3,32,/Volumes/Jupetit/rxnpredict/yield_data/plate2.2.csv,8:C,2017-Jan26-1536-CN-Plate2-115.Raw,2017-jan26-1536-cn-plate2-115.raw,,,,XPhos,XPhos,CC(C)C1=CC(C(C)C)=CC(C(C)C)=C1C2=C(P(C3CCCCC3)C4CCCCC4)C=CC=C2,BTMG,CN(C)/C(N(C)C)=N\C(C)(C)C,12.0,"3,5-dimethylisoxazole",Cc1onc(C)c1,0.0,True,True,,19539.78044,
AHNEMAN_BH_P2_R03_C48,,control,True,aryl_halide_free_control,2,2.0,3,48,/Volumes/Jupetit/rxnpredict/yield_data/plate2.2.csv,24:C,2017-Jan26-1536-CN-Plate2-371.Raw,2017-jan26-1536-cn-plate2-371.raw,,,,XPhos,XPhos,CC(C)C1=CC(C(C)C)=CC(C(C)C)=C1C2=C(P(C3CCCCC3)C4CCCCC4)C=CC=C2,MTBD,CN1CCCN2CCCN=C12,12.0,"3,5-dimethylisoxazole",Cc1onc(C)c1,0.0,True,True,,16130.06615,
AHNEMAN_BH_P2_R04_C16,,control,True,aryl_halide_free_control,2,1.0,4,16,/Volumes/Jupetit/rxnpredict/yield_data/plate2.1.csv,16:D,2017-Jan26-1536-CN-Plate1-244.Raw,2017-jan26-1536-cn-plate1-244.raw,,,,XPhos,XPhos,CC(C)C1=CC(C(C)C)=CC(C(C)C)=C1C2=C(P(C3CCCCC3)C4CCCCC4)C=CC=C2,P2Et,CN(C)P(N(C)C)(N(C)C)=NP(N(C)C)(N(C)C)=NCC,14.0,methyl-isoxazole-5-carboxylate,COC(=O)c1oncc1,0.0,True,True,,19712.81184,
AHNEMAN_BH_P2_R04_C32,,control,True,aryl_halide_free_control,2,2.0,4,32,/Volumes/Jupetit/rxnpredict/yield_data/plate2.2.csv,8:D,2017-Jan26-1536-CN-Plate2-116.Raw,2017-jan26-1536-cn-plate2-116.raw,,,,XPhos,XPhos,CC(C)C1=CC(C(C)C)=CC(C(C)C)=C1C2=C(P(C3CCCCC3)C4CCCCC4)C=CC=C2,BTMG,CN(C)/C(N(C)C)=N\C(C)(C)C,14.0,methyl-isoxazole-5-carboxylate,COC(=O)c1oncc1,0.0,True,True,,21138.0561,
AHNEMAN_BH_P2_R04_C48,,control,True,aryl_halide_free_control,2,2.0,4,48,/Volumes/Jupetit/rxnpredict/yield_data/plate2.2.csv,24:D,2017-Jan26-1536-CN-Plate2-372.Raw,2017-jan26-1536-cn-plate2-372.raw,,,,XPhos,XPhos,CC(C)C1=CC(C(C)C)=CC(C(C)C)=C1C2=C(P(C3CCCCC3)C4CCCCC4)C=CC=C2,MTBD,CN1CCCN2CCCN=C12,14.0,methyl-isoxazole-5-carboxylate,COC(=O)c1oncc1,0.0,True,True,,16695.22985,
AHNEMAN_BH_P2_R05_C16,,control,True,aryl_halide_free_control,2,1.0,5,16,/Volumes/Jupetit/rxnpredict/yield_data/plate2.1.csv,16:E,2017-Jan26-1536-CN-Plate1-245.Raw,2017-jan26-1536-cn-plate1-245.raw,,,,t-BuXPhos,t-BuXPhos,CC(C)C(C=C(C(C)C)C=C1C(C)C)=C1C2=CC=CC=C2P(C(C)(C)C)C(C)(C)C,P2Et,CN(C)P(N(C)C)(N(C)C)=NP(N(C)C)(N(C)C)=NCC,8.0,5-methylisoxazole,Cc1oncc1,0.0,True,True,,19618.75003,
AHNEMAN_BH_P2_R05_C32,,control,True,aryl_halide_free_control,2,2.0,5,32,/Volumes/Jupetit/rxnpredict/yield_data/plate2.2.csv,8:E,2017-Jan26-1536-CN-Plate2-117.Raw,2017-jan26-1536-cn-plate2-117.raw,,,,t-BuXPhos,t-BuXPhos,CC(C)C(C=C(C(C)C)C=C1C(C)C)=C1C2=CC=CC=C2P(C(C)(C)C)C(C)(C)C,BTMG,CN(C)/C(N(C)C)=N\C(C)(C)C,8.0,5-methylisoxazole,Cc1oncc1,0.0,True,True,,18650.79326,
AHNEMAN_BH_P2_R05_C48,,control,True,aryl_halide_free_control,2,2.0,5,48,/Volumes/Jupetit/rxnpredict/yield_data/plate2.2.csv,24:E,2017-Jan26-1536-CN-Plate2-373.Raw,2017-jan26-1536-cn-plate2-373.raw,,,,t-BuXPhos,t-BuXPhos,CC(C)C(C=C(C(C)C)C=C1C(C)C)=C1C2=CC=CC=C2P(C(C)(C)C)C(C)(C)C,MTBD,CN1CCCN2CCCN=C12,8.0,5-methylisoxazole,Cc1oncc1,0.0,True,True,,14813.60195,
AHNEMAN_BH_P2_R06_C16,,control,True,aryl_halide_free_control,2,1.0,6,16,/Volumes/Jupetit/rxnpredict/yield_data/plate2.1.csv,16:F,2017-Jan26-1536-CN-Plate1-246.Raw,2017-jan26-1536-cn-plate1-246.raw,,,,t-BuXPhos,t-BuXPhos,CC(C)C(C=C(C(C)C)C=C1C(C)C)=C1C2=CC=CC=C2P(C(C)(C)C)C(C)(C)C,P2Et,CN(C)P(N(C)C)(N(C)C)=NP(N(C)C)(N(C)C)=NCC,10.0,benzo[c]isoxazole,o1cc2ccccc2n1,0.0,True,True,,19464.47389,
AHNEMAN_BH_P2_R06_C32,,control,True,aryl_halide_free_control,2,2.0,6,32,/Volumes/Jupetit/rxnpredict/yield_data/plate2.2.csv,8:F,2017-Jan26-1536-CN-Plate2-118.Raw,2017-jan26-1536-cn-plate2-118.raw,,,,t-BuXPhos,t-BuXPhos,CC(C)C(C=C(C(C)C)C=C1C(C)C)=C1C2=CC=CC=C2P(C(C)(C)C)C(C)(C)C,BTMG,CN(C)/C(N(C)C)=N\C(C)(C)C,10.0,benzo[c]isoxazole,o1cc2ccccc2n1,0.0,True,True,,19862.16512,
AHNEMAN_BH_P2_R06_C48,,control,True,aryl_halide_free_control,2,2.0,6,48,/Volumes/Jupetit/rxnpredict/yield_data/plate2.2.csv,24:F,2017-Jan26-1536-CN-Plate2-374.Raw,2017-jan26-1536-cn-plate2-374.raw,,,,t-BuXPhos,t-BuXPhos,CC(C)C(C=C(C(C)C)C=C1C(C)C)=C1C2=CC=CC=C2P(C(C)(C)C)C(C)(C)C,MTBD,CN1CCCN2CCCN=C12,10.0,benzo[c]isoxazole,o1cc2ccccc2n1,0.0,True,True,,15429.18366,
AHNEMAN_BH_P2_R07_C16,,control,True,aryl_halide_free_control,2,1.0,7,16,/Volumes/Jupetit/rxnpredict/yield_data/plate2.1.csv,16:G,2017-Jan26-1536-CN-Plate1-247.Raw,2017-jan26-1536-cn-plate1-247.raw,,,,t-BuXPhos,t-BuXPhos,CC(C)C(C=C(C(C)C)C=C1C(C)C)=C1C2=CC=CC=C2P(C(C)(C)C)C(C)(C)C,P2Et,CN(C)P(N(C)C)(N(C)C)=NP(N(C)C)(N(C)C)=NCC,12.0,"3,5-dimethylisoxazole",Cc1onc(C)c1,0.0,True,True,,19553.91095,
AHNEMAN_BH_P2_R07_C32,,control,True,aryl_halide_free_control,2,2.0,7,32,/Volumes/Jupetit/rxnpredict/yield_data/plate2.2.csv,8:G,2017-Jan26-1536-CN-Plate2-119.Raw,2017-jan26-1536-cn-plate2-119.raw,,,,t-BuXPhos,t-BuXPhos,CC(C)C(C=C(C(C)C)C=C1C(C)C)=C1C2=CC=CC=C2P(C(C)(C)C)C(C)(C)C,BTMG,CN(C)/C(N(C)C)=N\C(C)(C)C,12.0,"3,5-dimethylisoxazole",Cc1onc(C)c1,0.0,True,True,,20079.68297,
AHNEMAN_BH_P2_R07_C48,,control,True,aryl_halide_free_control,2,2.0,7,48,/Volumes/Jupetit/rxnpredict/yield_data/plate2.2.csv,24:G,2017-Jan26-1536-CN-Plate2-375.Raw,2017-jan26-1536-cn-plate2-375.raw,,,,t-BuXPhos,t-BuXPhos,CC(C)C(C=C(C(C)C)C=C1C(C)C)=C1C2=CC=CC=C2P(C(C)(C)C)C(C)(C)C,MTBD,CN1CCCN2CCCN=C12,12.0,"3,5-dimethylisoxazole",Cc1onc(C)c1,0.0,True,True,,14996.08015,
AHNEMAN_BH_P2_R08_C16,,control,True,aryl_halide_free_control,2,1.0,8,16,/Volumes/Jupetit/rxnpredict/yield_data/plate2.1.csv,16:H,2017-Jan26-1536-CN-Plate1-248.Raw,2017-jan26-1536-cn-plate1-248.raw,,,,t-BuXPhos,t-BuXPhos,CC(C)C(C=C(C(C)C)C=C1C(C)C)=C1C2=CC=CC=C2P(C(C)(C)C)C(C)(C)C,P2Et,CN(C)P(N(C)C)(N(C)C)=NP(N(C)C)(N(C)C)=NCC,14.0,methyl-isoxazole-5-carboxylate,COC(=O)c1oncc1,0.0,True,True,,19928.63854,
AHNEMAN_BH_P2_R08_C32,,control,True,aryl_halide_free_control,2,2.0,8,32,/Volumes/Jupetit/rxnpredict/yield_data/plate2.2.csv,8:H,2017-Jan26-1536-CN-Plate2-120.Raw,2017-jan26-1536-cn-plate2-120.raw,,,,t-BuXPhos,t-BuXPhos,CC(C)C(C=C(C(C)C)C=C1C(C)C)=C1C2=CC=CC=C2P(C(C)(C)C)C(C)(C)C,BTMG,CN(C)/C(N(C)C)=N\C(C)(C)C,14.0,methyl-isoxazole-5-carboxylate,COC(=O)c1oncc1,0.0,True,True,,19742.12727,
AHNEMAN_BH_P2_R08_C48,,control,True,aryl_halide_free_control,2,2.0,8,48,/Volumes/Jupetit/rxnpredict/yield_data/plate2.2.csv,24:H,2017-Jan26-1536-CN-Plate2-376.Raw,2017-jan26-1536-cn-plate2-376.raw,,,,t-BuXPhos,t-BuXPhos,CC(C)C(C=C(C(C)C)C=C1C(C)C)=C1C2=CC=CC=C2P(C(C)(C)C)C(C)(C)C,MTBD,CN1CCCN2CCCN=C12,14.0,methyl-isoxazole-5-carboxylate,COC(=O)c1oncc1,0.0,True,True,,14619.6502,
AHNEMAN_BH_P2_R09_C16,,control,True,aryl_halide_free_control,2,1.0,9,16,/Volumes/Jupetit/rxnpredict/yield_data/plate2.1.csv,16:I,2017-Jan26-1536-CN-Plate1-249.Raw,2017-jan26-1536-cn-plate1-249.raw,,,,t-BuBrettPhos,t-BuBrettPhos,CC(C)C1=CC(C(C)C)=CC(C(C)C)=C1C2=C(P(C(C)(C)C)C(C)(C)C)C(OC)=CC=C2OC,P2Et,CN(C)P(N(C)C)(N(C)C)=NP(N(C)C)(N(C)C)=NCC,8.0,5-methylisoxazole,Cc1oncc1,0.0,True,True,,19915.9986,
AHNEMAN_BH_P2_R09_C32,,control,True,aryl_halide_free_control,2,2.0,9,32,/Volumes/Jupetit/rxnpredict/yield_data/plate2.2.csv,8:I,2017-Jan26-1536-CN-Plate2-121.Raw,2017-jan26-1536-cn-plate2-121.raw,,,,t-BuBrettPhos,t-BuBrettPhos,CC(C)C1=CC(C(C)C)=CC(C(C)C)=C1C2=C(P(C(C)(C)C)C(C)(C)C)C(OC)=CC=C2OC,BTMG,CN(C)/C(N(C)C)=N\C(C)(C)C,8.0,5-methylisoxazole,Cc1oncc1,0.0,True,True,,18733.83694,
AHNEMAN_BH_P2_R09_C48,,control,True,aryl_halide_free_control,2,2.0,9,48,/Volumes/Jupetit/rxnpredict/yield_data/plate2.2.csv,24:I,2017-Jan26-1536-CN-Plate2-377.Raw,2017-jan26-1536-cn-plate2-377.raw,,,,t-BuBrettPhos,t-BuBrettPhos,CC(C)C1=CC(C(C)C)=CC(C(C)C)=C1C2=C(P(C(C)(C)C)C(C)(C)C)C(OC)=CC=C2OC,MTBD,CN1CCCN2CCCN=C12,8.0,5-methylisoxazole,Cc1oncc1,0.0,True,True,,14587.71728,
AHNEMAN_BH_P2_R10_C16,,control,True,aryl_halide_free_control,2,1.0,10,16,/Volumes/Jupetit/rxnpredict/yield_data/plate2.1.csv,16:J,2017-Jan26-1536-CN-Plate1-250.Raw,2017-jan26-1536-cn-plate1-250.raw,,,,t-BuBrettPhos,t-BuBrettPhos,CC(C)C1=CC(C(C)C)=CC(C(C)C)=C1C2=C(P(C(C)(C)C)C(C)(C)C)C(OC)=CC=C2OC,P2Et,CN(C)P(N(C)C)(N(C)C)=NP(N(C)C)(N(C)C)=NCC,10.0,benzo[c]isoxazole,o1cc2ccccc2n1,0.0,True,True,,19767.10793,
AHNEMAN_BH_P2_R10_C32,,control,True,aryl_halide_free_control,2,2.0,10,32,/Volumes/Jupetit/rxnpredict/yield_data/plate2.2.csv,8:J,2017-Jan26-1536-CN-Plate2-122.Raw,2017-jan26-1536-cn-plate2-122.raw,,,,t-BuBrettPhos,t-BuBrettPhos,CC(C)C1=CC(C(C)C)=CC(C(C)C)=C1C2=C(P(C(C)(C)C)C(C)(C)C)C(OC)=CC=C2OC,BTMG,CN(C)/C(N(C)C)=N\C(C)(C)C,10.0,benzo[c]isoxazole,o1cc2ccccc2n1,0.0,True,True,,19148.06779,
AHNEMAN_BH_P2_R10_C48,,control,True,aryl_halide_free_control,2,2.0,10,48,/Volumes/Jupetit/rxnpredict/yield_data/plate2.2.csv,24:J,2017-Jan26-1536-CN-Plate2-378.Raw,2017-jan26-1536-cn-plate2-378.raw,,,,t-BuBrettPhos,t-BuBrettPhos,CC(C)C1=CC(C(C)C)=CC(C(C)C)=C1C2=C(P(C(C)(C)C)C(C)(C)C)C(OC)=CC=C2OC,MTBD,CN1CCCN2CCCN=C12,10.0,benzo[c]isoxazole,o1cc2ccccc2n1,0.0,True,True,,14674.69105,
AHNEMAN_BH_P2_R11_C16,,control,True,aryl_halide_free_control,2,1.0,11,16,/Volumes/Jupetit/rxnpredict/yield_data/plate2.1.csv,16:K,2017-Jan26-1536-CN-Plate1-251.Raw,2017-jan26-1536-cn-plate1-251.raw,,,,t-BuBrettPhos,t-BuBrettPhos,CC(C)C1=CC(C(C)C)=CC(C(C)C)=C1C2=C(P(C(C)(C)C)C(C)(C)C)C(OC)=CC=C2OC,P2Et,CN(C)P(N(C)C)(N(C)C)=NP(N(C)C)(N(C)C)=NCC,12.0,"3,5-dimethylisoxazole",Cc1onc(C)c1,0.0,True,True,,20058.11266,
AHNEMAN_BH_P2_R11_C32,,control,True,aryl_halide_free_control,2,2.0,11,32,/Volumes/Jupetit/rxnpredict/yield_data/plate2.2.csv,8:K,2017-Jan26-1536-CN-Plate2-123.Raw,2017-jan26-1536-cn-plate2-123.raw,,,,t-BuBrettPhos,t-BuBrettPhos,CC(C)C1=CC(C(C)C)=CC(C(C)C)=C1C2=C(P(C(C)(C)C)C(C)(C)C)C(OC)=CC=C2OC,BTMG,CN(C)/C(N(C)C)=N\C(C)(C)C,12.0,"3,5-dimethylisoxazole",Cc1onc(C)c1,0.0,True,True,,19963.51468,
AHNEMAN_BH_P2_R11_C48,,control,True,aryl_halide_free_control,2,2.0,11,48,/Volumes/Jupetit/rxnpredict/yield_data/plate2.2.csv,24:K,2017-Jan26-1536-CN-Plate2-379.Raw,2017-jan26-1536-cn-plate2-379.raw,,,,t-BuBrettPhos,t-BuBrettPhos,CC(C)C1=CC(C(C)C)=CC(C(C)C)=C1C2=C(P(C(C)(C)C)C(C)(C)C)C(OC)=CC=C2OC,MTBD,CN1CCCN2CCCN=C12,12.0,"3,5-dimethylisoxazole",Cc1onc(C)c1,0.0,True,True,,14883.64833,
AHNEMAN_BH_P2_R12_C16,,control,True,aryl_halide_free_control,2,1.0,12,16,/Volumes/Jupetit/rxnpredict/yield_data/plate2.1.csv,16:L,2017-Jan26-1536-CN-Plate1-252.Raw,2017-jan26-1536-cn-plate1-252.raw,,,,t-BuBrettPhos,t-BuBrettPhos,CC(C)C1=CC(C(C)C)=CC(C(C)C)=C1C2=C(P(C(C)(C)C)C(C)(C)C)C(OC)=CC=C2OC,P2Et,CN(C)P(N(C)C)(N(C)C)=NP(N(C)C)(N(C)C)=NCC,14.0,methyl-isoxazole-5-carboxylate,COC(=O)c1oncc1,0.0,True,True,,19912.15165,
AHNEMAN_BH_P2_R12_C32,,control,True,aryl_halide_free_control,2,2.0,12,32,/Volumes/Jupetit/rxnpredict/yield_data/plate2.2.csv,8:L,2017-Jan26-1536-CN-Plate2-124.Raw,2017-jan26-1536-cn-plate2-124.raw,,,,t-BuBrettPhos,t-BuBrettPhos,CC(C)C1=CC(C(C)C)=CC(C(C)C)=C1C2=C(P(C(C)(C)C)C(C)(C)C)C(OC)=CC=C2OC,BTMG,CN(C)/C(N(C)C)=N\C(C)(C)C,14.0,methyl-isoxazole-5-carboxylate,COC(=O)c1oncc1,0.0,True,True,,19015.81962,
AHNEMAN_BH_P2_R12_C48,,control,True,aryl_halide_free_control,2,2.0,12,48,/Volumes/Jupetit/rxnpredict/yield_data/plate2.2.csv,24:L,2017-Jan26-1536-CN-Plate2-380.Raw,2017-jan26-1536-cn-plate2-380.raw,,,,t-BuBrettPhos,t-BuBrettPhos,CC(C)C1=CC(C(C)C)=CC(C(C)C)=C1C2=C(P(C(C)(C)C)C(C)(C)C)C(OC)=CC=C2OC,MTBD,CN1CCCN2CCCN=C12,14.0,methyl-isoxazole-5-carboxylate,COC(=O)c1oncc1,0.0,True,True,,14955.15833,
AHNEMAN_BH_P2_R13_C16,,control,True,aryl_halide_free_control,2,1.0,13,16,/Volumes/Jupetit/rxnpredict/yield_data/plate2.1.csv,16:M,2017-Jan26-1536-CN-Plate1-253.Raw,2017-jan26-1536-cn-plate1-253.raw,,,,AdBrettPhos,AdBrettPhos,CC(C1=C(C2=C(OC)C=CC(OC)=C2P(C34CC5CC(C4)CC(C5)C3)C67CC8CC(C7)CC(C8)C6)C(C(C)C)=CC(C(C)C)=C1)C,P2Et,CN(C)P(N(C)C)(N(C)C)=NP(N(C)C)(N(C)C)=NCC,8.0,5-methylisoxazole,Cc1oncc1,0.0,True,True,,19318.36714,
AHNEMAN_BH_P2_R13_C32,,control,True,aryl_halide_free_control,2,2.0,13,32,/Volumes/Jupetit/rxnpredict/yield_data/plate2.2.csv,8:M,2017-Jan26-1536-CN-Plate2-125.Raw,2017-jan26-1536-cn-plate2-125.raw,,,,AdBrettPhos,AdBrettPhos,CC(C1=C(C2=C(OC)C=CC(OC)=C2P(C34CC5CC(C4)CC(C5)C3)C67CC8CC(C7)CC(C8)C6)C(C(C)C)=CC(C(C)C)=C1)C,BTMG,CN(C)/C(N(C)C)=N\C(C)(C)C,8.0,5-methylisoxazole,Cc1oncc1,0.0,True,True,,19813.53938,
AHNEMAN_BH_P2_R13_C48,,control,True,aryl_halide_free_control,2,2.0,13,48,/Volumes/Jupetit/rxnpredict/yield_data/plate2.2.csv,24:M,2017-Jan26-1536-CN-Plate2-381.Raw,2017-jan26-1536-cn-plate2-381.raw,,,,AdBrettPhos,AdBrettPhos,CC(C1=C(C2=C(OC)C=CC(OC)=C2P(C34CC5CC(C4)CC(C5)C3)C67CC8CC(C7)CC(C8)C6)C(C(C)C)=CC(C(C)C)=C1)C,MTBD,CN1CCCN2CCCN=C12,8.0,5-methylisoxazole,Cc1oncc1,0.0,True,True,,15417.09117,
AHNEMAN_BH_P2_R14_C16,,control,True,aryl_halide_free_control,2,1.0,14,16,/Volumes/Jupetit/rxnpredict/yield_data/plate2.1.csv,16:N,2017-Jan26-1536-CN-Plate1-254.Raw,2017-jan26-1536-cn-plate1-254.raw,,,,AdBrettPhos,AdBrettPhos,CC(C1=C(C2=C(OC)C=CC(OC)=C2P(C34CC5CC(C4)CC(C5)C3)C67CC8CC(C7)CC(C8)C6)C(C(C)C)=CC(C(C)C)=C1)C,P2Et,CN(C)P(N(C)C)(N(C)C)=NP(N(C)C)(N(C)C)=NCC,10.0,benzo[c]isoxazole,o1cc2ccccc2n1,0.0,True,True,,20003.6983,
AHNEMAN_BH_P2_R14_C32,,control,True,aryl_halide_free_control,2,2.0,14,32,/Volumes/Jupetit/rxnpredict/yield_data/plate2.2.csv,8:N,2017-Jan26-1536-CN-Plate2-126.Raw,2017-jan26-1536-cn-plate2-126.raw,,,,AdBrettPhos,AdBrettPhos,CC(C1=C(C2=C(OC)C=CC(OC)=C2P(C34CC5CC(C4)CC(C5)C3)C67CC8CC(C7)CC(C8)C6)C(C(C)C)=CC(C(C)C)=C1)C,BTMG,CN(C)/C(N(C)C)=N\C(C)(C)C,10.0,benzo[c]isoxazole,o1cc2ccccc2n1,0.0,True,True,,19686.57967,
AHNEMAN_BH_P2_R14_C48,,control,True,aryl_halide_free_control,2,2.0,14,48,/Volumes/Jupetit/rxnpredict/yield_data/plate2.2.csv,24:N,2017-Jan26-1536-CN-Plate2-382.Raw,2017-jan26-1536-cn-plate2-382.raw,,,,AdBrettPhos,AdBrettPhos,CC(C1=C(C2=C(OC)C=CC(OC)=C2P(C34CC5CC(C4)CC(C5)C3)C67CC8CC(C7)CC(C8)C6)C(C(C)C)=CC(C(C)C)=C1)C,MTBD,CN1CCCN2CCCN=C12,10.0,benzo[c]isoxazole,o1cc2ccccc2n1,0.0,True,True,,15985.19623,
AHNEMAN_BH_P2_R15_C16,,control,True,aryl_halide_free_control,2,1.0,15,16,/Volumes/Jupetit/rxnpredict/yield_data/plate2.1.csv,16:O,2017-Jan26-1536-CN-Plate1-255.Raw,2017-jan26-1536-cn-plate1-255.raw,,,,AdBrettPhos,AdBrettPhos,CC(C1=C(C2=C(OC)C=CC(OC)=C2P(C34CC5CC(C4)CC(C5)C3)C67CC8CC(C7)CC(C8)C6)C(C(C)C)=CC(C(C)C)=C1)C,P2Et,CN(C)P(N(C)C)(N(C)C)=NP(N(C)C)(N(C)C)=NCC,12.0,"3,5-dimethylisoxazole",Cc1onc(C)c1,0.0,True,True,,19221.18172,
AHNEMAN_BH_P2_R15_C32,,control,True,aryl_halide_free_control,2,2.0,15,32,/Volumes/Jupetit/rxnpredict/yield_data/plate2.2.csv,8:O,2017-Jan26-1536-CN-Plate2-127.Raw,2017-jan26-1536-cn-plate2-127.raw,,,,AdBrettPhos,AdBrettPhos,CC(C1=C(C2=C(OC)C=CC(OC)=C2P(C34CC5CC(C4)CC(C5)C3)C67CC8CC(C7)CC(C8)C6)C(C(C)C)=CC(C(C)C)=C1)C,BTMG,CN(C)/C(N(C)C)=N\C(C)(C)C,12.0,"3,5-dimethylisoxazole",Cc1onc(C)c1,0.0,True,True,,19736.73574,
AHNEMAN_BH_P2_R15_C48,,control,True,aryl_halide_free_control,2,2.0,15,48,/Volumes/Jupetit/rxnpredict/yield_data/plate2.2.csv,24:O,2017-Jan26-1536-CN-Plate2-383.Raw,2017-jan26-1536-cn-plate2-383.raw,,,,AdBrettPhos,AdBrettPhos,CC(C1=C(C2=C(OC)C=CC(OC)=C2P(C34CC5CC(C4)CC(C5)C3)C67CC8CC(C7)CC(C8)C6)C(C(C)C)=CC(C(C)C)=C1)C,MTBD,CN1CCCN2CCCN=C12,12.0,"3,5-dimethylisoxazole",Cc1onc(C)c1,0.0,True,True,,15261.07979,
AHNEMAN_BH_P2_R16_C16,,control,True,aryl_halide_free_control,2,1.0,16,16,/Volumes/Jupetit/rxnpredict/yield_data/plate2.1.csv,16:P,2017-Jan26-1536-CN-Plate1-256.Raw,2017-jan26-1536-cn-plate1-256.raw,,,,AdBrettPhos,AdBrettPhos,CC(C1=C(C2=C(OC)C=CC(OC)=C2P(C34CC5CC(C4)CC(C5)C3)C67CC8CC(C7)CC(C8)C6)C(C(C)C)=CC(C(C)C)=C1)C,P2Et,CN(C)P(N(C)C)(N(C)C)=NP(N(C)C)(N(C)C)=NCC,14.0,methyl-isoxazole-5-carboxylate,COC(=O)c1oncc1,0.0,True,True,,19289.00531,
AHNEMAN_BH_P2_R16_C32,,control,True,aryl_halide_free_control,2,2.0,16,32,/Volumes/Jupetit/rxnpredict/yield_data/plate2.2.csv,8:P,2017-Jan26-1536-CN-Plate2-128.Raw,2017-jan26-1536-cn-plate2-128.raw,,,,AdBrettPhos,AdBrettPhos,CC(C1=C(C2=C(OC)C=CC(OC)=C2P(C34CC5CC(C4)CC(C5)C3)C67CC8CC(C7)CC(C8)C6)C(C(C)C)=CC(C(C)C)=C1)C,BTMG,CN(C)/C(N(C)C)=N\C(C)(C)C,14.0,methyl-isoxazole-5-carboxylate,COC(=O)c1oncc1,0.0,True,True,,18983.72412,
AHNEMAN_BH_P2_R16_C48,,control,True,aryl_halide_free_control,2,2.0,16,48,/Volumes/Jupetit/rxnpredict/yield_data/plate2.2.csv,24:P,2017-Jan26-1536-CN-Plate2-384.Raw,2017-jan26-1536-cn-plate2-384.raw,,,,AdBrettPhos,AdBrettPhos,CC(C1=C(C2=C(OC)C=CC(OC)=C2P(C34CC5CC(C4)CC(C5)C3)C67CC8CC(C7)CC(C8)C6)C(C(C)C)=CC(C(C)C)=C1)C,MTBD,CN1CCCN2CCCN=C12,14.0,methyl-isoxazole-5-carboxylate,COC(=O)c1oncc1,0.0,True,True,,15464.28079,
AHNEMAN_BH_P2_R17_C16,,control,True,aryl_halide_free_control,2,3.0,17,16,/Volumes/Jupetit/rxnpredict/yield_data/plate2.3.csv,16:A,2017-Jan26-1536-CN-Plate3-241.Raw,2017-jan26-1536-cn-plate3-241.raw,,,,XPhos,XPhos,CC(C)C1=CC(C(C)C)=CC(C(C)C)=C1C2=C(P(C3CCCCC3)C4CCCCC4)C=CC=C2,P2Et,CN(C)P(N(C)C)(N(C)C)=NP(N(C)C)(N(C)C)=NCC,9.0,ethyl-isoxazole-3-carboxylate,CCOC(=O)c1ccon1,0.0,True,True,,19698.19943,
AHNEMAN_BH_P2_R17_C32,,control,True,aryl_halide_free_control,2,4.0,17,32,/Volumes/Jupetit/rxnpredict/yield_data/plate2.4.csv,8:A,2017-Jan26-1536-CN-Plate4-113.Raw,2017-jan26-1536-cn-plate4-113.raw,,,,XPhos,XPhos,CC(C)C1=CC(C(C)C)=CC(C(C)C)=C1C2=C(P(C3CCCCC3)C4CCCCC4)C=CC=C2,BTMG,CN(C)/C(N(C)C)=N\C(C)(C)C,9.0,ethyl-isoxazole-3-carboxylate,CCOC(=O)c1ccon1,0.0,True,True,,16720.02974,
AHNEMAN_BH_P2_R17_C48,,control,True,aryl_halide_free_control,2,4.0,17,48,/Volumes/Jupetit/rxnpredict/yield_data/plate2.4.csv,24:A,2017-Jan26-1536-CN-Plate4-369.Raw,2017-jan26-1536-cn-plate4-369.raw,,,,XPhos,XPhos,CC(C)C1=CC(C(C)C)=CC(C(C)C)=C1C2=C(P(C3CCCCC3)C4CCCCC4)C=CC=C2,MTBD,CN1CCCN2CCCN=C12,9.0,ethyl-isoxazole-3-carboxylate,CCOC(=O)c1ccon1,0.0,True,True,,20537.6934,
AHNEMAN_BH_P2_R18_C16,,control,True,aryl_halide_free_control,2,3.0,18,16,/Volumes/Jupetit/rxnpredict/yield_data/plate2.3.csv,16:B,2017-Jan26-1536-CN-Plate3-242.Raw,2017-jan26-1536-cn-plate3-242.raw,,,,XPhos,XPhos,CC(C)C1=CC(C(C)C)=CC(C(C)C)=C1C2=C(P(C3CCCCC3)C4CCCCC4)C=CC=C2,P2Et,CN(C)P(N(C)C)(N(C)C)=NP(N(C)C)(N(C)C)=NCC,11.0,ethyl-5-methylisoxazole-4-carboxylate,CCOC(=O)c1cnoc1C,0.0,True,True,,18991.15938,
AHNEMAN_BH_P2_R18_C32,,control,True,aryl_halide_free_control,2,4.0,18,32,/Volumes/Jupetit/rxnpredict/yield_data/plate2.4.csv,8:B,2017-Jan26-1536-CN-Plate4-114.Raw,2017-jan26-1536-cn-plate4-114.raw,,,,XPhos,XPhos,CC(C)C1=CC(C(C)C)=CC(C(C)C)=C1C2=C(P(C3CCCCC3)C4CCCCC4)C=CC=C2,BTMG,CN(C)/C(N(C)C)=N\C(C)(C)C,11.0,ethyl-5-methylisoxazole-4-carboxylate,CCOC(=O)c1cnoc1C,0.0,True,True,,17406.62717,
AHNEMAN_BH_P2_R18_C48,,control,True,aryl_halide_free_control,2,4.0,18,48,/Volumes/Jupetit/rxnpredict/yield_data/plate2.4.csv,24:B,2017-Jan26-1536-CN-Plate4-370.Raw,2017-jan26-1536-cn-plate4-370.raw,,,,XPhos,XPhos,CC(C)C1=CC(C(C)C)=CC(C(C)C)=C1C2=C(P(C3CCCCC3)C4CCCCC4)C=CC=C2,MTBD,CN1CCCN2CCCN=C12,11.0,ethyl-5-methylisoxazole-4-carboxylate,CCOC(=O)c1cnoc1C,0.0,True,True,,20412.34054,
AHNEMAN_BH_P2_R19_C16,,control,True,aryl_halide_free_control,2,3.0,19,16,/Volumes/Jupetit/rxnpredict/yield_data/plate2.3.csv,16:C,2017-Jan26-1536-CN-Plate3-243.Raw,2017-jan26-1536-cn-plate3-243.raw,,,,XPhos,XPhos,CC(C)C1=CC(C(C)C)=CC(C(C)C)=C1C2=C(P(C3CCCCC3)C4CCCCC4)C=CC=C2,P2Et,CN(C)P(N(C)C)(N(C)C)=NP(N(C)C)(N(C)C)=NCC,13.0,ethyl-isoxazole-4-carboxylate,CCOC(=O)c1conc1,0.0,True,True,,19202.675,
AHNEMAN_BH_P2_R19_C32,,control,True,aryl_halide_free_control,2,4.0,19,32,/Volumes/Jupetit/rxnpredict/yield_data/plate2.4.csv,8:C,2017-Jan26-1536-CN-Plate4-115.Raw,2017-jan26-1536-cn-plate4-115.raw,,,,XPhos,XPhos,CC(C)C1=CC(C(C)C)=CC(C(C)C)=C1C2=C(P(C3CCCCC3)C4CCCCC4)C=CC=C2,BTMG,CN(C)/C(N(C)C)=N\C(C)(C)C,13.0,ethyl-isoxazole-4-carboxylate,CCOC(=O)c1conc1,0.0,True,True,,17047.84253,
AHNEMAN_BH_P2_R19_C48,,control,True,aryl_halide_free_control,2,4.0,19,48,/Volumes/Jupetit/rxnpredict/yield_data/plate2.4.csv,24:C,2017-Jan26-1536-CN-Plate4-371.Raw,2017-jan26-1536-cn-plate4-371.raw,,,,XPhos,XPhos,CC(C)C1=CC(C(C)C)=CC(C(C)C)=C1C2=C(P(C3CCCCC3)C4CCCCC4)C=CC=C2,MTBD,CN1CCCN2CCCN=C12,13.0,ethyl-isoxazole-4-carboxylate,CCOC(=O)c1conc1,0.0,True,True,,19794.16484,
AHNEMAN_BH_P2_R20_C16,,control,True,aryl_halide_free_control,2,3.0,20,16,/Volumes/Jupetit/rxnpredict/yield_data/plate2.3.csv,16:D,2017-Jan26-1536-CN-Plate3-244.Raw,2017-jan26-1536-cn-plate3-244.raw,,,,XPhos,XPhos,CC(C)C1=CC(C(C)C)=CC(C(C)C)=C1C2=C(P(C3CCCCC3)C4CCCCC4)C=CC=C2,P2Et,CN(C)P(N(C)C)(N(C)C)=NP(N(C)C)(N(C)C)=NCC,15.0,benzo[d]isoxazole,o1ncc2ccccc12,0.0,True,True,,19125.44579,
AHNEMAN_BH_P2_R20_C32,,control,True,aryl_halide_free_control,2,4.0,20,32,/Volumes/Jupetit/rxnpredict/yield_data/plate2.4.csv,8:D,2017-Jan26-1536-CN-Plate4-116.Raw,2017-jan26-1536-cn-plate4-116.raw,,,,XPhos,XPhos,CC(C)C1=CC(C(C)C)=CC(C(C)C)=C1C2=C(P(C3CCCCC3)C4CCCCC4)C=CC=C2,BTMG,CN(C)/C(N(C)C)=N\C(C)(C)C,15.0,benzo[d]isoxazole,o1ncc2ccccc12,0.0,True,True,,16840.86247,
AHNEMAN_BH_P2_R20_C48,,control,True,aryl_halide_free_control,2,4.0,20,48,/Volumes/Jupetit/rxnpredict/yield_data/plate2.4.csv,24:D,2017-Jan26-1536-CN-Plate4-372.Raw,2017-jan26-1536-cn-plate4-372.raw,,,,XPhos,XPhos,CC(C)C1=CC(C(C)C)=CC(C(C)C)=C1C2=C(P(C3CCCCC3)C4CCCCC4)C=CC=C2,MTBD,CN1CCCN2CCCN=C12,15.0,benzo[d]isoxazole,o1ncc2ccccc12,0.0,True,True,,20541.63815,
AHNEMAN_BH_P2_R21_C16,,control,True,aryl_halide_free_control,2,3.0,21,16,/Volumes/Jupetit/rxnpredict/yield_data/plate2.3.csv,16:E,2017-Jan26-1536-CN-Plate3-245.Raw,2017-jan26-1536-cn-plate3-245.raw,,,,t-BuXPhos,t-BuXPhos,CC(C)C(C=C(C(C)C)C=C1C(C)C)=C1C2=CC=CC=C2P(C(C)(C)C)C(C)(C)C,P2Et,CN(C)P(N(C)C)(N(C)C)=NP(N(C)C)(N(C)C)=NCC,9.0,ethyl-isoxazole-3-carboxylate,CCOC(=O)c1ccon1,0.0,True,True,,19324.68091,
AHNEMAN_BH_P2_R21_C32,,control,True,aryl_halide_free_control,2,4.0,21,32,/Volumes/Jupetit/rxnpredict/yield_data/plate2.4.csv,8:E,2017-Jan26-1536-CN-Plate4-117.Raw,2017-jan26-1536-cn-plate4-117.raw,,,,t-BuXPhos,t-BuXPhos,CC(C)C(C=C(C(C)C)C=C1C(C)C)=C1C2=CC=CC=C2P(C(C)(C)C)C(C)(C)C,BTMG,CN(C)/C(N(C)C)=N\C(C)(C)C,9.0,ethyl-isoxazole-3-carboxylate,CCOC(=O)c1ccon1,0.0,True,True,,15959.33715,
AHNEMAN_BH_P2_R21_C48,,control,True,aryl_halide_free_control,2,4.0,21,48,/Volumes/Jupetit/rxnpredict/yield_data/plate2.4.csv,24:E,2017-Jan26-1536-CN-Plate4-373.Raw,2017-jan26-1536-cn-plate4-373.raw,,,,t-BuXPhos,t-BuXPhos,CC(C)C(C=C(C(C)C)C=C1C(C)C)=C1C2=CC=CC=C2P(C(C)(C)C)C(C)(C)C,MTBD,CN1CCCN2CCCN=C12,9.0,ethyl-isoxazole-3-carboxylate,CCOC(=O)c1ccon1,0.0,True,True,,19016.58137,
AHNEMAN_BH_P2_R22_C16,,control,True,aryl_halide_free_control,2,3.0,22,16,/Volumes/Jupetit/rxnpredict/yield_data/plate2.3.csv,16:F,2017-Jan26-1536-CN-Plate3-246.Raw,2017-jan26-1536-cn-plate3-246.raw,,,,t-BuXPhos,t-BuXPhos,CC(C)C(C=C(C(C)C)C=C1C(C)C)=C1C2=CC=CC=C2P(C(C)(C)C)C(C)(C)C,P2Et,CN(C)P(N(C)C)(N(C)C)=NP(N(C)C)(N(C)C)=NCC,11.0,ethyl-5-methylisoxazole-4-carboxylate,CCOC(=O)c1cnoc1C,0.0,True,True,,19181.43257,
AHNEMAN_BH_P2_R22_C32,,control,True,aryl_halide_free_control,2,4.0,22,32,/Volumes/Jupetit/rxnpredict/yield_data/plate2.4.csv,8:F,2017-Jan26-1536-CN-Plate4-118.Raw,2017-jan26-1536-cn-plate4-118.raw,,,,t-BuXPhos,t-BuXPhos,CC(C)C(C=C(C(C)C)C=C1C(C)C)=C1C2=CC=CC=C2P(C(C)(C)C)C(C)(C)C,BTMG,CN(C)/C(N(C)C)=N\C(C)(C)C,11.0,ethyl-5-methylisoxazole-4-carboxylate,CCOC(=O)c1cnoc1C,0.0,True,True,,16401.74025,
AHNEMAN_BH_P2_R22_C48,,control,True,aryl_halide_free_control,2,4.0,22,48,/Volumes/Jupetit/rxnpredict/yield_data/plate2.4.csv,24:F,2017-Jan26-1536-CN-Plate4-374.Raw,2017-jan26-1536-cn-plate4-374.raw,,,,t-BuXPhos,t-BuXPhos,CC(C)C(C=C(C(C)C)C=C1C(C)C)=C1C2=CC=CC=C2P(C(C)(C)C)C(C)(C)C,MTBD,CN1CCCN2CCCN=C12,11.0,ethyl-5-methylisoxazole-4-carboxylate,CCOC(=O)c1cnoc1C,0.0,True,True,,19391.64424,
AHNEMAN_BH_P2_R23_C16,,control,True,aryl_halide_free_control,2,3.0,23,16,/Volumes/Jupetit/rxnpredict/yield_data/plate2.3.csv,16:G,2017-Jan26-1536-CN-Plate3-247.Raw,2017-jan26-1536-cn-plate3-247.raw,,,,t-BuXPhos,t-BuXPhos,CC(C)C(C=C(C(C)C)C=C1C(C)C)=C1C2=CC=CC=C2P(C(C)(C)C)C(C)(C)C,P2Et,CN(C)P(N(C)C)(N(C)C)=NP(N(C)C)(N(C)C)=NCC,13.0,ethyl-isoxazole-4-carboxylate,CCOC(=O)c1conc1,0.0,True,True,,19070.08215,
AHNEMAN_BH_P2_R23_C32,,control,True,aryl_halide_free_control,2,4.0,23,32,/Volumes/Jupetit/rxnpredict/yield_data/plate2.4.csv,8:G,2017-Jan26-1536-CN-Plate4-119.Raw,2017-jan26-1536-cn-plate4-119.raw,,,,t-BuXPhos,t-BuXPhos,CC(C)C(C=C(C(C)C)C=C1C(C)C)=C1C2=CC=CC=C2P(C(C)(C)C)C(C)(C)C,BTMG,CN(C)/C(N(C)C)=N\C(C)(C)C,13.0,ethyl-isoxazole-4-carboxylate,CCOC(=O)c1conc1,0.0,True,True,,16298.67383,
AHNEMAN_BH_P2_R23_C48,,control,True,aryl_halide_free_control,2,4.0,23,48,/Volumes/Jupetit/rxnpredict/yield_data/plate2.4.csv,24:G,2017-Jan26-1536-CN-Plate4-375.Raw,2017-jan26-1536-cn-plate4-375.raw,,,,t-BuXPhos,t-BuXPhos,CC(C)C(C=C(C(C)C)C=C1C(C)C)=C1C2=CC=CC=C2P(C(C)(C)C)C(C)(C)C,MTBD,CN1CCCN2CCCN=C12,13.0,ethyl-isoxazole-4-carboxylate,CCOC(=O)c1conc1,0.0,True,True,,19275.69323,
AHNEMAN_BH_P2_R24_C16,,control,True,aryl_halide_free_control,2,3.0,24,16,/Volumes/Jupetit/rxnpredict/yield_data/plate2.3.csv,16:H,2017-Jan26-1536-CN-Plate3-248.Raw,2017-jan26-1536-cn-plate3-248.raw,,,,t-BuXPhos,t-BuXPhos,CC(C)C(C=C(C(C)C)C=C1C(C)C)=C1C2=CC=CC=C2P(C(C)(C)C)C(C)(C)C,P2Et,CN(C)P(N(C)C)(N(C)C)=NP(N(C)C)(N(C)C)=NCC,15.0,benzo[d]isoxazole,o1ncc2ccccc12,0.0,True,True,,19516.36258,
AHNEMAN_BH_P2_R24_C32,,control,True,aryl_halide_free_control,2,4.0,24,32,/Volumes/Jupetit/rxnpredict/yield_data/plate2.4.csv,8:H,2017-Jan26-1536-CN-Plate4-120.Raw,2017-jan26-1536-cn-plate4-120.raw,,,,t-BuXPhos,t-BuXPhos,CC(C)C(C=C(C(C)C)C=C1C(C)C)=C1C2=CC=CC=C2P(C(C)(C)C)C(C)(C)C,BTMG,CN(C)/C(N(C)C)=N\C(C)(C)C,15.0,benzo[d]isoxazole,o1ncc2ccccc12,0.0,True,True,,16109.8436,
AHNEMAN_BH_P2_R24_C48,,control,True,aryl_halide_free_control,2,4.0,24,48,/Volumes/Jupetit/rxnpredict/yield_data/plate2.4.csv,24:H,2017-Jan26-1536-CN-Plate4-376.Raw,2017-jan26-1536-cn-plate4-376.raw,,,,t-BuXPhos,t-BuXPhos,CC(C)C(C=C(C(C)C)C=C1C(C)C)=C1C2=CC=CC=C2P(C(C)(C)C)C(C)(C)C,MTBD,CN1CCCN2CCCN=C12,15.0,benzo[d]isoxazole,o1ncc2ccccc12,0.0,True,True,,19314.77882,
AHNEMAN_BH_P2_R25_C16,,control,True,aryl_halide_free_control,2,3.0,25,16,/Volumes/Jupetit/rxnpredict/yield_data/plate2.3.csv,16:I,2017-Jan26-1536-CN-Plate3-249.Raw,2017-jan26-1536-cn-plate3-249.raw,,,,t-BuBrettPhos,t-BuBrettPhos,CC(C)C1=CC(C(C)C)=CC(C(C)C)=C1C2=C(P(C(C)(C)C)C(C)(C)C)C(OC)=CC=C2OC,P2Et,CN(C)P(N(C)C)(N(C)C)=NP(N(C)C)(N(C)C)=NCC,9.0,ethyl-isoxazole-3-carboxylate,CCOC(=O)c1ccon1,0.0,True,True,,19222.60074,
AHNEMAN_BH_P2_R25_C32,,control,True,aryl_halide_free_control,2,4.0,25,32,/Volumes/Jupetit/rxnpredict/yield_data/plate2.4.csv,8:I,2017-Jan26-1536-CN-Plate4-121.Raw,2017-jan26-1536-cn-plate4-121.raw,,,,t-BuBrettPhos,t-BuBrettPhos,CC(C)C1=CC(C(C)C)=CC(C(C)C)=C1C2=C(P(C(C)(C)C)C(C)(C)C)C(OC)=CC=C2OC,BTMG,CN(C)/C(N(C)C)=N\C(C)(C)C,9.0,ethyl-isoxazole-3-carboxylate,CCOC(=O)c1ccon1,0.0,True,True,,17550.63958,
AHNEMAN_BH_P2_R25_C48,,control,True,aryl_halide_free_control,2,4.0,25,48,/Volumes/Jupetit/rxnpredict/yield_data/plate2.4.csv,24:I,2017-Jan26-1536-CN-Plate4-377.Raw,2017-jan26-1536-cn-plate4-377.raw,,,,t-BuBrettPhos,t-BuBrettPhos,CC(C)C1=CC(C(C)C)=CC(C(C)C)=C1C2=C(P(C(C)(C)C)C(C)(C)C)C(OC)=CC=C2OC,MTBD,CN1CCCN2CCCN=C12,9.0,ethyl-isoxazole-3-carboxylate,CCOC(=O)c1ccon1,0.0,True,True,,19629.9855,
AHNEMAN_BH_P2_R26_C16,,control,True,aryl_halide_free_control,2,3.0,26,16,/Volumes/Jupetit/rxnpredict/yield_data/plate2.3.csv,16:J,2017-Jan26-1536-CN-Plate3-250.Raw,2017-jan26-1536-cn-plate3-250.raw,,,,t-BuBrettPhos,t-BuBrettPhos,CC(C)C1=CC(C(C)C)=CC(C(C)C)=C1C2=C(P(C(C)(C)C)C(C)(C)C)C(OC)=CC=C2OC,P2Et,CN(C)P(N(C)C)(N(C)C)=NP(N(C)C)(N(C)C)=NCC,11.0,ethyl-5-methylisoxazole-4-carboxylate,CCOC(=O)c1cnoc1C,0.0,True,True,,19274.59245,
AHNEMAN_BH_P2_R26_C32,,control,True,aryl_halide_free_control,2,4.0,26,32,/Volumes/Jupetit/rxnpredict/yield_data/plate2.4.csv,8:J,2017-Jan26-1536-CN-Plate4-122.Raw,2017-jan26-1536-cn-plate4-122.raw,,,,t-BuBrettPhos,t-BuBrettPhos,CC(C)C1=CC(C(C)C)=CC(C(C)C)=C1C2=C(P(C(C)(C)C)C(C)(C)C)C(OC)=CC=C2OC,BTMG,CN(C)/C(N(C)C)=N\C(C)(C)C,11.0,ethyl-5-methylisoxazole-4-carboxylate,CCOC(=O)c1cnoc1C,0.0,True,True,,16886.82801,
AHNEMAN_BH_P2_R26_C48,,control,True,aryl_halide_free_control,2,4.0,26,48,/Volumes/Jupetit/rxnpredict/yield_data/plate2.4.csv,24:J,2017-Jan26-1536-CN-Plate4-378.Raw,2017-jan26-1536-cn-plate4-378.raw,,,,t-BuBrettPhos,t-BuBrettPhos,CC(C)C1=CC(C(C)C)=CC(C(C)C)=C1C2=C(P(C(C)(C)C)C(C)(C)C)C(OC)=CC=C2OC,MTBD,CN1CCCN2CCCN=C12,11.0,ethyl-5-methylisoxazole-4-carboxylate,CCOC(=O)c1cnoc1C,0.0,True,True,,20021.32476,
AHNEMAN_BH_P2_R27_C16,,control,True,aryl_halide_free_control,2,3.0,27,16,/Volumes/Jupetit/rxnpredict/yield_data/plate2.3.csv,16:K,2017-Jan26-1536-CN-Plate3-251.Raw,2017-jan26-1536-cn-plate3-251.raw,,,,t-BuBrettPhos,t-BuBrettPhos,CC(C)C1=CC(C(C)C)=CC(C(C)C)=C1C2=C(P(C(C)(C)C)C(C)(C)C)C(OC)=CC=C2OC,P2Et,CN(C)P(N(C)C)(N(C)C)=NP(N(C)C)(N(C)C)=NCC,13.0,ethyl-isoxazole-4-carboxylate,CCOC(=O)c1conc1,0.0,True,True,,19216.65134,
AHNEMAN_BH_P2_R27_C32,,control,True,aryl_halide_free_control,2,4.0,27,32,/Volumes/Jupetit/rxnpredict/yield_data/plate2.4.csv,8:K,2017-Jan26-1536-CN-Plate4-123.Raw,2017-jan26-1536-cn-plate4-123.raw,,,,t-BuBrettPhos,t-BuBrettPhos,CC(C)C1=CC(C(C)C)=CC(C(C)C)=C1C2=C(P(C(C)(C)C)C(C)(C)C)C(OC)=CC=C2OC,BTMG,CN(C)/C(N(C)C)=N\C(C)(C)C,13.0,ethyl-isoxazole-4-carboxylate,CCOC(=O)c1conc1,0.0,True,True,,16961.40371,
AHNEMAN_BH_P2_R27_C48,,control,True,aryl_halide_free_control,2,4.0,27,48,/Volumes/Jupetit/rxnpredict/yield_data/plate2.4.csv,24:K,2017-Jan26-1536-CN-Plate4-379.Raw,2017-jan26-1536-cn-plate4-379.raw,,,,t-BuBrettPhos,t-BuBrettPhos,CC(C)C1=CC(C(C)C)=CC(C(C)C)=C1C2=C(P(C(C)(C)C)C(C)(C)C)C(OC)=CC=C2OC,MTBD,CN1CCCN2CCCN=C12,13.0,ethyl-isoxazole-4-carboxylate,CCOC(=O)c1conc1,0.0,True,True,,19573.87149,
AHNEMAN_BH_P2_R28_C16,,control,True,aryl_halide_free_control,2,3.0,28,16,/Volumes/Jupetit/rxnpredict/yield_data/plate2.3.csv,16:L,2017-Jan26-1536-CN-Plate3-252.Raw,2017-jan26-1536-cn-plate3-252.raw,,,,t-BuBrettPhos,t-BuBrettPhos,CC(C)C1=CC(C(C)C)=CC(C(C)C)=C1C2=C(P(C(C)(C)C)C(C)(C)C)C(OC)=CC=C2OC,P2Et,CN(C)P(N(C)C)(N(C)C)=NP(N(C)C)(N(C)C)=NCC,15.0,benzo[d]isoxazole,o1ncc2ccccc12,0.0,True,True,,19346.33138,
AHNEMAN_BH_P2_R28_C32,,control,True,aryl_halide_free_control,2,4.0,28,32,/Volumes/Jupetit/rxnpredict/yield_data/plate2.4.csv,8:L,2017-Jan26-1536-CN-Plate4-124.Raw,2017-jan26-1536-cn-plate4-124.raw,,,,t-BuBrettPhos,t-BuBrettPhos,CC(C)C1=CC(C(C)C)=CC(C(C)C)=C1C2=C(P(C(C)(C)C)C(C)(C)C)C(OC)=CC=C2OC,BTMG,CN(C)/C(N(C)C)=N\C(C)(C)C,15.0,benzo[d]isoxazole,o1ncc2ccccc12,0.0,True,True,,17759.82402,
AHNEMAN_BH_P2_R28_C48,,control,True,aryl_halide_free_control,2,4.0,28,48,/Volumes/Jupetit/rxnpredict/yield_data/plate2.4.csv,24:L,2017-Jan26-1536-CN-Plate4-380.Raw,2017-jan26-1536-cn-plate4-380.raw,,,,t-BuBrettPhos,t-BuBrettPhos,CC(C)C1=CC(C(C)C)=CC(C(C)C)=C1C2=C(P(C(C)(C)C)C(C)(C)C)C(OC)=CC=C2OC,MTBD,CN1CCCN2CCCN=C12,15.0,benzo[d]isoxazole,o1ncc2ccccc12,0.0,True,True,,19666.85766,
AHNEMAN_BH_P2_R29_C16,,control,True,aryl_halide_free_control,2,3.0,29,16,/Volumes/Jupetit/rxnpredict/yield_data/plate2.3.csv,16:M,2017-Jan26-1536-CN-Plate3-253.Raw,2017-jan26-1536-cn-plate3-253.raw,,,,AdBrettPhos,AdBrettPhos,CC(C1=C(C2=C(OC)C=CC(OC)=C2P(C34CC5CC(C4)CC(C5)C3)C67CC8CC(C7)CC(C8)C6)C(C(C)C)=CC(C(C)C)=C1)C,P2Et,CN(C)P(N(C)C)(N(C)C)=NP(N(C)C)(N(C)C)=NCC,9.0,ethyl-isoxazole-3-carboxylate,CCOC(=O)c1ccon1,0.0,True,True,,19358.36221,
AHNEMAN_BH_P2_R29_C32,,control,True,aryl_halide_free_control,2,4.0,29,32,/Volumes/Jupetit/rxnpredict/yield_data/plate2.4.csv,8:M,2017-Jan26-1536-CN-Plate4-125.Raw,2017-jan26-1536-cn-plate4-125.raw,,,,AdBrettPhos,AdBrettPhos,CC(C1=C(C2=C(OC)C=CC(OC)=C2P(C34CC5CC(C4)CC(C5)C3)C67CC8CC(C7)CC(C8)C6)C(C(C)C)=CC(C(C)C)=C1)C,BTMG,CN(C)/C(N(C)C)=N\C(C)(C)C,9.0,ethyl-isoxazole-3-carboxylate,CCOC(=O)c1ccon1,0.0,True,True,,17483.44597,
AHNEMAN_BH_P2_R29_C48,,control,True,aryl_halide_free_control,2,4.0,29,48,/Volumes/Jupetit/rxnpredict/yield_data/plate2.4.csv,24:M,2017-Jan26-1536-CN-Plate4-381.Raw,2017-jan26-1536-cn-plate4-381.raw,,,,AdBrettPhos,AdBrettPhos,CC(C1=C(C2=C(OC)C=CC(OC)=C2P(C34CC5CC(C4)CC(C5)C3)C67CC8CC(C7)CC(C8)C6)C(C(C)C)=CC(C(C)C)=C1)C,MTBD,CN1CCCN2CCCN=C12,9.0,ethyl-isoxazole-3-carboxylate,CCOC(=O)c1ccon1,0.0,True,True,,19669.63373,
AHNEMAN_BH_P2_R30_C16,,control,True,aryl_halide_free_control,2,3.0,30,16,/Volumes/Jupetit/rxnpredict/yield_data/plate2.3.csv,16:N,2017-Jan26-1536-CN-Plate3-254.Raw,2017-jan26-1536-cn-plate3-254.raw,,,,AdBrettPhos,AdBrettPhos,CC(C1=C(C2=C(OC)C=CC(OC)=C2P(C34CC5CC(C4)CC(C5)C3)C67CC8CC(C7)CC(C8)C6)C(C(C)C)=CC(C(C)C)=C1)C,P2Et,CN(C)P(N(C)C)(N(C)C)=NP(N(C)C)(N(C)C)=NCC,11.0,ethyl-5-methylisoxazole-4-carboxylate,CCOC(=O)c1cnoc1C,0.0,True,True,,18928.77261,
AHNEMAN_BH_P2_R30_C32,,control,True,aryl_halide_free_control,2,4.0,30,32,/Volumes/Jupetit/rxnpredict/yield_data/plate2.4.csv,8:N,2017-Jan26-1536-CN-Plate4-126.Raw,2017-jan26-1536-cn-plate4-126.raw,,,,AdBrettPhos,AdBrettPhos,CC(C1=C(C2=C(OC)C=CC(OC)=C2P(C34CC5CC(C4)CC(C5)C3)C67CC8CC(C7)CC(C8)C6)C(C(C)C)=CC(C(C)C)=C1)C,BTMG,CN(C)/C(N(C)C)=N\C(C)(C)C,11.0,ethyl-5-methylisoxazole-4-carboxylate,CCOC(=O)c1cnoc1C,0.0,True,True,,17247.77303,
AHNEMAN_BH_P2_R30_C48,,control,True,aryl_halide_free_control,2,4.0,30,48,/Volumes/Jupetit/rxnpredict/yield_data/plate2.4.csv,24:N,2017-Jan26-1536-CN-Plate4-382.Raw,2017-jan26-1536-cn-plate4-382.raw,,,,AdBrettPhos,AdBrettPhos,CC(C1=C(C2=C(OC)C=CC(OC)=C2P(C34CC5CC(C4)CC(C5)C3)C67CC8CC(C7)CC(C8)C6)C(C(C)C)=CC(C(C)C)=C1)C,MTBD,CN1CCCN2CCCN=C12,11.0,ethyl-5-methylisoxazole-4-carboxylate,CCOC(=O)c1cnoc1C,0.0,True,True,,19205.48682,
AHNEMAN_BH_P2_R31_C16,,control,True,aryl_halide_free_control,2,3.0,31,16,/Volumes/Jupetit/rxnpredict/yield_data/plate2.3.csv,16:O,2017-Jan26-1536-CN-Plate3-255.Raw,2017-jan26-1536-cn-plate3-255.raw,,,,AdBrettPhos,AdBrettPhos,CC(C1=C(C2=C(OC)C=CC(OC)=C2P(C34CC5CC(C4)CC(C5)C3)C67CC8CC(C7)CC(C8)C6)C(C(C)C)=CC(C(C)C)=C1)C,P2Et,CN(C)P(N(C)C)(N(C)C)=NP(N(C)C)(N(C)C)=NCC,13.0,ethyl-isoxazole-4-carboxylate,CCOC(=O)c1conc1,0.0,True,True,,19249.72608,
AHNEMAN_BH_P2_R31_C32,,control,True,aryl_halide_free_control,2,4.0,31,32,/Volumes/Jupetit/rxnpredict/yield_data/plate2.4.csv,8:O,2017-Jan26-1536-CN-Plate4-127.Raw,2017-jan26-1536-cn-plate4-127.raw,,,,AdBrettPhos,AdBrettPhos,CC(C1=C(C2=C(OC)C=CC(OC)=C2P(C34CC5CC(C4)CC(C5)C3)C67CC8CC(C7)CC(C8)C6)C(C(C)C)=CC(C(C)C)=C1)C,BTMG,CN(C)/C(N(C)C)=N\C(C)(C)C,13.0,ethyl-isoxazole-4-carboxylate,CCOC(=O)c1conc1,0.0,True,True,,17307.22043,
AHNEMAN_BH_P2_R31_C48,,control,True,aryl_halide_free_control,2,4.0,31,48,/Volumes/Jupetit/rxnpredict/yield_data/plate2.4.csv,24:O,2017-Jan26-1536-CN-Plate4-383.Raw,2017-jan26-1536-cn-plate4-383.raw,,,,AdBrettPhos,AdBrettPhos,CC(C1=C(C2=C(OC)C=CC(OC)=C2P(C34CC5CC(C4)CC(C5)C3)C67CC8CC(C7)CC(C8)C6)C(C(C)C)=CC(C(C)C)=C1)C,MTBD,CN1CCCN2CCCN=C12,13.0,ethyl-isoxazole-4-carboxylate,CCOC(=O)c1conc1,0.0,True,True,,19102.64377,
AHNEMAN_BH_P2_R32_C16,,control,True,aryl_halide_free_control,2,3.0,32,16,/Volumes/Jupetit/rxnpredict/yield_data/plate2.3.csv,16:P,2017-Jan26-1536-CN-Plate3-256.Raw,2017-jan26-1536-cn-plate3-256.raw,,,,AdBrettPhos,AdBrettPhos,CC(C1=C(C2=C(OC)C=CC(OC)=C2P(C34CC5CC(C4)CC(C5)C3)C67CC8CC(C7)CC(C8)C6)C(C(C)C)=CC(C(C)C)=C1)C,P2Et,CN(C)P(N(C)C)(N(C)C)=NP(N(C)C)(N(C)C)=NCC,15.0,benzo[d]isoxazole,o1ncc2ccccc12,0.0,True,True,,19194.86955,
AHNEMAN_BH_P2_R32_C32,,control,True,aryl_halide_free_control,2,4.0,32,32,/Volumes/Jupetit/rxnpredict/yield_data/plate2.4.csv,8:P,2017-Jan26-1536-CN-Plate4-128.Raw,2017-jan26-1536-cn-plate4-128.raw,,,,AdBrettPhos,AdBrettPhos,CC(C1=C(C2=C(OC)C=CC(OC)=C2P(C34CC5CC(C4)CC(C5)C3)C67CC8CC(C7)CC(C8)C6)C(C(C)C)=CC(C(C)C)=C1)C,BTMG,CN(C)/C(N(C)C)=N\C(C)(C)C,15.0,benzo[d]isoxazole,o1ncc2ccccc12,0.0,True,True,,17136.56257,
AHNEMAN_BH_P2_R32_C48,,control,True,aryl_halide_free_control,2,4.0,32,48,/Volumes/Jupetit/rxnpredict/yield_data/plate2.4.csv,24:P,2017-Jan26-1536-CN-Plate4-384.Raw,2017-jan26-1536-cn-plate4-384.raw,,,,AdBrettPhos,AdBrettPhos,CC(C1=C(C2=C(OC)C=CC(OC)=C2P(C34CC5CC(C4)CC(C5)C3)C67CC8CC(C7)CC(C8)C6)C(C(C)C)=CC(C(C)C)=C1)C,MTBD,CN1CCCN2CCCN=C12,15.0,benzo[d]isoxazole,o1ncc2ccccc12,0.0,True,True,,19196.41567,
AHNEMAN_BH_P3_R01_C16,,control,True,aryl_halide_free_control,3,1.0,1,16,/Volumes/Jupetit/rxnpredict/yield_data/plate3.1.csv,A:16,2017-Feb17-1536-CN-Plate1-16.Raw,2017-feb17-1536-cn-plate1-16.raw,,,,XPhos,XPhos,CC(C)C1=CC(C(C)C)=CC(C(C)C)=C1C2=C(P(C3CCCCC3)C4CCCCC4)C=CC=C2,P2Et,CN(C)P(N(C)C)(N(C)C)=NP(N(C)C)(N(C)C)=NCC,23.0,ethyl-3-methoxyisoxazole-5-carboxylate,CCOC(=O)c1onc(OC)c1,0.0,True,True,,21657.62176,
AHNEMAN_BH_P3_R01_C32,,control,True,aryl_halide_free_control,3,2.0,1,32,/Volumes/Jupetit/rxnpredict/yield_data/plate3.2.csv,A:8,2017-Feb17-1536-CN-Plate2-8.Raw,2017-feb17-1536-cn-plate2-8.raw,,,,XPhos,XPhos,CC(C)C1=CC(C(C)C)=CC(C(C)C)=C1C2=C(P(C3CCCCC3)C4CCCCC4)C=CC=C2,BTMG,CN(C)/C(N(C)C)=N\C(C)(C)C,23.0,ethyl-3-methoxyisoxazole-5-carboxylate,CCOC(=O)c1onc(OC)c1,0.0,True,True,,23977.90117,
AHNEMAN_BH_P3_R01_C48,,control,True,aryl_halide_free_control,3,2.0,1,48,/Volumes/Jupetit/rxnpredict/yield_data/plate3.2.csv,A:24,2017-Feb17-1536-CN-Plate2-24.Raw,2017-feb17-1536-cn-plate2-24.raw,,,,XPhos,XPhos,CC(C)C1=CC(C(C)C)=CC(C(C)C)=C1C2=C(P(C3CCCCC3)C4CCCCC4)C=CC=C2,MTBD,CN1CCCN2CCCN=C12,23.0,ethyl-3-methoxyisoxazole-5-carboxylate,CCOC(=O)c1onc(OC)c1,0.0,True,True,,22455.90323,
AHNEMAN_BH_P3_R02_C16,,control,True,aryl_halide_free_control,3,1.0,2,16,/Volumes/Jupetit/rxnpredict/yield_data/plate3.1.csv,B:16,2017-Feb17-1536-CN-Plate1-40.Raw,2017-feb17-1536-cn-plate1-40.raw,,,,XPhos,XPhos,CC(C)C1=CC(C(C)C)=CC(C(C)C)=C1C2=C(P(C3CCCCC3)C4CCCCC4)C=CC=C2,P2Et,CN(C)P(N(C)C)(N(C)C)=NP(N(C)C)(N(C)C)=NCC,17.0,3-methyl-5-phenylisoxazole,Cc1cc(on1)c2ccccc2,0.0,True,True,,22022.86306,
AHNEMAN_BH_P3_R02_C32,,control,True,aryl_halide_free_control,3,2.0,2,32,/Volumes/Jupetit/rxnpredict/yield_data/plate3.2.csv,B:8,2017-Feb17-1536-CN-Plate2-32.Raw,2017-feb17-1536-cn-plate2-32.raw,,,,XPhos,XPhos,CC(C)C1=CC(C(C)C)=CC(C(C)C)=C1C2=C(P(C3CCCCC3)C4CCCCC4)C=CC=C2,BTMG,CN(C)/C(N(C)C)=N\C(C)(C)C,17.0,3-methyl-5-phenylisoxazole,Cc1cc(on1)c2ccccc2,0.0,True,True,,23532.37391,
AHNEMAN_BH_P3_R02_C48,,control,True,aryl_halide_free_control,3,2.0,2,48,/Volumes/Jupetit/rxnpredict/yield_data/plate3.2.csv,B:24,2017-Feb17-1536-CN-Plate2-48.Raw,2017-feb17-1536-cn-plate2-48.raw,,,,XPhos,XPhos,CC(C)C1=CC(C(C)C)=CC(C(C)C)=C1C2=C(P(C3CCCCC3)C4CCCCC4)C=CC=C2,MTBD,CN1CCCN2CCCN=C12,17.0,3-methyl-5-phenylisoxazole,Cc1cc(on1)c2ccccc2,0.0,True,True,,23875.62055,
AHNEMAN_BH_P3_R03_C16,,control,True,aryl_halide_free_control,3,1.0,3,16,/Volumes/Jupetit/rxnpredict/yield_data/plate3.1.csv,C:16,2017-Feb17-1536-CN-Plate1-64.Raw,2017-feb17-1536-cn-plate1-64.raw,,,,XPhos,XPhos,CC(C)C1=CC(C(C)C)=CC(C(C)C)=C1C2=C(P(C3CCCCC3)C4CCCCC4)C=CC=C2,P2Et,CN(C)P(N(C)C)(N(C)C)=NP(N(C)C)(N(C)C)=NCC,19.0,"N,N-dibenzylisoxazol-3-amine",C(N(Cc1ccccc1)c2ccon2)c3ccccc3,0.0,True,True,,21601.76136,
AHNEMAN_BH_P3_R03_C32,,control,True,aryl_halide_free_control,3,2.0,3,32,/Volumes/Jupetit/rxnpredict/yield_data/plate3.2.csv,C:8,2017-Feb17-1536-CN-Plate2-56.Raw,2017-feb17-1536-cn-plate2-56.raw,,,,XPhos,XPhos,CC(C)C1=CC(C(C)C)=CC(C(C)C)=C1C2=C(P(C3CCCCC3)C4CCCCC4)C=CC=C2,BTMG,CN(C)/C(N(C)C)=N\C(C)(C)C,19.0,"N,N-dibenzylisoxazol-3-amine",C(N(Cc1ccccc1)c2ccon2)c3ccccc3,0.0,True,True,,22894.47091,
AHNEMAN_BH_P3_R03_C48,,control,True,aryl_halide_free_control,3,2.0,3,48,/Volumes/Jupetit/rxnpredict/yield_data/plate3.2.csv,C:24,2017-Feb17-1536-CN-Plate2-72.Raw,2017-feb17-1536-cn-plate2-72.raw,,,,XPhos,XPhos,CC(C)C1=CC(C(C)C)=CC(C(C)C)=C1C2=C(P(C3CCCCC3)C4CCCCC4)C=CC=C2,MTBD,CN1CCCN2CCCN=C12,19.0,"N,N-dibenzylisoxazol-3-amine",C(N(Cc1ccccc1)c2ccon2)c3ccccc3,0.0,True,True,,23445.35957,
AHNEMAN_BH_P3_R04_C16,,control,True,aryl_halide_free_control,3,1.0,4,16,/Volumes/Jupetit/rxnpredict/yield_data/plate3.1.csv,D:16,2017-Feb17-1536-CN-Plate1-88.Raw,2017-feb17-1536-cn-plate1-88.raw,,,,XPhos,XPhos,CC(C)C1=CC(C(C)C)=CC(C(C)C)=C1C2=C(P(C3CCCCC3)C4CCCCC4)C=CC=C2,P2Et,CN(C)P(N(C)C)(N(C)C)=NP(N(C)C)(N(C)C)=NCC,21.0,methyl-5-(furan-2-yl)isoxazole-3-carboxylate,COC(=O)c1cc(on1)c2occc2,0.0,True,True,,24865.09188,
AHNEMAN_BH_P3_R04_C32,,control,True,aryl_halide_free_control,3,2.0,4,32,/Volumes/Jupetit/rxnpredict/yield_data/plate3.2.csv,D:8,2017-Feb17-1536-CN-Plate2-80.Raw,2017-feb17-1536-cn-plate2-80.raw,,,,XPhos,XPhos,CC(C)C1=CC(C(C)C)=CC(C(C)C)=C1C2=C(P(C3CCCCC3)C4CCCCC4)C=CC=C2,BTMG,CN(C)/C(N(C)C)=N\C(C)(C)C,21.0,methyl-5-(furan-2-yl)isoxazole-3-carboxylate,COC(=O)c1cc(on1)c2occc2,0.0,True,True,,25372.1866,
AHNEMAN_BH_P3_R04_C48,,control,True,aryl_halide_free_control,3,2.0,4,48,/Volumes/Jupetit/rxnpredict/yield_data/plate3.2.csv,D:24,2017-Feb17-1536-CN-Plate2-96.Raw,2017-feb17-1536-cn-plate2-96.raw,,,,XPhos,XPhos,CC(C)C1=CC(C(C)C)=CC(C(C)C)=C1C2=C(P(C3CCCCC3)C4CCCCC4)C=CC=C2,MTBD,CN1CCCN2CCCN=C12,21.0,methyl-5-(furan-2-yl)isoxazole-3-carboxylate,COC(=O)c1cc(on1)c2occc2,0.0,True,True,,24607.00496,
AHNEMAN_BH_P3_R05_C16,,control,True,aryl_halide_free_control,3,1.0,5,16,/Volumes/Jupetit/rxnpredict/yield_data/plate3.1.csv,E:16,2017-Feb17-1536-CN-Plate1-112.Raw,2017-feb17-1536-cn-plate1-112.raw,,,,t-BuXPhos,t-BuXPhos,CC(C)C(C=C(C(C)C)C=C1C(C)C)=C1C2=CC=CC=C2P(C(C)(C)C)C(C)(C)C,P2Et,CN(C)P(N(C)C)(N(C)C)=NP(N(C)C)(N(C)C)=NCC,23.0,ethyl-3-methoxyisoxazole-5-carboxylate,CCOC(=O)c1onc(OC)c1,0.0,True,True,,22439.90335,
AHNEMAN_BH_P3_R05_C32,,control,True,aryl_halide_free_control,3,2.0,5,32,/Volumes/Jupetit/rxnpredict/yield_data/plate3.2.csv,E:8,2017-Feb17-1536-CN-Plate2-104.Raw,2017-feb17-1536-cn-plate2-104.raw,,,,t-BuXPhos,t-BuXPhos,CC(C)C(C=C(C(C)C)C=C1C(C)C)=C1C2=CC=CC=C2P(C(C)(C)C)C(C)(C)C,BTMG,CN(C)/C(N(C)C)=N\C(C)(C)C,23.0,ethyl-3-methoxyisoxazole-5-carboxylate,CCOC(=O)c1onc(OC)c1,0.0,True,True,,22950.72032,
AHNEMAN_BH_P3_R05_C48,,control,True,aryl_halide_free_control,3,2.0,5,48,/Volumes/Jupetit/rxnpredict/yield_data/plate3.2.csv,E:24,2017-Feb17-1536-CN-Plate2-120.Raw,2017-feb17-1536-cn-plate2-120.raw,,,,t-BuXPhos,t-BuXPhos,CC(C)C(C=C(C(C)C)C=C1C(C)C)=C1C2=CC=CC=C2P(C(C)(C)C)C(C)(C)C,MTBD,CN1CCCN2CCCN=C12,23.0,ethyl-3-methoxyisoxazole-5-carboxylate,CCOC(=O)c1onc(OC)c1,0.0,True,True,,23516.0372,
AHNEMAN_BH_P3_R06_C16,,control,True,aryl_halide_free_control,3,1.0,6,16,/Volumes/Jupetit/rxnpredict/yield_data/plate3.1.csv,F:16,2017-Feb17-1536-CN-Plate1-136.Raw,2017-feb17-1536-cn-plate1-136.raw,,,,t-BuXPhos,t-BuXPhos,CC(C)C(C=C(C(C)C)C=C1C(C)C)=C1C2=CC=CC=C2P(C(C)(C)C)C(C)(C)C,P2Et,CN(C)P(N(C)C)(N(C)C)=NP(N(C)C)(N(C)C)=NCC,17.0,3-methyl-5-phenylisoxazole,Cc1cc(on1)c2ccccc2,0.0,True,True,,22843.47978,
AHNEMAN_BH_P3_R06_C32,,control,True,aryl_halide_free_control,3,2.0,6,32,/Volumes/Jupetit/rxnpredict/yield_data/plate3.2.csv,F:8,2017-Feb17-1536-CN-Plate2-128.Raw,2017-feb17-1536-cn-plate2-128.raw,,,,t-BuXPhos,t-BuXPhos,CC(C)C(C=C(C(C)C)C=C1C(C)C)=C1C2=CC=CC=C2P(C(C)(C)C)C(C)(C)C,BTMG,CN(C)/C(N(C)C)=N\C(C)(C)C,17.0,3-methyl-5-phenylisoxazole,Cc1cc(on1)c2ccccc2,0.0,True,True,,23435.30118,
AHNEMAN_BH_P3_R06_C48,,control,True,aryl_halide_free_control,3,2.0,6,48,/Volumes/Jupetit/rxnpredict/yield_data/plate3.2.csv,F:24,2017-Feb17-1536-CN-Plate2-144.Raw,2017-feb17-1536-cn-plate2-144.raw,,,,t-BuXPhos,t-BuXPhos,CC(C)C(C=C(C(C)C)C=C1C(C)C)=C1C2=CC=CC=C2P(C(C)(C)C)C(C)(C)C,MTBD,CN1CCCN2CCCN=C12,17.0,3-methyl-5-phenylisoxazole,Cc1cc(on1)c2ccccc2,0.0,True,True,,25930.41289,
AHNEMAN_BH_P3_R07_C16,,control,True,aryl_halide_free_control,3,1.0,7,16,/Volumes/Jupetit/rxnpredict/yield_data/plate3.1.csv,G:16,2017-Feb17-1536-CN-Plate1-160.Raw,2017-feb17-1536-cn-plate1-160.raw,,,,t-BuXPhos,t-BuXPhos,CC(C)C(C=C(C(C)C)C=C1C(C)C)=C1C2=CC=CC=C2P(C(C)(C)C)C(C)(C)C,P2Et,CN(C)P(N(C)C)(N(C)C)=NP(N(C)C)(N(C)C)=NCC,19.0,"N,N-dibenzylisoxazol-3-amine",C(N(Cc1ccccc1)c2ccon2)c3ccccc3,0.0,True,True,,21590.2768,
AHNEMAN_BH_P3_R07_C32,,control,True,aryl_halide_free_control,3,2.0,7,32,/Volumes/Jupetit/rxnpredict/yield_data/plate3.2.csv,G:8,2017-Feb17-1536-CN-Plate2-152.Raw,2017-feb17-1536-cn-plate2-152.raw,,,,t-BuXPhos,t-BuXPhos,CC(C)C(C=C(C(C)C)C=C1C(C)C)=C1C2=CC=CC=C2P(C(C)(C)C)C(C)(C)C,BTMG,CN(C)/C(N(C)C)=N\C(C)(C)C,19.0,"N,N-dibenzylisoxazol-3-amine",C(N(Cc1ccccc1)c2ccon2)c3ccccc3,0.0,True,True,,21820.9137,
AHNEMAN_BH_P3_R07_C48,,control,True,aryl_halide_free_control,3,2.0,7,48,/Volumes/Jupetit/rxnpredict/yield_data/plate3.2.csv,G:24,2017-Feb17-1536-CN-Plate2-168.Raw,2017-feb17-1536-cn-plate2-168.raw,,,,t-BuXPhos,t-BuXPhos,CC(C)C(C=C(C(C)C)C=C1C(C)C)=C1C2=CC=CC=C2P(C(C)(C)C)C(C)(C)C,MTBD,CN1CCCN2CCCN=C12,19.0,"N,N-dibenzylisoxazol-3-amine",C(N(Cc1ccccc1)c2ccon2)c3ccccc3,0.0,True,True,,22007.91238,
AHNEMAN_BH_P3_R08_C16,,control,True,aryl_halide_free_control,3,1.0,8,16,/Volumes/Jupetit/rxnpredict/yield_data/plate3.1.csv,H:16,2017-Feb17-1536-CN-Plate1-184.Raw,2017-feb17-1536-cn-plate1-184.raw,,,,t-BuXPhos,t-BuXPhos,CC(C)C(C=C(C(C)C)C=C1C(C)C)=C1C2=CC=CC=C2P(C(C)(C)C)C(C)(C)C,P2Et,CN(C)P(N(C)C)(N(C)C)=NP(N(C)C)(N(C)C)=NCC,21.0,methyl-5-(furan-2-yl)isoxazole-3-carboxylate,COC(=O)c1cc(on1)c2occc2,0.0,True,True,,22270.09273,
AHNEMAN_BH_P3_R08_C32,,control,True,aryl_halide_free_control,3,2.0,8,32,/Volumes/Jupetit/rxnpredict/yield_data/plate3.2.csv,H:8,2017-Feb17-1536-CN-Plate2-176.Raw,2017-feb17-1536-cn-plate2-176.raw,,,,t-BuXPhos,t-BuXPhos,CC(C)C(C=C(C(C)C)C=C1C(C)C)=C1C2=CC=CC=C2P(C(C)(C)C)C(C)(C)C,BTMG,CN(C)/C(N(C)C)=N\C(C)(C)C,21.0,methyl-5-(furan-2-yl)isoxazole-3-carboxylate,COC(=O)c1cc(on1)c2occc2,0.0,True,True,,22520.67776,
AHNEMAN_BH_P3_R08_C48,,control,True,aryl_halide_free_control,3,2.0,8,48,/Volumes/Jupetit/rxnpredict/yield_data/plate3.2.csv,H:24,2017-Feb17-1536-CN-Plate2-192.Raw,2017-feb17-1536-cn-plate2-192.raw,,,,t-BuXPhos,t-BuXPhos,CC(C)C(C=C(C(C)C)C=C1C(C)C)=C1C2=CC=CC=C2P(C(C)(C)C)C(C)(C)C,MTBD,CN1CCCN2CCCN=C12,21.0,methyl-5-(furan-2-yl)isoxazole-3-carboxylate,COC(=O)c1cc(on1)c2occc2,0.0,True,True,,22279.40856,
AHNEMAN_BH_P3_R09_C16,,control,True,aryl_halide_free_control,3,1.0,9,16,/Volumes/Jupetit/rxnpredict/yield_data/plate3.1.csv,I:16,2017-Feb17-1536-CN-Plate1-208.Raw,2017-feb17-1536-cn-plate1-208.raw,,,,t-BuBrettPhos,t-BuBrettPhos,CC(C)C1=CC(C(C)C)=CC(C(C)C)=C1C2=C(P(C(C)(C)C)C(C)(C)C)C(OC)=CC=C2OC,P2Et,CN(C)P(N(C)C)(N(C)C)=NP(N(C)C)(N(C)C)=NCC,23.0,ethyl-3-methoxyisoxazole-5-carboxylate,CCOC(=O)c1onc(OC)c1,0.0,True,True,,22729.83846,
AHNEMAN_BH_P3_R09_C32,,control,True,aryl_halide_free_control,3,2.0,9,32,/Volumes/Jupetit/rxnpredict/yield_data/plate3.2.csv,I:8,2017-Feb17-1536-CN-Plate2-200.Raw,2017-feb17-1536-cn-plate2-200.raw,,,,t-BuBrettPhos,t-BuBrettPhos,CC(C)C1=CC(C(C)C)=CC(C(C)C)=C1C2=C(P(C(C)(C)C)C(C)(C)C)C(OC)=CC=C2OC,BTMG,CN(C)/C(N(C)C)=N\C(C)(C)C,23.0,ethyl-3-methoxyisoxazole-5-carboxylate,CCOC(=O)c1onc(OC)c1,0.0,True,True,,22312.30564,
AHNEMAN_BH_P3_R09_C48,,control,True,aryl_halide_free_control,3,2.0,9,48,/Volumes/Jupetit/rxnpredict/yield_data/plate3.2.csv,I:24,2017-Feb17-1536-CN-Plate2-216.Raw,2017-feb17-1536-cn-plate2-216.raw,,,,t-BuBrettPhos,t-BuBrettPhos,CC(C)C1=CC(C(C)C)=CC(C(C)C)=C1C2=C(P(C(C)(C)C)C(C)(C)C)C(OC)=CC=C2OC,MTBD,CN1CCCN2CCCN=C12,23.0,ethyl-3-methoxyisoxazole-5-carboxylate,CCOC(=O)c1onc(OC)c1,0.0,True,True,,21927.44584,
AHNEMAN_BH_P3_R10_C16,,control,True,aryl_halide_free_control,3,1.0,10,16,/Volumes/Jupetit/rxnpredict/yield_data/plate3.1.csv,J:16,2017-Feb17-1536-CN-Plate1-232.Raw,2017-feb17-1536-cn-plate1-232.raw,,,,t-BuBrettPhos,t-BuBrettPhos,CC(C)C1=CC(C(C)C)=CC(C(C)C)=C1C2=C(P(C(C)(C)C)C(C)(C)C)C(OC)=CC=C2OC,P2Et,CN(C)P(N(C)C)(N(C)C)=NP(N(C)C)(N(C)C)=NCC,17.0,3-methyl-5-phenylisoxazole,Cc1cc(on1)c2ccccc2,0.0,True,True,,22962.55087,
AHNEMAN_BH_P3_R10_C32,,control,True,aryl_halide_free_control,3,2.0,10,32,/Volumes/Jupetit/rxnpredict/yield_data/plate3.2.csv,J:8,2017-Feb17-1536-CN-Plate2-224.Raw,2017-feb17-1536-cn-plate2-224.raw,,,,t-BuBrettPhos,t-BuBrettPhos,CC(C)C1=CC(C(C)C)=CC(C(C)C)=C1C2=C(P(C(C)(C)C)C(C)(C)C)C(OC)=CC=C2OC,BTMG,CN(C)/C(N(C)C)=N\C(C)(C)C,17.0,3-methyl-5-phenylisoxazole,Cc1cc(on1)c2ccccc2,0.0,True,True,,22330.60421,
AHNEMAN_BH_P3_R10_C48,,control,True,aryl_halide_free_control,3,2.0,10,48,/Volumes/Jupetit/rxnpredict/yield_data/plate3.2.csv,J:24,2017-Feb17-1536-CN-Plate2-240.Raw,2017-feb17-1536-cn-plate2-240.raw,,,,t-BuBrettPhos,t-BuBrettPhos,CC(C)C1=CC(C(C)C)=CC(C(C)C)=C1C2=C(P(C(C)(C)C)C(C)(C)C)C(OC)=CC=C2OC,MTBD,CN1CCCN2CCCN=C12,17.0,3-methyl-5-phenylisoxazole,Cc1cc(on1)c2ccccc2,0.0,True,True,,22599.12982,
AHNEMAN_BH_P3_R11_C16,,control,True,aryl_halide_free_control,3,1.0,11,16,/Volumes/Jupetit/rxnpredict/yield_data/plate3.1.csv,K:16,2017-Feb17-1536-CN-Plate1-256.Raw,2017-feb17-1536-cn-plate1-256.raw,,,,t-BuBrettPhos,t-BuBrettPhos,CC(C)C1=CC(C(C)C)=CC(C(C)C)=C1C2=C(P(C(C)(C)C)C(C)(C)C)C(OC)=CC=C2OC,P2Et,CN(C)P(N(C)C)(N(C)C)=NP(N(C)C)(N(C)C)=NCC,19.0,"N,N-dibenzylisoxazol-3-amine",C(N(Cc1ccccc1)c2ccon2)c3ccccc3,0.0,True,True,,22296.0276,
AHNEMAN_BH_P3_R11_C32,,control,True,aryl_halide_free_control,3,2.0,11,32,/Volumes/Jupetit/rxnpredict/yield_data/plate3.2.csv,K:8,2017-Feb17-1536-CN-Plate2-248.Raw,2017-feb17-1536-cn-plate2-248.raw,,,,t-BuBrettPhos,t-BuBrettPhos,CC(C)C1=CC(C(C)C)=CC(C(C)C)=C1C2=C(P(C(C)(C)C)C(C)(C)C)C(OC)=CC=C2OC,BTMG,CN(C)/C(N(C)C)=N\C(C)(C)C,19.0,"N,N-dibenzylisoxazol-3-amine",C(N(Cc1ccccc1)c2ccon2)c3ccccc3,0.0,True,True,,22242.70479,
AHNEMAN_BH_P3_R11_C48,,control,True,aryl_halide_free_control,3,2.0,11,48,/Volumes/Jupetit/rxnpredict/yield_data/plate3.2.csv,K:24,2017-Feb17-1536-CN-Plate2-264.Raw,2017-feb17-1536-cn-plate2-264.raw,,,,t-BuBrettPhos,t-BuBrettPhos,CC(C)C1=CC(C(C)C)=CC(C(C)C)=C1C2=C(P(C(C)(C)C)C(C)(C)C)C(OC)=CC=C2OC,MTBD,CN1CCCN2CCCN=C12,19.0,"N,N-dibenzylisoxazol-3-amine",C(N(Cc1ccccc1)c2ccon2)c3ccccc3,0.0,True,True,,21864.75869,
AHNEMAN_BH_P3_R12_C16,,control,True,aryl_halide_free_control,3,1.0,12,16,/Volumes/Jupetit/rxnpredict/yield_data/plate3.1.csv,L:16,2017-Feb17-1536-CN-Plate1-280.Raw,2017-feb17-1536-cn-plate1-280.raw,,,,t-BuBrettPhos,t-BuBrettPhos,CC(C)C1=CC(C(C)C)=CC(C(C)C)=C1C2=C(P(C(C)(C)C)C(C)(C)C)C(OC)=CC=C2OC,P2Et,CN(C)P(N(C)C)(N(C)C)=NP(N(C)C)(N(C)C)=NCC,21.0,methyl-5-(furan-2-yl)isoxazole-3-carboxylate,COC(=O)c1cc(on1)c2occc2,0.0,True,True,,22741.75867,
AHNEMAN_BH_P3_R12_C32,,control,True,aryl_halide_free_control,3,2.0,12,32,/Volumes/Jupetit/rxnpredict/yield_data/plate3.2.csv,L:8,2017-Feb17-1536-CN-Plate2-272.Raw,2017-feb17-1536-cn-plate2-272.raw,,,,t-BuBrettPhos,t-BuBrettPhos,CC(C)C1=CC(C(C)C)=CC(C(C)C)=C1C2=C(P(C(C)(C)C)C(C)(C)C)C(OC)=CC=C2OC,BTMG,CN(C)/C(N(C)C)=N\C(C)(C)C,21.0,methyl-5-(furan-2-yl)isoxazole-3-carboxylate,COC(=O)c1cc(on1)c2occc2,0.0,True,True,,22664.88527,
AHNEMAN_BH_P3_R12_C48,,control,True,aryl_halide_free_control,3,2.0,12,48,/Volumes/Jupetit/rxnpredict/yield_data/plate3.2.csv,L:24,2017-Feb17-1536-CN-Plate2-288.Raw,2017-feb17-1536-cn-plate2-288.raw,,,,t-BuBrettPhos,t-BuBrettPhos,CC(C)C1=CC(C(C)C)=CC(C(C)C)=C1C2=C(P(C(C)(C)C)C(C)(C)C)C(OC)=CC=C2OC,MTBD,CN1CCCN2CCCN=C12,21.0,methyl-5-(furan-2-yl)isoxazole-3-carboxylate,COC(=O)c1cc(on1)c2occc2,0.0,True,True,,23180.16595,
AHNEMAN_BH_P3_R13_C16,,control,True,aryl_halide_free_control,3,1.0,13,16,/Volumes/Jupetit/rxnpredict/yield_data/plate3.1.csv,M:16,2017-Feb17-1536-CN-Plate1-304.Raw,2017-feb17-1536-cn-plate1-304.raw,,,,AdBrettPhos,AdBrettPhos,CC(C1=C(C2=C(OC)C=CC(OC)=C2P(C34CC5CC(C4)CC(C5)C3)C67CC8CC(C7)CC(C8)C6)C(C(C)C)=CC(C(C)C)=C1)C,P2Et,CN(C)P(N(C)C)(N(C)C)=NP(N(C)C)(N(C)C)=NCC,23.0,ethyl-3-methoxyisoxazole-5-carboxylate,CCOC(=O)c1onc(OC)c1,0.0,True,True,,22430.64592,
AHNEMAN_BH_P3_R13_C32,,control,True,aryl_halide_free_control,3,2.0,13,32,/Volumes/Jupetit/rxnpredict/yield_data/plate3.2.csv,M:8,2017-Feb17-1536-CN-Plate2-296.Raw,2017-feb17-1536-cn-plate2-296.raw,,,,AdBrettPhos,AdBrettPhos,CC(C1=C(C2=C(OC)C=CC(OC)=C2P(C34CC5CC(C4)CC(C5)C3)C67CC8CC(C7)CC(C8)C6)C(C(C)C)=CC(C(C)C)=C1)C,BTMG,CN(C)/C(N(C)C)=N\C(C)(C)C,23.0,ethyl-3-methoxyisoxazole-5-carboxylate,CCOC(=O)c1onc(OC)c1,0.0,True,True,,21925.40872,
AHNEMAN_BH_P3_R13_C48,,control,True,aryl_halide_free_control,3,2.0,13,48,/Volumes/Jupetit/rxnpredict/yield_data/plate3.2.csv,M:24,2017-Feb17-1536-CN-Plate2-312.Raw,2017-feb17-1536-cn-plate2-312.raw,,,,AdBrettPhos,AdBrettPhos,CC(C1=C(C2=C(OC)C=CC(OC)=C2P(C34CC5CC(C4)CC(C5)C3)C67CC8CC(C7)CC(C8)C6)C(C(C)C)=CC(C(C)C)=C1)C,MTBD,CN1CCCN2CCCN=C12,23.0,ethyl-3-methoxyisoxazole-5-carboxylate,CCOC(=O)c1onc(OC)c1,0.0,True,True,,22587.52513,
AHNEMAN_BH_P3_R14_C16,,control,True,aryl_halide_free_control,3,1.0,14,16,/Volumes/Jupetit/rxnpredict/yield_data/plate3.1.csv,N:16,2017-Feb17-1536-CN-Plate1-328.Raw,2017-feb17-1536-cn-plate1-328.raw,,,,AdBrettPhos,AdBrettPhos,CC(C1=C(C2=C(OC)C=CC(OC)=C2P(C34CC5CC(C4)CC(C5)C3)C67CC8CC(C7)CC(C8)C6)C(C(C)C)=CC(C(C)C)=C1)C,P2Et,CN(C)P(N(C)C)(N(C)C)=NP(N(C)C)(N(C)C)=NCC,17.0,3-methyl-5-phenylisoxazole,Cc1cc(on1)c2ccccc2,0.0,True,True,,22471.99069,
AHNEMAN_BH_P3_R14_C32,,control,True,aryl_halide_free_control,3,2.0,14,32,/Volumes/Jupetit/rxnpredict/yield_data/plate3.2.csv,N:8,2017-Feb17-1536-CN-Plate2-320.Raw,2017-feb17-1536-cn-plate2-320.raw,,,,AdBrettPhos,AdBrettPhos,CC(C1=C(C2=C(OC)C=CC(OC)=C2P(C34CC5CC(C4)CC(C5)C3)C67CC8CC(C7)CC(C8)C6)C(C(C)C)=CC(C(C)C)=C1)C,BTMG,CN(C)/C(N(C)C)=N\C(C)(C)C,17.0,3-methyl-5-phenylisoxazole,Cc1cc(on1)c2ccccc2,0.0,True,True,,22613.69327,
AHNEMAN_BH_P3_R14_C48,,control,True,aryl_halide_free_control,3,2.0,14,48,/Volumes/Jupetit/rxnpredict/yield_data/plate3.2.csv,N:24,2017-Feb17-1536-CN-Plate2-336.Raw,2017-feb17-1536-cn-plate2-336.raw,,,,AdBrettPhos,AdBrettPhos,CC(C1=C(C2=C(OC)C=CC(OC)=C2P(C34CC5CC(C4)CC(C5)C3)C67CC8CC(C7)CC(C8)C6)C(C(C)C)=CC(C(C)C)=C1)C,MTBD,CN1CCCN2CCCN=C12,17.0,3-methyl-5-phenylisoxazole,Cc1cc(on1)c2ccccc2,0.0,True,True,,23553.81277,
AHNEMAN_BH_P3_R15_C16,,control,True,aryl_halide_free_control,3,1.0,15,16,/Volumes/Jupetit/rxnpredict/yield_data/plate3.1.csv,O:16,2017-Feb17-1536-CN-Plate1-352.Raw,2017-feb17-1536-cn-plate1-352.raw,,,,AdBrettPhos,AdBrettPhos,CC(C1=C(C2=C(OC)C=CC(OC)=C2P(C34CC5CC(C4)CC(C5)C3)C67CC8CC(C7)CC(C8)C6)C(C(C)C)=CC(C(C)C)=C1)C,P2Et,CN(C)P(N(C)C)(N(C)C)=NP(N(C)C)(N(C)C)=NCC,19.0,"N,N-dibenzylisoxazol-3-amine",C(N(Cc1ccccc1)c2ccon2)c3ccccc3,0.0,True,True,,22069.80418,
AHNEMAN_BH_P3_R15_C32,,control,True,aryl_halide_free_control,3,2.0,15,32,/Volumes/Jupetit/rxnpredict/yield_data/plate3.2.csv,O:8,2017-Feb17-1536-CN-Plate2-344.Raw,2017-feb17-1536-cn-plate2-344.raw,,,,AdBrettPhos,AdBrettPhos,CC(C1=C(C2=C(OC)C=CC(OC)=C2P(C34CC5CC(C4)CC(C5)C3)C67CC8CC(C7)CC(C8)C6)C(C(C)C)=CC(C(C)C)=C1)C,BTMG,CN(C)/C(N(C)C)=N\C(C)(C)C,19.0,"N,N-dibenzylisoxazol-3-amine",C(N(Cc1ccccc1)c2ccon2)c3ccccc3,0.0,True,True,,21677.08691,
AHNEMAN_BH_P3_R15_C48,,control,True,aryl_halide_free_control,3,2.0,15,48,/Volumes/Jupetit/rxnpredict/yield_data/plate3.2.csv,O:24,2017-Feb17-1536-CN-Plate2-360.Raw,2017-feb17-1536-cn-plate2-360.raw,,,,AdBrettPhos,AdBrettPhos,CC(C1=C(C2=C(OC)C=CC(OC)=C2P(C34CC5CC(C4)CC(C5)C3)C67CC8CC(C7)CC(C8)C6)C(C(C)C)=CC(C(C)C)=C1)C,MTBD,CN1CCCN2CCCN=C12,19.0,"N,N-dibenzylisoxazol-3-amine",C(N(Cc1ccccc1)c2ccon2)c3ccccc3,0.0,True,True,,22145.3427,
AHNEMAN_BH_P3_R16_C16,,control,True,aryl_halide_free_control,3,1.0,16,16,/Volumes/Jupetit/rxnpredict/yield_data/plate3.1.csv,P:16,2017-Feb17-1536-CN-Plate1-376.Raw,2017-feb17-1536-cn-plate1-376.raw,,,,AdBrettPhos,AdBrettPhos,CC(C1=C(C2=C(OC)C=CC(OC)=C2P(C34CC5CC(C4)CC(C5)C3)C67CC8CC(C7)CC(C8)C6)C(C(C)C)=CC(C(C)C)=C1)C,P2Et,CN(C)P(N(C)C)(N(C)C)=NP(N(C)C)(N(C)C)=NCC,21.0,methyl-5-(furan-2-yl)isoxazole-3-carboxylate,COC(=O)c1cc(on1)c2occc2,0.0,True,True,,22716.57307,
AHNEMAN_BH_P3_R16_C32,,control,True,aryl_halide_free_control,3,2.0,16,32,/Volumes/Jupetit/rxnpredict/yield_data/plate3.2.csv,P:8,2017-Feb17-1536-CN-Plate2-368.Raw,2017-feb17-1536-cn-plate2-368.raw,,,,AdBrettPhos,AdBrettPhos,CC(C1=C(C2=C(OC)C=CC(OC)=C2P(C34CC5CC(C4)CC(C5)C3)C67CC8CC(C7)CC(C8)C6)C(C(C)C)=CC(C(C)C)=C1)C,BTMG,CN(C)/C(N(C)C)=N\C(C)(C)C,21.0,methyl-5-(furan-2-yl)isoxazole-3-carboxylate,COC(=O)c1cc(on1)c2occc2,0.0,True,True,,22539.0769,
AHNEMAN_BH_P3_R16_C48,,control,True,aryl_halide_free_control,3,2.0,16,48,/Volumes/Jupetit/rxnpredict/yield_data/plate3.2.csv,P:24,2017-Feb17-1536-CN-Plate2-384.Raw,2017-feb17-1536-cn-plate2-384.raw,,,,AdBrettPhos,AdBrettPhos,CC(C1=C(C2=C(OC)C=CC(OC)=C2P(C34CC5CC(C4)CC(C5)C3)C67CC8CC(C7)CC(C8)C6)C(C(C)C)=CC(C(C)C)=C1)C,MTBD,CN1CCCN2CCCN=C12,21.0,methyl-5-(furan-2-yl)isoxazole-3-carboxylate,COC(=O)c1cc(on1)c2occc2,0.0,True,True,,23460.84761,
AHNEMAN_BH_P3_R17_C16,,control,True,aryl_halide_free_control,3,3.0,17,16,/Volumes/Jupetit/rxnpredict/yield_data/plate3.3.csv,A:16,2017-Feb17-1536-CN-Plate3-16.Raw,2017-feb17-1536-cn-plate3-16.raw,,,,XPhos,XPhos,CC(C)C1=CC(C(C)C)=CC(C(C)C)=C1C2=C(P(C3CCCCC3)C4CCCCC4)C=CC=C2,P2Et,CN(C)P(N(C)C)(N(C)C)=NP(N(C)C)(N(C)C)=NCC,16.0,"5-(2,6-difluorophenyl)isoxazole",Fc1cccc(F)c1c2oncc2,0.0,True,True,,24072.06356,
AHNEMAN_BH_P3_R17_C32,,control,True,aryl_halide_free_control,3,4.0,17,32,/Volumes/Jupetit/rxnpredict/yield_data/plate3.4.csv,A:8,2017-Feb17-1536-CN-Plate4-8.Raw,2017-feb17-1536-cn-plate4-8.raw,,,,XPhos,XPhos,CC(C)C1=CC(C(C)C)=CC(C(C)C)=C1C2=C(P(C3CCCCC3)C4CCCCC4)C=CC=C2,BTMG,CN(C)/C(N(C)C)=N\C(C)(C)C,16.0,"5-(2,6-difluorophenyl)isoxazole",Fc1cccc(F)c1c2oncc2,0.0,True,True,,36850.69267,
AHNEMAN_BH_P3_R17_C48,,control,True,aryl_halide_free_control,3,4.0,17,48,/Volumes/Jupetit/rxnpredict/yield_data/plate3.4.csv,A:24,2017-Feb17-1536-CN-Plate4-24.Raw,2017-feb17-1536-cn-plate4-24.raw,,,,XPhos,XPhos,CC(C)C1=CC(C(C)C)=CC(C(C)C)=C1C2=C(P(C3CCCCC3)C4CCCCC4)C=CC=C2,MTBD,CN1CCCN2CCCN=C12,16.0,"5-(2,6-difluorophenyl)isoxazole",Fc1cccc(F)c1c2oncc2,0.0,True,True,,24497.08622,
AHNEMAN_BH_P3_R18_C16,,control,True,aryl_halide_free_control,3,3.0,18,16,/Volumes/Jupetit/rxnpredict/yield_data/plate3.3.csv,B:16,2017-Feb17-1536-CN-Plate3-40.Raw,2017-feb17-1536-cn-plate3-40.raw,,,,XPhos,XPhos,CC(C)C1=CC(C(C)C)=CC(C(C)C)=C1C2=C(P(C3CCCCC3)C4CCCCC4)C=CC=C2,P2Et,CN(C)P(N(C)C)(N(C)C)=NP(N(C)C)(N(C)C)=NCC,18.0,"N,N-dibenzylisoxazol-5-amine",C(N(Cc1ccccc1)c2oncc2)c3ccccc3,0.0,True,True,,25329.78176,
AHNEMAN_BH_P3_R18_C32,,control,True,aryl_halide_free_control,3,4.0,18,32,/Volumes/Jupetit/rxnpredict/yield_data/plate3.4.csv,B:8,2017-Feb17-1536-CN-Plate4-32.Raw,2017-feb17-1536-cn-plate4-32.raw,,,,XPhos,XPhos,CC(C)C1=CC(C(C)C)=CC(C(C)C)=C1C2=C(P(C3CCCCC3)C4CCCCC4)C=CC=C2,BTMG,CN(C)/C(N(C)C)=N\C(C)(C)C,18.0,"N,N-dibenzylisoxazol-5-amine",C(N(Cc1ccccc1)c2oncc2)c3ccccc3,0.0,True,True,,23944.71469,
AHNEMAN_BH_P3_R18_C48,,control,True,aryl_halide_free_control,3,4.0,18,48,/Volumes/Jupetit/rxnpredict/yield_data/plate3.4.csv,B:24,2017-Feb17-1536-CN-Plate4-48.Raw,2017-feb17-1536-cn-plate4-48.raw,,,,XPhos,XPhos,CC(C)C1=CC(C(C)C)=CC(C(C)C)=C1C2=C(P(C3CCCCC3)C4CCCCC4)C=CC=C2,MTBD,CN1CCCN2CCCN=C12,18.0,"N,N-dibenzylisoxazol-5-amine",C(N(Cc1ccccc1)c2oncc2)c3ccccc3,0.0,True,True,,23048.86533,
AHNEMAN_BH_P3_R19_C16,,control,True,aryl_halide_free_control,3,3.0,19,16,/Volumes/Jupetit/rxnpredict/yield_data/plate3.3.csv,C:16,2017-Feb17-1536-CN-Plate3-64.Raw,2017-feb17-1536-cn-plate3-64.raw,,,,XPhos,XPhos,CC(C)C1=CC(C(C)C)=CC(C(C)C)=C1C2=C(P(C3CCCCC3)C4CCCCC4)C=CC=C2,P2Et,CN(C)P(N(C)C)(N(C)C)=NP(N(C)C)(N(C)C)=NCC,20.0,5-methyl-3-(1H-pyrrol-1-yl)isoxazole,Cc1onc(c1)n2cccc2,0.0,True,True,,24571.22017,
AHNEMAN_BH_P3_R19_C32,,control,True,aryl_halide_free_control,3,4.0,19,32,/Volumes/Jupetit/rxnpredict/yield_data/plate3.4.csv,C:8,2017-Feb17-1536-CN-Plate4-56.Raw,2017-feb17-1536-cn-plate4-56.raw,,,,XPhos,XPhos,CC(C)C1=CC(C(C)C)=CC(C(C)C)=C1C2=C(P(C3CCCCC3)C4CCCCC4)C=CC=C2,BTMG,CN(C)/C(N(C)C)=N\C(C)(C)C,20.0,5-methyl-3-(1H-pyrrol-1-yl)isoxazole,Cc1onc(c1)n2cccc2,0.0,True,True,,23725.82916,
AHNEMAN_BH_P3_R19_C48,,control,True,aryl_halide_free_control,3,4.0,19,48,/Volumes/Jupetit/rxnpredict/yield_data/plate3.4.csv,C:24,2017-Feb17-1536-CN-Plate4-72.Raw,2017-feb17-1536-cn-plate4-72.raw,,,,XPhos,XPhos,CC(C)C1=CC(C(C)C)=CC(C(C)C)=C1C2=C(P(C3CCCCC3)C4CCCCC4)C=CC=C2,MTBD,CN1CCCN2CCCN=C12,20.0,5-methyl-3-(1H-pyrrol-1-yl)isoxazole,Cc1onc(c1)n2cccc2,0.0,True,True,,24052.50453,
AHNEMAN_BH_P3_R20_C16,,control,True,aryl_halide_free_control,3,3.0,20,16,/Volumes/Jupetit/rxnpredict/yield_data/plate3.3.csv,D:16,2017-Feb17-1536-CN-Plate3-88.Raw,2017-feb17-1536-cn-plate3-88.raw,,,,XPhos,XPhos,CC(C)C1=CC(C(C)C)=CC(C(C)C)=C1C2=C(P(C3CCCCC3)C4CCCCC4)C=CC=C2,P2Et,CN(C)P(N(C)C)(N(C)C)=NP(N(C)C)(N(C)C)=NCC,22.0,methyl-5-(thiophen-2-yl)isoxazole-3-carboxylate,COC(=O)c1cc(on1)c2sccc2,0.0,True,True,,24128.65515,
AHNEMAN_BH_P3_R20_C32,,control,True,aryl_halide_free_control,3,4.0,20,32,/Volumes/Jupetit/rxnpredict/yield_data/plate3.4.csv,D:8,2017-Feb17-1536-CN-Plate4-80.Raw,2017-feb17-1536-cn-plate4-80.raw,,,,XPhos,XPhos,CC(C)C1=CC(C(C)C)=CC(C(C)C)=C1C2=C(P(C3CCCCC3)C4CCCCC4)C=CC=C2,BTMG,CN(C)/C(N(C)C)=N\C(C)(C)C,22.0,methyl-5-(thiophen-2-yl)isoxazole-3-carboxylate,COC(=O)c1cc(on1)c2sccc2,0.0,True,True,,23666.38442,
AHNEMAN_BH_P3_R20_C48,,control,True,aryl_halide_free_control,3,4.0,20,48,/Volumes/Jupetit/rxnpredict/yield_data/plate3.4.csv,D:24,2017-Feb17-1536-CN-Plate4-96.Raw,2017-feb17-1536-cn-plate4-96.raw,,,,XPhos,XPhos,CC(C)C1=CC(C(C)C)=CC(C(C)C)=C1C2=C(P(C3CCCCC3)C4CCCCC4)C=CC=C2,MTBD,CN1CCCN2CCCN=C12,22.0,methyl-5-(thiophen-2-yl)isoxazole-3-carboxylate,COC(=O)c1cc(on1)c2sccc2,0.0,True,True,,23514.32001,
AHNEMAN_BH_P3_R21_C16,,control,True,aryl_halide_free_control,3,3.0,21,16,/Volumes/Jupetit/rxnpredict/yield_data/plate3.3.csv,E:16,2017-Feb17-1536-CN-Plate3-112.Raw,2017-feb17-1536-cn-plate3-112.raw,,,,t-BuXPhos,t-BuXPhos,CC(C)C(C=C(C(C)C)C=C1C(C)C)=C1C2=CC=CC=C2P(C(C)(C)C)C(C)(C)C,P2Et,CN(C)P(N(C)C)(N(C)C)=NP(N(C)C)(N(C)C)=NCC,16.0,"5-(2,6-difluorophenyl)isoxazole",Fc1cccc(F)c1c2oncc2,0.0,True,True,,23986.25102,
AHNEMAN_BH_P3_R21_C32,,control,True,aryl_halide_free_control,3,4.0,21,32,/Volumes/Jupetit/rxnpredict/yield_data/plate3.4.csv,E:8,2017-Feb17-1536-CN-Plate4-104.Raw,2017-feb17-1536-cn-plate4-104.raw,,,,t-BuXPhos,t-BuXPhos,CC(C)C(C=C(C(C)C)C=C1C(C)C)=C1C2=CC=CC=C2P(C(C)(C)C)C(C)(C)C,BTMG,CN(C)/C(N(C)C)=N\C(C)(C)C,16.0,"5-(2,6-difluorophenyl)isoxazole",Fc1cccc(F)c1c2oncc2,0.0,True,True,,21875.98504,
AHNEMAN_BH_P3_R21_C48,,control,True,aryl_halide_free_control,3,4.0,21,48,/Volumes/Jupetit/rxnpredict/yield_data/plate3.4.csv,E:24,2017-Feb17-1536-CN-Plate4-120.Raw,2017-feb17-1536-cn-plate4-120.raw,,,,t-BuXPhos,t-BuXPhos,CC(C)C(C=C(C(C)C)C=C1C(C)C)=C1C2=CC=CC=C2P(C(C)(C)C)C(C)(C)C,MTBD,CN1CCCN2CCCN=C12,16.0,"5-(2,6-difluorophenyl)isoxazole",Fc1cccc(F)c1c2oncc2,0.0,True,True,,22158.2361,
AHNEMAN_BH_P3_R22_C16,,control,True,aryl_halide_free_control,3,3.0,22,16,/Volumes/Jupetit/rxnpredict/yield_data/plate3.3.csv,F:16,2017-Feb17-1536-CN-Plate3-136.Raw,2017-feb17-1536-cn-plate3-136.raw,,,,t-BuXPhos,t-BuXPhos,CC(C)C(C=C(C(C)C)C=C1C(C)C)=C1C2=CC=CC=C2P(C(C)(C)C)C(C)(C)C,P2Et,CN(C)P(N(C)C)(N(C)C)=NP(N(C)C)(N(C)C)=NCC,18.0,"N,N-dibenzylisoxazol-5-amine",C(N(Cc1ccccc1)c2oncc2)c3ccccc3,0.0,True,True,,23883.56372,
AHNEMAN_BH_P3_R22_C32,,control,True,aryl_halide_free_control,3,4.0,22,32,/Volumes/Jupetit/rxnpredict/yield_data/plate3.4.csv,F:8,2017-Feb17-1536-CN-Plate4-128.Raw,2017-feb17-1536-cn-plate4-128.raw,,,,t-BuXPhos,t-BuXPhos,CC(C)C(C=C(C(C)C)C=C1C(C)C)=C1C2=CC=CC=C2P(C(C)(C)C)C(C)(C)C,BTMG,CN(C)/C(N(C)C)=N\C(C)(C)C,18.0,"N,N-dibenzylisoxazol-5-amine",C(N(Cc1ccccc1)c2oncc2)c3ccccc3,0.0,True,True,,23566.94417,
AHNEMAN_BH_P3_R22_C48,,control,True,aryl_halide_free_control,3,4.0,22,48,/Volumes/Jupetit/rxnpredict/yield_data/plate3.4.csv,F:24,2017-Feb17-1536-CN-Plate4-144.Raw,2017-feb17-1536-cn-plate4-144.raw,,,,t-BuXPhos,t-BuXPhos,CC(C)C(C=C(C(C)C)C=C1C(C)C)=C1C2=CC=CC=C2P(C(C)(C)C)C(C)(C)C,MTBD,CN1CCCN2CCCN=C12,18.0,"N,N-dibenzylisoxazol-5-amine",C(N(Cc1ccccc1)c2oncc2)c3ccccc3,0.0,True,True,,22673.49168,
AHNEMAN_BH_P3_R23_C16,,control,True,aryl_halide_free_control,3,3.0,23,16,/Volumes/Jupetit/rxnpredict/yield_data/plate3.3.csv,G:16,2017-Feb17-1536-CN-Plate3-160.Raw,2017-feb17-1536-cn-plate3-160.raw,,,,t-BuXPhos,t-BuXPhos,CC(C)C(C=C(C(C)C)C=C1C(C)C)=C1C2=CC=CC=C2P(C(C)(C)C)C(C)(C)C,P2Et,CN(C)P(N(C)C)(N(C)C)=NP(N(C)C)(N(C)C)=NCC,20.0,5-methyl-3-(1H-pyrrol-1-yl)isoxazole,Cc1onc(c1)n2cccc2,0.0,True,True,,24142.84128,
AHNEMAN_BH_P3_R23_C32,,control,True,aryl_halide_free_control,3,4.0,23,32,/Volumes/Jupetit/rxnpredict/yield_data/plate3.4.csv,G:8,2017-Feb17-1536-CN-Plate4-152.Raw,2017-feb17-1536-cn-plate4-152.raw,,,,t-BuXPhos,t-BuXPhos,CC(C)C(C=C(C(C)C)C=C1C(C)C)=C1C2=CC=CC=C2P(C(C)(C)C)C(C)(C)C,BTMG,CN(C)/C(N(C)C)=N\C(C)(C)C,20.0,5-methyl-3-(1H-pyrrol-1-yl)isoxazole,Cc1onc(c1)n2cccc2,0.0,True,True,,22919.21331,
AHNEMAN_BH_P3_R23_C48,,control,True,aryl_halide_free_control,3,4.0,23,48,/Volumes/Jupetit/rxnpredict/yield_data/plate3.4.csv,G:24,2017-Feb17-1536-CN-Plate4-168.Raw,2017-feb17-1536-cn-plate4-168.raw,,,,t-BuXPhos,t-BuXPhos,CC(C)C(C=C(C(C)C)C=C1C(C)C)=C1C2=CC=CC=C2P(C(C)(C)C)C(C)(C)C,MTBD,CN1CCCN2CCCN=C12,20.0,5-methyl-3-(1H-pyrrol-1-yl)isoxazole,Cc1onc(c1)n2cccc2,0.0,True,True,,22258.67201,
AHNEMAN_BH_P3_R24_C16,,control,True,aryl_halide_free_control,3,3.0,24,16,/Volumes/Jupetit/rxnpredict/yield_data/plate3.3.csv,H:16,2017-Feb17-1536-CN-Plate3-184.Raw,2017-feb17-1536-cn-plate3-184.raw,,,,t-BuXPhos,t-BuXPhos,CC(C)C(C=C(C(C)C)C=C1C(C)C)=C1C2=CC=CC=C2P(C(C)(C)C)C(C)(C)C,P2Et,CN(C)P(N(C)C)(N(C)C)=NP(N(C)C)(N(C)C)=NCC,22.0,methyl-5-(thiophen-2-yl)isoxazole-3-carboxylate,COC(=O)c1cc(on1)c2sccc2,0.0,True,True,,23478.28861,
AHNEMAN_BH_P3_R24_C32,,control,True,aryl_halide_free_control,3,4.0,24,32,/Volumes/Jupetit/rxnpredict/yield_data/plate3.4.csv,H:8,2017-Feb17-1536-CN-Plate4-176.Raw,2017-feb17-1536-cn-plate4-176.raw,,,,t-BuXPhos,t-BuXPhos,CC(C)C(C=C(C(C)C)C=C1C(C)C)=C1C2=CC=CC=C2P(C(C)(C)C)C(C)(C)C,BTMG,CN(C)/C(N(C)C)=N\C(C)(C)C,22.0,methyl-5-(thiophen-2-yl)isoxazole-3-carboxylate,COC(=O)c1cc(on1)c2sccc2,0.0,True,True,,23447.52118,
AHNEMAN_BH_P3_R24_C48,,control,True,aryl_halide_free_control,3,4.0,24,48,/Volumes/Jupetit/rxnpredict/yield_data/plate3.4.csv,H:24,2017-Feb17-1536-CN-Plate4-192.Raw,2017-feb17-1536-cn-plate4-192.raw,,,,t-BuXPhos,t-BuXPhos,CC(C)C(C=C(C(C)C)C=C1C(C)C)=C1C2=CC=CC=C2P(C(C)(C)C)C(C)(C)C,MTBD,CN1CCCN2CCCN=C12,22.0,methyl-5-(thiophen-2-yl)isoxazole-3-carboxylate,COC(=O)c1cc(on1)c2sccc2,0.0,True,True,,22338.0598,
AHNEMAN_BH_P3_R25_C16,,control,True,aryl_halide_free_control,3,3.0,25,16,/Volumes/Jupetit/rxnpredict/yield_data/plate3.3.csv,I:16,2017-Feb17-1536-CN-Plate3-208.Raw,2017-feb17-1536-cn-plate3-208.raw,,,,t-BuBrettPhos,t-BuBrettPhos,CC(C)C1=CC(C(C)C)=CC(C(C)C)=C1C2=C(P(C(C)(C)C)C(C)(C)C)C(OC)=CC=C2OC,P2Et,CN(C)P(N(C)C)(N(C)C)=NP(N(C)C)(N(C)C)=NCC,16.0,"5-(2,6-difluorophenyl)isoxazole",Fc1cccc(F)c1c2oncc2,0.0,True,True,,24296.67732,
AHNEMAN_BH_P3_R25_C32,,control,True,aryl_halide_free_control,3,4.0,25,32,/Volumes/Jupetit/rxnpredict/yield_data/plate3.4.csv,I:8,2017-Feb17-1536-CN-Plate4-200.Raw,2017-feb17-1536-cn-plate4-200.raw,,,,t-BuBrettPhos,t-BuBrettPhos,CC(C)C1=CC(C(C)C)=CC(C(C)C)=C1C2=C(P(C(C)(C)C)C(C)(C)C)C(OC)=CC=C2OC,BTMG,CN(C)/C(N(C)C)=N\C(C)(C)C,16.0,"5-(2,6-difluorophenyl)isoxazole",Fc1cccc(F)c1c2oncc2,0.0,True,True,,22413.296,
AHNEMAN_BH_P3_R25_C48,,control,True,aryl_halide_free_control,3,4.0,25,48,/Volumes/Jupetit/rxnpredict/yield_data/plate3.4.csv,I:24,2017-Feb17-1536-CN-Plate4-216.Raw,2017-feb17-1536-cn-plate4-216.raw,,,,t-BuBrettPhos,t-BuBrettPhos,CC(C)C1=CC(C(C)C)=CC(C(C)C)=C1C2=C(P(C(C)(C)C)C(C)(C)C)C(OC)=CC=C2OC,MTBD,CN1CCCN2CCCN=C12,16.0,"5-(2,6-difluorophenyl)isoxazole",Fc1cccc(F)c1c2oncc2,0.0,True,True,,23201.48535,
AHNEMAN_BH_P3_R26_C16,,control,True,aryl_halide_free_control,3,3.0,26,16,/Volumes/Jupetit/rxnpredict/yield_data/plate3.3.csv,J:16,2017-Feb17-1536-CN-Plate3-232.Raw,2017-feb17-1536-cn-plate3-232.raw,,,,t-BuBrettPhos,t-BuBrettPhos,CC(C)C1=CC(C(C)C)=CC(C(C)C)=C1C2=C(P(C(C)(C)C)C(C)(C)C)C(OC)=CC=C2OC,P2Et,CN(C)P(N(C)C)(N(C)C)=NP(N(C)C)(N(C)C)=NCC,18.0,"N,N-dibenzylisoxazol-5-amine",C(N(Cc1ccccc1)c2oncc2)c3ccccc3,0.0,True,True,,24153.89417,
AHNEMAN_BH_P3_R26_C32,,control,True,aryl_halide_free_control,3,4.0,26,32,/Volumes/Jupetit/rxnpredict/yield_data/plate3.4.csv,J:8,2017-Feb17-1536-CN-Plate4-224.Raw,2017-feb17-1536-cn-plate4-224.raw,,,,t-BuBrettPhos,t-BuBrettPhos,CC(C)C1=CC(C(C)C)=CC(C(C)C)=C1C2=C(P(C(C)(C)C)C(C)(C)C)C(OC)=CC=C2OC,BTMG,CN(C)/C(N(C)C)=N\C(C)(C)C,18.0,"N,N-dibenzylisoxazol-5-amine",C(N(Cc1ccccc1)c2oncc2)c3ccccc3,0.0,True,True,,23780.96221,
AHNEMAN_BH_P3_R26_C48,,control,True,aryl_halide_free_control,3,4.0,26,48,/Volumes/Jupetit/rxnpredict/yield_data/plate3.4.csv,J:24,2017-Feb17-1536-CN-Plate4-240.Raw,2017-feb17-1536-cn-plate4-240.raw,,,,t-BuBrettPhos,t-BuBrettPhos,CC(C)C1=CC(C(C)C)=CC(C(C)C)=C1C2=C(P(C(C)(C)C)C(C)(C)C)C(OC)=CC=C2OC,MTBD,CN1CCCN2CCCN=C12,18.0,"N,N-dibenzylisoxazol-5-amine",C(N(Cc1ccccc1)c2oncc2)c3ccccc3,0.0,True,True,,23401.8724,
AHNEMAN_BH_P3_R27_C16,,control,True,aryl_halide_free_control,3,3.0,27,16,/Volumes/Jupetit/rxnpredict/yield_data/plate3.3.csv,K:16,2017-Feb17-1536-CN-Plate3-256.Raw,2017-feb17-1536-cn-plate3-256.raw,,,,t-BuBrettPhos,t-BuBrettPhos,CC(C)C1=CC(C(C)C)=CC(C(C)C)=C1C2=C(P(C(C)(C)C)C(C)(C)C)C(OC)=CC=C2OC,P2Et,CN(C)P(N(C)C)(N(C)C)=NP(N(C)C)(N(C)C)=NCC,20.0,5-methyl-3-(1H-pyrrol-1-yl)isoxazole,Cc1onc(c1)n2cccc2,0.0,True,True,,23958.93456,
AHNEMAN_BH_P3_R27_C32,,control,True,aryl_halide_free_control,3,4.0,27,32,/Volumes/Jupetit/rxnpredict/yield_data/plate3.4.csv,K:8,2017-Feb17-1536-CN-Plate4-248.Raw,2017-feb17-1536-cn-plate4-248.raw,,,,t-BuBrettPhos,t-BuBrettPhos,CC(C)C1=CC(C(C)C)=CC(C(C)C)=C1C2=C(P(C(C)(C)C)C(C)(C)C)C(OC)=CC=C2OC,BTMG,CN(C)/C(N(C)C)=N\C(C)(C)C,20.0,5-methyl-3-(1H-pyrrol-1-yl)isoxazole,Cc1onc(c1)n2cccc2,0.0,True,True,,23071.29583,
AHNEMAN_BH_P3_R27_C48,,control,True,aryl_halide_free_control,3,4.0,27,48,/Volumes/Jupetit/rxnpredict/yield_data/plate3.4.csv,K:24,2017-Feb17-1536-CN-Plate4-264.Raw,2017-feb17-1536-cn-plate4-264.raw,,,,t-BuBrettPhos,t-BuBrettPhos,CC(C)C1=CC(C(C)C)=CC(C(C)C)=C1C2=C(P(C(C)(C)C)C(C)(C)C)C(OC)=CC=C2OC,MTBD,CN1CCCN2CCCN=C12,20.0,5-methyl-3-(1H-pyrrol-1-yl)isoxazole,Cc1onc(c1)n2cccc2,0.0,True,True,,22995.28485,
AHNEMAN_BH_P3_R28_C16,,control,True,aryl_halide_free_control,3,3.0,28,16,/Volumes/Jupetit/rxnpredict/yield_data/plate3.3.csv,L:16,2017-Feb17-1536-CN-Plate3-280.Raw,2017-feb17-1536-cn-plate3-280.raw,,,,t-BuBrettPhos,t-BuBrettPhos,CC(C)C1=CC(C(C)C)=CC(C(C)C)=C1C2=C(P(C(C)(C)C)C(C)(C)C)C(OC)=CC=C2OC,P2Et,CN(C)P(N(C)C)(N(C)C)=NP(N(C)C)(N(C)C)=NCC,22.0,methyl-5-(thiophen-2-yl)isoxazole-3-carboxylate,COC(=O)c1cc(on1)c2sccc2,0.0,True,True,,23669.28249,
AHNEMAN_BH_P3_R28_C32,,control,True,aryl_halide_free_control,3,4.0,28,32,/Volumes/Jupetit/rxnpredict/yield_data/plate3.4.csv,L:8,2017-Feb17-1536-CN-Plate4-272.Raw,2017-feb17-1536-cn-plate4-272.raw,,,,t-BuBrettPhos,t-BuBrettPhos,CC(C)C1=CC(C(C)C)=CC(C(C)C)=C1C2=C(P(C(C)(C)C)C(C)(C)C)C(OC)=CC=C2OC,BTMG,CN(C)/C(N(C)C)=N\C(C)(C)C,22.0,methyl-5-(thiophen-2-yl)isoxazole-3-carboxylate,COC(=O)c1cc(on1)c2sccc2,0.0,True,True,,24557.24385,
AHNEMAN_BH_P3_R28_C48,,control,True,aryl_halide_free_control,3,4.0,28,48,/Volumes/Jupetit/rxnpredict/yield_data/plate3.4.csv,L:24,2017-Feb17-1536-CN-Plate4-288.Raw,2017-feb17-1536-cn-plate4-288.raw,,,,t-BuBrettPhos,t-BuBrettPhos,CC(C)C1=CC(C(C)C)=CC(C(C)C)=C1C2=C(P(C(C)(C)C)C(C)(C)C)C(OC)=CC=C2OC,MTBD,CN1CCCN2CCCN=C12,22.0,methyl-5-(thiophen-2-yl)isoxazole-3-carboxylate,COC(=O)c1cc(on1)c2sccc2,0.0,True,True,,22783.93161,
AHNEMAN_BH_P3_R29_C16,,control,True,aryl_halide_free_control,3,3.0,29,16,/Volumes/Jupetit/rxnpredict/yield_data/plate3.3.csv,M:16,2017-Feb17-1536-CN-Plate3-304.Raw,2017-feb17-1536-cn-plate3-304.raw,,,,AdBrettPhos,AdBrettPhos,CC(C1=C(C2=C(OC)C=CC(OC)=C2P(C34CC5CC(C4)CC(C5)C3)C67CC8CC(C7)CC(C8)C6)C(C(C)C)=CC(C(C)C)=C1)C,P2Et,CN(C)P(N(C)C)(N(C)C)=NP(N(C)C)(N(C)C)=NCC,16.0,"5-(2,6-difluorophenyl)isoxazole",Fc1cccc(F)c1c2oncc2,0.0,True,True,,22938.92417,
AHNEMAN_BH_P3_R29_C32,,control,True,aryl_halide_free_control,3,4.0,29,32,/Volumes/Jupetit/rxnpredict/yield_data/plate3.4.csv,M:8,2017-Feb17-1536-CN-Plate4-296.Raw,2017-feb17-1536-cn-plate4-296.raw,,,,AdBrettPhos,AdBrettPhos,CC(C1=C(C2=C(OC)C=CC(OC)=C2P(C34CC5CC(C4)CC(C5)C3)C67CC8CC(C7)CC(C8)C6)C(C(C)C)=CC(C(C)C)=C1)C,BTMG,CN(C)/C(N(C)C)=N\C(C)(C)C,16.0,"5-(2,6-difluorophenyl)isoxazole",Fc1cccc(F)c1c2oncc2,0.0,True,True,,22511.15776,
AHNEMAN_BH_P3_R29_C48,,control,True,aryl_halide_free_control,3,4.0,29,48,/Volumes/Jupetit/rxnpredict/yield_data/plate3.4.csv,M:24,2017-Feb17-1536-CN-Plate4-312.Raw,2017-feb17-1536-cn-plate4-312.raw,,,,AdBrettPhos,AdBrettPhos,CC(C1=C(C2=C(OC)C=CC(OC)=C2P(C34CC5CC(C4)CC(C5)C3)C67CC8CC(C7)CC(C8)C6)C(C(C)C)=CC(C(C)C)=C1)C,MTBD,CN1CCCN2CCCN=C12,16.0,"5-(2,6-difluorophenyl)isoxazole",Fc1cccc(F)c1c2oncc2,0.0,True,True,,22904.55131,
AHNEMAN_BH_P3_R30_C16,,control,True,aryl_halide_free_control,3,3.0,30,16,/Volumes/Jupetit/rxnpredict/yield_data/plate3.3.csv,N:16,2017-Feb17-1536-CN-Plate3-328.Raw,2017-feb17-1536-cn-plate3-328.raw,,,,AdBrettPhos,AdBrettPhos,CC(C1=C(C2=C(OC)C=CC(OC)=C2P(C34CC5CC(C4)CC(C5)C3)C67CC8CC(C7)CC(C8)C6)C(C(C)C)=CC(C(C)C)=C1)C,P2Et,CN(C)P(N(C)C)(N(C)C)=NP(N(C)C)(N(C)C)=NCC,18.0,"N,N-dibenzylisoxazol-5-amine",C(N(Cc1ccccc1)c2oncc2)c3ccccc3,0.0,True,True,,22919.23611,
AHNEMAN_BH_P3_R30_C32,,control,True,aryl_halide_free_control,3,4.0,30,32,/Volumes/Jupetit/rxnpredict/yield_data/plate3.4.csv,N:8,2017-Feb17-1536-CN-Plate4-320.Raw,2017-feb17-1536-cn-plate4-320.raw,,,,AdBrettPhos,AdBrettPhos,CC(C1=C(C2=C(OC)C=CC(OC)=C2P(C34CC5CC(C4)CC(C5)C3)C67CC8CC(C7)CC(C8)C6)C(C(C)C)=CC(C(C)C)=C1)C,BTMG,CN(C)/C(N(C)C)=N\C(C)(C)C,18.0,"N,N-dibenzylisoxazol-5-amine",C(N(Cc1ccccc1)c2oncc2)c3ccccc3,0.0,True,True,,22749.7413,
AHNEMAN_BH_P3_R30_C48,,control,True,aryl_halide_free_control,3,4.0,30,48,/Volumes/Jupetit/rxnpredict/yield_data/plate3.4.csv,N:24,2017-Feb17-1536-CN-Plate4-336.Raw,2017-feb17-1536-cn-plate4-336.raw,,,,AdBrettPhos,AdBrettPhos,CC(C1=C(C2=C(OC)C=CC(OC)=C2P(C34CC5CC(C4)CC(C5)C3)C67CC8CC(C7)CC(C8)C6)C(C(C)C)=CC(C(C)C)=C1)C,MTBD,CN1CCCN2CCCN=C12,18.0,"N,N-dibenzylisoxazol-5-amine",C(N(Cc1ccccc1)c2oncc2)c3ccccc3,0.0,True,True,,23901.821,
AHNEMAN_BH_P3_R31_C16,,control,True,aryl_halide_free_control,3,3.0,31,16,/Volumes/Jupetit/rxnpredict/yield_data/plate3.3.csv,O:16,2017-Feb17-1536-CN-Plate3-352.Raw,2017-feb17-1536-cn-plate3-352.raw,,,,AdBrettPhos,AdBrettPhos,CC(C1=C(C2=C(OC)C=CC(OC)=C2P(C34CC5CC(C4)CC(C5)C3)C67CC8CC(C7)CC(C8)C6)C(C(C)C)=CC(C(C)C)=C1)C,P2Et,CN(C)P(N(C)C)(N(C)C)=NP(N(C)C)(N(C)C)=NCC,20.0,5-methyl-3-(1H-pyrrol-1-yl)isoxazole,Cc1onc(c1)n2cccc2,0.0,True,True,,23526.94138,
AHNEMAN_BH_P3_R31_C32,,control,True,aryl_halide_free_control,3,4.0,31,32,/Volumes/Jupetit/rxnpredict/yield_data/plate3.4.csv,O:8,2017-Feb17-1536-CN-Plate4-344.Raw,2017-feb17-1536-cn-plate4-344.raw,,,,AdBrettPhos,AdBrettPhos,CC(C1=C(C2=C(OC)C=CC(OC)=C2P(C34CC5CC(C4)CC(C5)C3)C67CC8CC(C7)CC(C8)C6)C(C(C)C)=CC(C(C)C)=C1)C,BTMG,CN(C)/C(N(C)C)=N\C(C)(C)C,20.0,5-methyl-3-(1H-pyrrol-1-yl)isoxazole,Cc1onc(c1)n2cccc2,0.0,True,True,,22760.49996,
AHNEMAN_BH_P3_R31_C48,,control,True,aryl_halide_free_control,3,4.0,31,48,/Volumes/Jupetit/rxnpredict/yield_data/plate3.4.csv,O:24,2017-Feb17-1536-CN-Plate4-360.Raw,2017-feb17-1536-cn-plate4-360.raw,,,,AdBrettPhos,AdBrettPhos,CC(C1=C(C2=C(OC)C=CC(OC)=C2P(C34CC5CC(C4)CC(C5)C3)C67CC8CC(C7)CC(C8)C6)C(C(C)C)=CC(C(C)C)=C1)C,MTBD,CN1CCCN2CCCN=C12,20.0,5-methyl-3-(1H-pyrrol-1-yl)isoxazole,Cc1onc(c1)n2cccc2,0.0,True,True,,22768.16531,
AHNEMAN_BH_P3_R32_C16,,control,True,aryl_halide_free_control,3,3.0,32,16,/Volumes/Jupetit/rxnpredict/yield_data/plate3.3.csv,P:16,2017-Feb17-1536-CN-Plate3-376.Raw,2017-feb17-1536-cn-plate3-376.raw,,,,AdBrettPhos,AdBrettPhos,CC(C1=C(C2=C(OC)C=CC(OC)=C2P(C34CC5CC(C4)CC(C5)C3)C67CC8CC(C7)CC(C8)C6)C(C(C)C)=CC(C(C)C)=C1)C,P2Et,CN(C)P(N(C)C)(N(C)C)=NP(N(C)C)(N(C)C)=NCC,22.0,methyl-5-(thiophen-2-yl)isoxazole-3-carboxylate,COC(=O)c1cc(on1)c2sccc2,0.0,True,True,,23793.28319,
AHNEMAN_BH_P3_R32_C32,,control,True,aryl_halide_free_control,3,4.0,32,32,/Volumes/Jupetit/rxnpredict/yield_data/plate3.4.csv,P:8,2017-Feb17-1536-CN-Plate4-368.Raw,2017-feb17-1536-cn-plate4-368.raw,,,,AdBrettPhos,AdBrettPhos,CC(C1=C(C2=C(OC)C=CC(OC)=C2P(C34CC5CC(C4)CC(C5)C3)C67CC8CC(C7)CC(C8)C6)C(C(C)C)=CC(C(C)C)=C1)C,BTMG,CN(C)/C(N(C)C)=N\C(C)(C)C,22.0,methyl-5-(thiophen-2-yl)isoxazole-3-carboxylate,COC(=O)c1cc(on1)c2sccc2,0.0,True,True,,22770.03244,
AHNEMAN_BH_P3_R32_C48,,control,True,aryl_halide_free_control,3,4.0,32,48,/Volumes/Jupetit/rxnpredict/yield_data/plate3.4.csv,P:24,2017-Feb17-1536-CN-Plate4-384.Raw,2017-feb17-1536-cn-plate4-384.raw,,,,AdBrettPhos,AdBrettPhos,CC(C1=C(C2=C(OC)C=CC(OC)=C2P(C34CC5CC(C4)CC(C5)C3)C67CC8CC(C7)CC(C8)C6)C(C(C)C)=CC(C(C)C)=C1)C,MTBD,CN1CCCN2CCCN=C12,22.0,methyl-5-(thiophen-2-yl)isoxazole-3-carboxylate,COC(=O)c1cc(on1)c2sccc2,0.0,True,True,,23333.50328,
