split_version,source_dataset,split,reaction_id,exclusion_reason
CondRxnBench-Benchmark-v0.1-splits-candidate.1,ahneman_doyle_buchwald_hartwig_2018,S5,AHNEMAN_BH_P1_R02_C02,S5_cross_partition_group_tuple_cell
CondRxnBench-Benchmark-v0.1-splits-candidate.1,ahneman_doyle_buchwald_hartwig_2018,S5,AHNEMAN_BH_P1_R02_C04,S5_cross_partition_group_tuple_cell
CondRxnBench-Benchmark-v0.1-splits-candidate.1,ahneman_doyle_buchwald_hartwig_2018,S5,AHNEMAN_BH_P1_R02_C05,S5_cross_partition_group_tuple_cell
CondRxnBench-Benchmark-v0.1-splits-candidate.1,ahneman_doyle_buchwald_hartwig_2018,S5,AHNEMAN_BH_P1_R02_C07,S5_cross_partition_group_tuple_cell
CondRxnBench-Benchmark-v0.1-splits-candidate.1,ahneman_doyle_buchwald_hartwig_2018,S5,AHNEMAN_BH_P1_R02_C08,S5_cross_partition_group_tuple_cell
CondRxnBench-Benchmark-v0.1-splits-candidate.1,ahneman_doyle_buchwald_hartwig_2018,S5,AHNEMAN_BH_P1_R02_C09,S5_cross_partition_group_tuple_cell
CondRxnBench-Benchmark-v0.1-splits-candidate.1,ahneman_doyle_buchwald_hartwig_2018,S5,AHNEMAN_BH_P1_R02_C10,S5_cross_partition_group_tuple_cell
CondRxnBench-Benchmark-v0.1-splits-candidate.1,ahneman_doyle_buchwald_hartwig_2018,S5,AHNEMAN_BH_P1_R02_C11,S5_cross_partition_group_tuple_cell
CondRxnBench-Benchmark-v0.1-splits-candidate.1,ahneman_doyle_buchwald_hartwig_2018,S5,AHNEMAN_BH_P1_R02_C12,S5_cross_partition_group_tuple_cell
CondRxnBench-Benchmark-v0.1-splits-candidate.1,ahneman_doyle_buchwald_hartwig_2018,S5,AHNEMAN_BH_P1_R02_C13,S5_cross_partition_group_tuple_cell
CondRxnBench-Benchmark-v0.1-splits-candidate.1,ahneman_doyle_buchwald_hartwig_2018,S5,AHNEMAN_BH_P1_R02_C14,S5_cross_partition_group_tuple_cell
CondRxnBench-Benchmark-v0.1-splits-candidate.1,ahneman_doyle_buchwald_hartwig_2018,S5,AHNEMAN_BH_P1_R02_C15,S5_cross_partition_group_tuple_cell
CondRxnBench-Benchmark-v0.1-splits-candidate.1,ahneman_doyle_buchwald_hartwig_2018,S5,AHNEMAN_BH_P1_R02_C17,S5_cross_partition_group_tuple_cell
CondRxnBench-Benchmark-v0.1-splits-candidate.1,ahneman_doyle_buchwald_hartwig_2018,S5,AHNEMAN_BH_P1_R02_C19,S5_cross_partition_group_tuple_cell
CondRxnBench-Benchmark-v0.1-splits-candidate.1,ahneman_doyle_buchwald_hartwig_2018,S5,AHNEMAN_BH_P1_R02_C22,S5_cross_partition_group_tuple_cell
CondRxnBench-Benchmark-v0.1-splits-candidate.1,ahneman_doyle_buchwald_hartwig_2018,S5,AHNEMAN_BH_P1_R02_C28,S5_cross_partition_group_tuple_cell
CondRxnBench-Benchmark-v0.1-splits-candidate.1,ahneman_doyle_buchwald_hartwig_2018,S5,AHNEMAN_BH_P1_R02_C29,S5_cross_partition_group_tuple_cell
CondRxnBench-Benchmark-v0.1-splits-candidate.1,ahneman_doyle_buchwald_hartwig_2018,S5,AHNEMAN_BH_P1_R02_C33,S5_cross_partition_group_tuple_cell
CondRxnBench-Benchmark-v0.1-splits-candidate.1,ahneman_doyle_buchwald_hartwig_2018,S5,AHNEMAN_BH_P1_R02_C35,S5_cross_partition_group_tuple_cell
CondRxnBench-Benchmark-v0.1-splits-candidate.1,ahneman_doyle_buchwald_hartwig_2018,S5,AHNEMAN_BH_P1_R02_C38,S5_cross_partition_group_tuple_cell
CondRxnBench-Benchmark-v0.1-splits-candidate.1,ahneman_doyle_buchwald_hartwig_2018,S5,AHNEMAN_BH_P1_R02_C44,S5_cross_partition_group_tuple_cell
CondRxnBench-Benchmark-v0.1-splits-candidate.1,ahneman_doyle_buchwald_hartwig_2018,S5,AHNEMAN_BH_P1_R02_C45,S5_cross_partition_group_tuple_cell
CondRxnBench-Benchmark-v0.1-splits-candidate.1,ahneman_doyle_buchwald_hartwig_2018,S5,AHNEMAN_BH_P1_R03_C01,S5_cross_partition_group_tuple_cell
CondRxnBench-Benchmark-v0.1-splits-candidate.1,ahneman_doyle_buchwald_hartwig_2018,S5,AHNEMAN_BH_P1_R03_C03,S5_cross_partition_group_tuple_cell
CondRxnBench-Benchmark-v0.1-splits-candidate.1,ahneman_doyle_buchwald_hartwig_2018,S5,AHNEMAN_BH_P1_R03_C06,S5_cross_partition_group_tuple_cell
CondRxnBench-Benchmark-v0.1-splits-candidate.1,ahneman_doyle_buchwald_hartwig_2018,S5,AHNEMAN_BH_P1_R03_C12,S5_cross_partition_group_tuple_cell
CondRxnBench-Benchmark-v0.1-splits-candidate.1,ahneman_doyle_buchwald_hartwig_2018,S5,AHNEMAN_BH_P1_R03_C13,S5_cross_partition_group_tuple_cell
CondRxnBench-Benchmark-v0.1-splits-candidate.1,ahneman_doyle_buchwald_hartwig_2018,S5,AHNEMAN_BH_P1_R03_C17,S5_cross_partition_group_tuple_cell
CondRxnBench-Benchmark-v0.1-splits-candidate.1,ahneman_doyle_buchwald_hartwig_2018,S5,AHNEMAN_BH_P1_R03_C19,S5_cross_partition_group_tuple_cell
CondRxnBench-Benchmark-v0.1-splits-candidate.1,ahneman_doyle_buchwald_hartwig_2018,S5,AHNEMAN_BH_P1_R03_C22,S5_cross_partition_group_tuple_cell
CondRxnBench-Benchmark-v0.1-splits-candidate.1,ahneman_doyle_buchwald_hartwig_2018,S5,AHNEMAN_BH_P1_R03_C28,S5_cross_partition_group_tuple_cell
CondRxnBench-Benchmark-v0.1-splits-candidate.1,ahneman_doyle_buchwald_hartwig_2018,S5,AHNEMAN_BH_P1_R03_C29,S5_cross_partition_group_tuple_cell
CondRxnBench-Benchmark-v0.1-splits-candidate.1,ahneman_doyle_buchwald_hartwig_2018,S5,AHNEMAN_BH_P1_R03_C33,S5_cross_partition_group_tuple_cell
CondRxnBench-Benchmark-v0.1-splits-candidate.1,ahneman_doyle_buchwald_hartwig_2018,S5,AHNEMAN_BH_P1_R03_C35,S5_cross_partition_group_tuple_cell
CondRxnBench-Benchmark-v0.1-splits-candidate.1,ahneman_doyle_buchwald_hartwig_2018,S5,AHNEMAN_BH_P1_R03_C38,S5_cross_partition_group_tuple_cell
CondRxnBench-Benchmark-v0.1-splits-candidate.1,ahneman_doyle_buchwald_hartwig_2018,S5,AHNEMAN_BH_P1_R03_C44,S5_cross_partition_group_tuple_cell
CondRxnBench-Benchmark-v0.1-splits-candidate.1,ahneman_doyle_buchwald_hartwig_2018,S5,AHNEMAN_BH_P1_R03_C45,S5_cross_partition_group_tuple_cell
CondRxnBench-Benchmark-v0.1-splits-candidate.1,ahneman_doyle_buchwald_hartwig_2018,S5,AHNEMAN_BH_P1_R04_C01,S5_cross_partition_group_tuple_cell
CondRxnBench-Benchmark-v0.1-splits-candidate.1,ahneman_doyle_buchwald_hartwig_2018,S5,AHNEMAN_BH_P1_R04_C03,S5_cross_partition_group_tuple_cell
CondRxnBench-Benchmark-v0.1-splits-candidate.1,ahneman_doyle_buchwald_hartwig_2018,S5,AHNEMAN_BH_P1_R04_C06,S5_cross_partition_group_tuple_cell
CondRxnBench-Benchmark-v0.1-splits-candidate.1,ahneman_doyle_buchwald_hartwig_2018,S5,AHNEMAN_BH_P1_R04_C12,S5_cross_partition_group_tuple_cell
CondRxnBench-Benchmark-v0.1-splits-candidate.1,ahneman_doyle_buchwald_hartwig_2018,S5,AHNEMAN_BH_P1_R04_C13,S5_cross_partition_group_tuple_cell
CondRxnBench-Benchmark-v0.1-splits-candidate.1,ahneman_doyle_buchwald_hartwig_2018,S5,AHNEMAN_BH_P1_R04_C17,S5_cross_partition_group_tuple_cell
CondRxnBench-Benchmark-v0.1-splits-candidate.1,ahneman_doyle_buchwald_hartwig_2018,S5,AHNEMAN_BH_P1_R04_C19,S5_cross_partition_group_tuple_cell
CondRxnBench-Benchmark-v0.1-splits-candidate.1,ahneman_doyle_buchwald_hartwig_2018,S5,AHNEMAN_BH_P1_R04_C22,S5_cross_partition_group_tuple_cell
CondRxnBench-Benchmark-v0.1-splits-candidate.1,ahneman_doyle_buchwald_hartwig_2018,S5,AHNEMAN_BH_P1_R04_C28,S5_cross_partition_group_tuple_cell
CondRxnBench-Benchmark-v0.1-splits-candidate.1,ahneman_doyle_buchwald_hartwig_2018,S5,AHNEMAN_BH_P1_R04_C29,S5_cross_partition_group_tuple_cell
CondRxnBench-Benchmark-v0.1-splits-candidate.1,ahneman_doyle_buchwald_hartwig_2018,S5,AHNEMAN_BH_P1_R04_C33,S5_cross_partition_group_tuple_cell
CondRxnBench-Benchmark-v0.1-splits-candidate.1,ahneman_doyle_buchwald_hartwig_2018,S5,AHNEMAN_BH_P1_R04_C35,S5_cross_partition_group_tuple_cell
CondRxnBench-Benchmark-v0.1-splits-candidate.1,ahneman_doyle_buchwald_hartwig_2018,S5,AHNEMAN_BH_P1_R04_C38,S5_cross_partition_group_tuple_cell
CondRxnBench-Benchmark-v0.1-splits-candidate.1,ahneman_doyle_buchwald_hartwig_2018,S5,AHNEMAN_BH_P1_R04_C44,S5_cross_partition_group_tuple_cell
CondRxnBench-Benchmark-v0.1-splits-candidate.1,ahneman_doyle_buchwald_hartwig_2018,S5,AHNEMAN_BH_P1_R04_C45,S5_cross_partition_group_tuple_cell
CondRxnBench-Benchmark-v0.1-splits-candidate.1,ahneman_doyle_buchwald_hartwig_2018,S5,AHNEMAN_BH_P1_R06_C01,S5_cross_partition_group_tuple_cell
CondRxnBench-Benchmark-v0.1-splits-candidate.1,ahneman_doyle_buchwald_hartwig_2018,S5,AHNEMAN_BH_P1_R06_C03,S5_cross_partition_group_tuple_cell
CondRxnBench-Benchmark-v0.1-splits-candidate.1,ahneman_doyle_buchwald_hartwig_2018,S5,AHNEMAN_BH_P1_R06_C06,S5_cross_partition_group_tuple_cell
CondRxnBench-Benchmark-v0.1-splits-candidate.1,ahneman_doyle_buchwald_hartwig_2018,S5,AHNEMAN_BH_P1_R06_C12,S5_cross_partition_group_tuple_cell
CondRxnBench-Benchmark-v0.1-splits-candidate.1,ahneman_doyle_buchwald_hartwig_2018,S5,AHNEMAN_BH_P1_R06_C13,S5_cross_partition_group_tuple_cell
CondRxnBench-Benchmark-v0.1-splits-candidate.1,ahneman_doyle_buchwald_hartwig_2018,S5,AHNEMAN_BH_P1_R06_C17,S5_cross_partition_group_tuple_cell
CondRxnBench-Benchmark-v0.1-splits-candidate.1,ahneman_doyle_buchwald_hartwig_2018,S5,AHNEMAN_BH_P1_R06_C19,S5_cross_partition_group_tuple_cell
CondRxnBench-Benchmark-v0.1-splits-candidate.1,ahneman_doyle_buchwald_hartwig_2018,S5,AHNEMAN_BH_P1_R06_C22,S5_cross_partition_group_tuple_cell
CondRxnBench-Benchmark-v0.1-splits-candidate.1,ahneman_doyle_buchwald_hartwig_2018,S5,AHNEMAN_BH_P1_R06_C28,S5_cross_partition_group_tuple_cell
CondRxnBench-Benchmark-v0.1-splits-candidate.1,ahneman_doyle_buchwald_hartwig_2018,S5,AHNEMAN_BH_P1_R06_C29,S5_cross_partition_group_tuple_cell
CondRxnBench-Benchmark-v0.1-splits-candidate.1,ahneman_doyle_buchwald_hartwig_2018,S5,AHNEMAN_BH_P1_R06_C33,S5_cross_partition_group_tuple_cell
CondRxnBench-Benchmark-v0.1-splits-candidate.1,ahneman_doyle_buchwald_hartwig_2018,S5,AHNEMAN_BH_P1_R06_C35,S5_cross_partition_group_tuple_cell
CondRxnBench-Benchmark-v0.1-splits-candidate.1,ahneman_doyle_buchwald_hartwig_2018,S5,AHNEMAN_BH_P1_R06_C38,S5_cross_partition_group_tuple_cell
CondRxnBench-Benchmark-v0.1-splits-candidate.1,ahneman_doyle_buchwald_hartwig_2018,S5,AHNEMAN_BH_P1_R06_C44,S5_cross_partition_group_tuple_cell
CondRxnBench-Benchmark-v0.1-splits-candidate.1,ahneman_doyle_buchwald_hartwig_2018,S5,AHNEMAN_BH_P1_R06_C45,S5_cross_partition_group_tuple_cell
CondRxnBench-Benchmark-v0.1-splits-candidate.1,ahneman_doyle_buchwald_hartwig_2018,S5,AHNEMAN_BH_P1_R07_C02,S5_cross_partition_group_tuple_cell
CondRxnBench-Benchmark-v0.1-splits-candidate.1,ahneman_doyle_buchwald_hartwig_2018,S5,AHNEMAN_BH_P1_R07_C04,S5_cross_partition_group_tuple_cell
CondRxnBench-Benchmark-v0.1-splits-candidate.1,ahneman_doyle_buchwald_hartwig_2018,S5,AHNEMAN_BH_P1_R07_C05,S5_cross_partition_group_tuple_cell
CondRxnBench-Benchmark-v0.1-splits-candidate.1,ahneman_doyle_buchwald_hartwig_2018,S5,AHNEMAN_BH_P1_R07_C07,S5_cross_partition_group_tuple_cell
CondRxnBench-Benchmark-v0.1-splits-candidate.1,ahneman_doyle_buchwald_hartwig_2018,S5,AHNEMAN_BH_P1_R07_C08,S5_cross_partition_group_tuple_cell
CondRxnBench-Benchmark-v0.1-splits-candidate.1,ahneman_doyle_buchwald_hartwig_2018,S5,AHNEMAN_BH_P1_R07_C09,S5_cross_partition_group_tuple_cell
CondRxnBench-Benchmark-v0.1-splits-candidate.1,ahneman_doyle_buchwald_hartwig_2018,S5,AHNEMAN_BH_P1_R07_C10,S5_cross_partition_group_tuple_cell
CondRxnBench-Benchmark-v0.1-splits-candidate.1,ahneman_doyle_buchwald_hartwig_2018,S5,AHNEMAN_BH_P1_R07_C11,S5_cross_partition_group_tuple_cell
CondRxnBench-Benchmark-v0.1-splits-candidate.1,ahneman_doyle_buchwald_hartwig_2018,S5,AHNEMAN_BH_P1_R07_C12,S5_cross_partition_group_tuple_cell
CondRxnBench-Benchmark-v0.1-splits-candidate.1,ahneman_doyle_buchwald_hartwig_2018,S5,AHNEMAN_BH_P1_R07_C13,S5_cross_partition_group_tuple_cell
CondRxnBench-Benchmark-v0.1-splits-candidate.1,ahneman_doyle_buchwald_hartwig_2018,S5,AHNEMAN_BH_P1_R07_C14,S5_cross_partition_group_tuple_cell
CondRxnBench-Benchmark-v0.1-splits-candidate.1,ahneman_doyle_buchwald_hartwig_2018,S5,AHNEMAN_BH_P1_R07_C15,S5_cross_partition_group_tuple_cell
CondRxnBench-Benchmark-v0.1-splits-candidate.1,ahneman_doyle_buchwald_hartwig_2018,S5,AHNEMAN_BH_P1_R07_C17,S5_cross_partition_group_tuple_cell
CondRxnBench-Benchmark-v0.1-splits-candidate.1,ahneman_doyle_buchwald_hartwig_2018,S5,AHNEMAN_BH_P1_R07_C18,S5_cross_partition_group_tuple_cell
CondRxnBench-Benchmark-v0.1-splits-candidate.1,ahneman_doyle_buchwald_hartwig_2018,S5,AHNEMAN_BH_P1_R07_C19,S5_cross_partition_group_tuple_cell
CondRxnBench-Benchmark-v0.1-splits-candidate.1,ahneman_doyle_buchwald_hartwig_2018,S5,AHNEMAN_BH_P1_R07_C20,S5_cross_partition_group_tuple_cell
CondRxnBench-Benchmark-v0.1-splits-candidate.1,ahneman_doyle_buchwald_hartwig_2018,S5,AHNEMAN_BH_P1_R07_C21,S5_cross_partition_group_tuple_cell
CondRxnBench-Benchmark-v0.1-splits-candidate.1,ahneman_doyle_buchwald_hartwig_2018,S5,AHNEMAN_BH_P1_R07_C22,S5_cross_partition_group_tuple_cell
CondRxnBench-Benchmark-v0.1-splits-candidate.1,ahneman_doyle_buchwald_hartwig_2018,S5,AHNEMAN_BH_P1_R07_C23,S5_cross_partition_group_tuple_cell
CondRxnBench-Benchmark-v0.1-splits-candidate.1,ahneman_doyle_buchwald_hartwig_2018,S5,AHNEMAN_BH_P1_R07_C24,S5_cross_partition_group_tuple_cell
CondRxnBench-Benchmark-v0.1-splits-candidate.1,ahneman_doyle_buchwald_hartwig_2018,S5,AHNEMAN_BH_P1_R07_C25,S5_cross_partition_group_tuple_cell
CondRxnBench-Benchmark-v0.1-splits-candidate.1,ahneman_doyle_buchwald_hartwig_2018,S5,AHNEMAN_BH_P1_R07_C26,S5_cross_partition_group_tuple_cell
CondRxnBench-Benchmark-v0.1-splits-candidate.1,ahneman_doyle_buchwald_hartwig_2018,S5,AHNEMAN_BH_P1_R07_C27,S5_cross_partition_group_tuple_cell
CondRxnBench-Benchmark-v0.1-splits-candidate.1,ahneman_doyle_buchwald_hartwig_2018,S5,AHNEMAN_BH_P1_R07_C30,S5_cross_partition_group_tuple_cell
CondRxnBench-Benchmark-v0.1-splits-candidate.1,ahneman_doyle_buchwald_hartwig_2018,S5,AHNEMAN_BH_P1_R07_C31,S5_cross_partition_group_tuple_cell
CondRxnBench-Benchmark-v0.1-splits-candidate.1,ahneman_doyle_buchwald_hartwig_2018,S5,AHNEMAN_BH_P1_R07_C34,S5_cross_partition_group_tuple_cell
CondRxnBench-Benchmark-v0.1-splits-candidate.1,ahneman_doyle_buchwald_hartwig_2018,S5,AHNEMAN_BH_P1_R07_C36,S5_cross_partition_group_tuple_cell
CondRxnBench-Benchmark-v0.1-splits-candidate.1,ahneman_doyle_buchwald_hartwig_2018,S5,AHNEMAN_BH_P1_R07_C37,S5_cross_partition_group_tuple_cell
CondRxnBench-Benchmark-v0.1-splits-candidate.1,ahneman_doyle_buchwald_hartwig_2018,S5,AHNEMAN_BH_P1_R07_C39,S5_cross_partition_group_tuple_cell
CondRxnBench-Benchmark-v0.1-splits-candidate.1,ahneman_doyle_buchwald_hartwig_2018,S5,AHNEMAN_BH_P1_R07_C40,S5_cross_partition_group_tuple_cell
CondRxnBench-Benchmark-v0.1-splits-candidate.1,ahneman_doyle_buchwald_hartwig_2018,S5,AHNEMAN_BH_P1_R07_C41,S5_cross_partition_group_tuple_cell
CondRxnBench-Benchmark-v0.1-splits-candidate.1,ahneman_doyle_buchwald_hartwig_2018,S5,AHNEMAN_BH_P1_R07_C42,S5_cross_partition_group_tuple_cell
CondRxnBench-Benchmark-v0.1-splits-candidate.1,ahneman_doyle_buchwald_hartwig_2018,S5,AHNEMAN_BH_P1_R07_C43,S5_cross_partition_group_tuple_cell
CondRxnBench-Benchmark-v0.1-splits-candidate.1,ahneman_doyle_buchwald_hartwig_2018,S5,AHNEMAN_BH_P1_R07_C44,S5_cross_partition_group_tuple_cell
CondRxnBench-Benchmark-v0.1-splits-candidate.1,ahneman_doyle_buchwald_hartwig_2018,S5,AHNEMAN_BH_P1_R07_C45,S5_cross_partition_group_tuple_cell
CondRxnBench-Benchmark-v0.1-splits-candidate.1,ahneman_doyle_buchwald_hartwig_2018,S5,AHNEMAN_BH_P1_R07_C46,S5_cross_partition_group_tuple_cell
CondRxnBench-Benchmark-v0.1-splits-candidate.1,ahneman_doyle_buchwald_hartwig_2018,S5,AHNEMAN_BH_P1_R07_C47,S5_cross_partition_group_tuple_cell
CondRxnBench-Benchmark-v0.1-splits-candidate.1,ahneman_doyle_buchwald_hartwig_2018,S5,AHNEMAN_BH_P1_R08_C02,S5_cross_partition_group_tuple_cell
CondRxnBench-Benchmark-v0.1-splits-candidate.1,ahneman_doyle_buchwald_hartwig_2018,S5,AHNEMAN_BH_P1_R08_C04,S5_cross_partition_group_tuple_cell
CondRxnBench-Benchmark-v0.1-splits-candidate.1,ahneman_doyle_buchwald_hartwig_2018,S5,AHNEMAN_BH_P1_R08_C05,S5_cross_partition_group_tuple_cell
CondRxnBench-Benchmark-v0.1-splits-candidate.1,ahneman_doyle_buchwald_hartwig_2018,S5,AHNEMAN_BH_P1_R08_C07,S5_cross_partition_group_tuple_cell
CondRxnBench-Benchmark-v0.1-splits-candidate.1,ahneman_doyle_buchwald_hartwig_2018,S5,AHNEMAN_BH_P1_R08_C08,S5_cross_partition_group_tuple_cell
CondRxnBench-Benchmark-v0.1-splits-candidate.1,ahneman_doyle_buchwald_hartwig_2018,S5,AHNEMAN_BH_P1_R08_C09,S5_cross_partition_group_tuple_cell
CondRxnBench-Benchmark-v0.1-splits-candidate.1,ahneman_doyle_buchwald_hartwig_2018,S5,AHNEMAN_BH_P1_R08_C10,S5_cross_partition_group_tuple_cell
CondRxnBench-Benchmark-v0.1-splits-candidate.1,ahneman_doyle_buchwald_hartwig_2018,S5,AHNEMAN_BH_P1_R08_C11,S5_cross_partition_group_tuple_cell
CondRxnBench-Benchmark-v0.1-splits-candidate.1,ahneman_doyle_buchwald_hartwig_2018,S5,AHNEMAN_BH_P1_R08_C12,S5_cross_partition_group_tuple_cell
CondRxnBench-Benchmark-v0.1-splits-candidate.1,ahneman_doyle_buchwald_hartwig_2018,S5,AHNEMAN_BH_P1_R08_C13,S5_cross_partition_group_tuple_cell
CondRxnBench-Benchmark-v0.1-splits-candidate.1,ahneman_doyle_buchwald_hartwig_2018,S5,AHNEMAN_BH_P1_R08_C14,S5_cross_partition_group_tuple_cell
CondRxnBench-Benchmark-v0.1-splits-candidate.1,ahneman_doyle_buchwald_hartwig_2018,S5,AHNEMAN_BH_P1_R08_C15,S5_cross_partition_group_tuple_cell
CondRxnBench-Benchmark-v0.1-splits-candidate.1,ahneman_doyle_buchwald_hartwig_2018,S5,AHNEMAN_BH_P1_R08_C17,S5_cross_partition_group_tuple_cell
CondRxnBench-Benchmark-v0.1-splits-candidate.1,ahneman_doyle_buchwald_hartwig_2018,S5,AHNEMAN_BH_P1_R08_C19,S5_cross_partition_group_tuple_cell
CondRxnBench-Benchmark-v0.1-splits-candidate.1,ahneman_doyle_buchwald_hartwig_2018,S5,AHNEMAN_BH_P1_R08_C22,S5_cross_partition_group_tuple_cell
CondRxnBench-Benchmark-v0.1-splits-candidate.1,ahneman_doyle_buchwald_hartwig_2018,S5,AHNEMAN_BH_P1_R08_C28,S5_cross_partition_group_tuple_cell
CondRxnBench-Benchmark-v0.1-splits-candidate.1,ahneman_doyle_buchwald_hartwig_2018,S5,AHNEMAN_BH_P1_R08_C29,S5_cross_partition_group_tuple_cell
CondRxnBench-Benchmark-v0.1-splits-candidate.1,ahneman_doyle_buchwald_hartwig_2018,S5,AHNEMAN_BH_P1_R08_C33,S5_cross_partition_group_tuple_cell
CondRxnBench-Benchmark-v0.1-splits-candidate.1,ahneman_doyle_buchwald_hartwig_2018,S5,AHNEMAN_BH_P1_R08_C35,S5_cross_partition_group_tuple_cell
CondRxnBench-Benchmark-v0.1-splits-candidate.1,ahneman_doyle_buchwald_hartwig_2018,S5,AHNEMAN_BH_P1_R08_C38,S5_cross_partition_group_tuple_cell
CondRxnBench-Benchmark-v0.1-splits-candidate.1,ahneman_doyle_buchwald_hartwig_2018,S5,AHNEMAN_BH_P1_R08_C44,S5_cross_partition_group_tuple_cell
CondRxnBench-Benchmark-v0.1-splits-candidate.1,ahneman_doyle_buchwald_hartwig_2018,S5,AHNEMAN_BH_P1_R08_C45,S5_cross_partition_group_tuple_cell
CondRxnBench-Benchmark-v0.1-splits-candidate.1,ahneman_doyle_buchwald_hartwig_2018,S5,AHNEMAN_BH_P1_R10_C01,S5_cross_partition_group_tuple_cell
CondRxnBench-Benchmark-v0.1-splits-candidate.1,ahneman_doyle_buchwald_hartwig_2018,S5,AHNEMAN_BH_P1_R10_C03,S5_cross_partition_group_tuple_cell
CondRxnBench-Benchmark-v0.1-splits-candidate.1,ahneman_doyle_buchwald_hartwig_2018,S5,AHNEMAN_BH_P1_R10_C06,S5_cross_partition_group_tuple_cell
CondRxnBench-Benchmark-v0.1-splits-candidate.1,ahneman_doyle_buchwald_hartwig_2018,S5,AHNEMAN_BH_P1_R10_C12,S5_cross_partition_group_tuple_cell
CondRxnBench-Benchmark-v0.1-splits-candidate.1,ahneman_doyle_buchwald_hartwig_2018,S5,AHNEMAN_BH_P1_R10_C13,S5_cross_partition_group_tuple_cell
CondRxnBench-Benchmark-v0.1-splits-candidate.1,ahneman_doyle_buchwald_hartwig_2018,S5,AHNEMAN_BH_P1_R10_C17,S5_cross_partition_group_tuple_cell
CondRxnBench-Benchmark-v0.1-splits-candidate.1,ahneman_doyle_buchwald_hartwig_2018,S5,AHNEMAN_BH_P1_R10_C19,S5_cross_partition_group_tuple_cell
CondRxnBench-Benchmark-v0.1-splits-candidate.1,ahneman_doyle_buchwald_hartwig_2018,S5,AHNEMAN_BH_P1_R10_C22,S5_cross_partition_group_tuple_cell
CondRxnBench-Benchmark-v0.1-splits-candidate.1,ahneman_doyle_buchwald_hartwig_2018,S5,AHNEMAN_BH_P1_R10_C28,S5_cross_partition_group_tuple_cell
CondRxnBench-Benchmark-v0.1-splits-candidate.1,ahneman_doyle_buchwald_hartwig_2018,S5,AHNEMAN_BH_P1_R10_C29,S5_cross_partition_group_tuple_cell
CondRxnBench-Benchmark-v0.1-splits-candidate.1,ahneman_doyle_buchwald_hartwig_2018,S5,AHNEMAN_BH_P1_R10_C33,S5_cross_partition_group_tuple_cell
CondRxnBench-Benchmark-v0.1-splits-candidate.1,ahneman_doyle_buchwald_hartwig_2018,S5,AHNEMAN_BH_P1_R10_C35,S5_cross_partition_group_tuple_cell
CondRxnBench-Benchmark-v0.1-splits-candidate.1,ahneman_doyle_buchwald_hartwig_2018,S5,AHNEMAN_BH_P1_R10_C38,S5_cross_partition_group_tuple_cell
CondRxnBench-Benchmark-v0.1-splits-candidate.1,ahneman_doyle_buchwald_hartwig_2018,S5,AHNEMAN_BH_P1_R10_C44,S5_cross_partition_group_tuple_cell
CondRxnBench-Benchmark-v0.1-splits-candidate.1,ahneman_doyle_buchwald_hartwig_2018,S5,AHNEMAN_BH_P1_R10_C45,S5_cross_partition_group_tuple_cell
CondRxnBench-Benchmark-v0.1-splits-candidate.1,ahneman_doyle_buchwald_hartwig_2018,S5,AHNEMAN_BH_P1_R11_C01,S5_cross_partition_group_tuple_cell
CondRxnBench-Benchmark-v0.1-splits-candidate.1,ahneman_doyle_buchwald_hartwig_2018,S5,AHNEMAN_BH_P1_R11_C03,S5_cross_partition_group_tuple_cell
CondRxnBench-Benchmark-v0.1-splits-candidate.1,ahneman_doyle_buchwald_hartwig_2018,S5,AHNEMAN_BH_P1_R11_C06,S5_cross_partition_group_tuple_cell
CondRxnBench-Benchmark-v0.1-splits-candidate.1,ahneman_doyle_buchwald_hartwig_2018,S5,AHNEMAN_BH_P1_R11_C12,S5_cross_partition_group_tuple_cell
CondRxnBench-Benchmark-v0.1-splits-candidate.1,ahneman_doyle_buchwald_hartwig_2018,S5,AHNEMAN_BH_P1_R11_C13,S5_cross_partition_group_tuple_cell
CondRxnBench-Benchmark-v0.1-splits-candidate.1,ahneman_doyle_buchwald_hartwig_2018,S5,AHNEMAN_BH_P1_R11_C17,S5_cross_partition_group_tuple_cell
CondRxnBench-Benchmark-v0.1-splits-candidate.1,ahneman_doyle_buchwald_hartwig_2018,S5,AHNEMAN_BH_P1_R11_C19,S5_cross_partition_group_tuple_cell
CondRxnBench-Benchmark-v0.1-splits-candidate.1,ahneman_doyle_buchwald_hartwig_2018,S5,AHNEMAN_BH_P1_R11_C22,S5_cross_partition_group_tuple_cell
CondRxnBench-Benchmark-v0.1-splits-candidate.1,ahneman_doyle_buchwald_hartwig_2018,S5,AHNEMAN_BH_P1_R11_C28,S5_cross_partition_group_tuple_cell
CondRxnBench-Benchmark-v0.1-splits-candidate.1,ahneman_doyle_buchwald_hartwig_2018,S5,AHNEMAN_BH_P1_R11_C29,S5_cross_partition_group_tuple_cell
CondRxnBench-Benchmark-v0.1-splits-candidate.1,ahneman_doyle_buchwald_hartwig_2018,S5,AHNEMAN_BH_P1_R11_C33,S5_cross_partition_group_tuple_cell
CondRxnBench-Benchmark-v0.1-splits-candidate.1,ahneman_doyle_buchwald_hartwig_2018,S5,AHNEMAN_BH_P1_R11_C34,S5_cross_partition_group_tuple_cell
CondRxnBench-Benchmark-v0.1-splits-candidate.1,ahneman_doyle_buchwald_hartwig_2018,S5,AHNEMAN_BH_P1_R11_C35,S5_cross_partition_group_tuple_cell
CondRxnBench-Benchmark-v0.1-splits-candidate.1,ahneman_doyle_buchwald_hartwig_2018,S5,AHNEMAN_BH_P1_R11_C36,S5_cross_partition_group_tuple_cell
CondRxnBench-Benchmark-v0.1-splits-candidate.1,ahneman_doyle_buchwald_hartwig_2018,S5,AHNEMAN_BH_P1_R11_C37,S5_cross_partition_group_tuple_cell
CondRxnBench-Benchmark-v0.1-splits-candidate.1,ahneman_doyle_buchwald_hartwig_2018,S5,AHNEMAN_BH_P1_R11_C38,S5_cross_partition_group_tuple_cell
CondRxnBench-Benchmark-v0.1-splits-candidate.1,ahneman_doyle_buchwald_hartwig_2018,S5,AHNEMAN_BH_P1_R11_C39,S5_cross_partition_group_tuple_cell
CondRxnBench-Benchmark-v0.1-splits-candidate.1,ahneman_doyle_buchwald_hartwig_2018,S5,AHNEMAN_BH_P1_R11_C40,S5_cross_partition_group_tuple_cell
CondRxnBench-Benchmark-v0.1-splits-candidate.1,ahneman_doyle_buchwald_hartwig_2018,S5,AHNEMAN_BH_P1_R11_C41,S5_cross_partition_group_tuple_cell
CondRxnBench-Benchmark-v0.1-splits-candidate.1,ahneman_doyle_buchwald_hartwig_2018,S5,AHNEMAN_BH_P1_R11_C42,S5_cross_partition_group_tuple_cell
CondRxnBench-Benchmark-v0.1-splits-candidate.1,ahneman_doyle_buchwald_hartwig_2018,S5,AHNEMAN_BH_P1_R11_C43,S5_cross_partition_group_tuple_cell
CondRxnBench-Benchmark-v0.1-splits-candidate.1,ahneman_doyle_buchwald_hartwig_2018,S5,AHNEMAN_BH_P1_R11_C46,S5_cross_partition_group_tuple_cell
CondRxnBench-Benchmark-v0.1-splits-candidate.1,ahneman_doyle_buchwald_hartwig_2018,S5,AHNEMAN_BH_P1_R11_C47,S5_cross_partition_group_tuple_cell
CondRxnBench-Benchmark-v0.1-splits-candidate.1,ahneman_doyle_buchwald_hartwig_2018,S5,AHNEMAN_BH_P1_R12_C01,S5_cross_partition_group_tuple_cell
CondRxnBench-Benchmark-v0.1-splits-candidate.1,ahneman_doyle_buchwald_hartwig_2018,S5,AHNEMAN_BH_P1_R12_C03,S5_cross_partition_group_tuple_cell
CondRxnBench-Benchmark-v0.1-splits-candidate.1,ahneman_doyle_buchwald_hartwig_2018,S5,AHNEMAN_BH_P1_R12_C06,S5_cross_partition_group_tuple_cell
CondRxnBench-Benchmark-v0.1-splits-candidate.1,ahneman_doyle_buchwald_hartwig_2018,S5,AHNEMAN_BH_P1_R12_C12,S5_cross_partition_group_tuple_cell
CondRxnBench-Benchmark-v0.1-splits-candidate.1,ahneman_doyle_buchwald_hartwig_2018,S5,AHNEMAN_BH_P1_R12_C13,S5_cross_partition_group_tuple_cell
CondRxnBench-Benchmark-v0.1-splits-candidate.1,ahneman_doyle_buchwald_hartwig_2018,S5,AHNEMAN_BH_P1_R12_C17,S5_cross_partition_group_tuple_cell
CondRxnBench-Benchmark-v0.1-splits-candidate.1,ahneman_doyle_buchwald_hartwig_2018,S5,AHNEMAN_BH_P1_R12_C18,S5_cross_partition_group_tuple_cell
CondRxnBench-Benchmark-v0.1-splits-candidate.1,ahneman_doyle_buchwald_hartwig_2018,S5,AHNEMAN_BH_P1_R12_C19,S5_cross_partition_group_tuple_cell
CondRxnBench-Benchmark-v0.1-splits-candidate.1,ahneman_doyle_buchwald_hartwig_2018,S5,AHNEMAN_BH_P1_R12_C20,S5_cross_partition_group_tuple_cell
CondRxnBench-Benchmark-v0.1-splits-candidate.1,ahneman_doyle_buchwald_hartwig_2018,S5,AHNEMAN_BH_P1_R12_C21,S5_cross_partition_group_tuple_cell
CondRxnBench-Benchmark-v0.1-splits-candidate.1,ahneman_doyle_buchwald_hartwig_2018,S5,AHNEMAN_BH_P1_R12_C22,S5_cross_partition_group_tuple_cell
CondRxnBench-Benchmark-v0.1-splits-candidate.1,ahneman_doyle_buchwald_hartwig_2018,S5,AHNEMAN_BH_P1_R12_C23,S5_cross_partition_group_tuple_cell
CondRxnBench-Benchmark-v0.1-splits-candidate.1,ahneman_doyle_buchwald_hartwig_2018,S5,AHNEMAN_BH_P1_R12_C24,S5_cross_partition_group_tuple_cell
CondRxnBench-Benchmark-v0.1-splits-candidate.1,ahneman_doyle_buchwald_hartwig_2018,S5,AHNEMAN_BH_P1_R12_C25,S5_cross_partition_group_tuple_cell
CondRxnBench-Benchmark-v0.1-splits-candidate.1,ahneman_doyle_buchwald_hartwig_2018,S5,AHNEMAN_BH_P1_R12_C26,S5_cross_partition_group_tuple_cell
CondRxnBench-Benchmark-v0.1-splits-candidate.1,ahneman_doyle_buchwald_hartwig_2018,S5,AHNEMAN_BH_P1_R12_C27,S5_cross_partition_group_tuple_cell
CondRxnBench-Benchmark-v0.1-splits-candidate.1,ahneman_doyle_buchwald_hartwig_2018,S5,AHNEMAN_BH_P1_R12_C30,S5_cross_partition_group_tuple_cell
CondRxnBench-Benchmark-v0.1-splits-candidate.1,ahneman_doyle_buchwald_hartwig_2018,S5,AHNEMAN_BH_P1_R12_C31,S5_cross_partition_group_tuple_cell
CondRxnBench-Benchmark-v0.1-splits-candidate.1,ahneman_doyle_buchwald_hartwig_2018,S5,AHNEMAN_BH_P1_R12_C33,S5_cross_partition_group_tuple_cell
CondRxnBench-Benchmark-v0.1-splits-candidate.1,ahneman_doyle_buchwald_hartwig_2018,S5,AHNEMAN_BH_P1_R12_C35,S5_cross_partition_group_tuple_cell
CondRxnBench-Benchmark-v0.1-splits-candidate.1,ahneman_doyle_buchwald_hartwig_2018,S5,AHNEMAN_BH_P1_R12_C38,S5_cross_partition_group_tuple_cell
CondRxnBench-Benchmark-v0.1-splits-candidate.1,ahneman_doyle_buchwald_hartwig_2018,S5,AHNEMAN_BH_P1_R12_C44,S5_cross_partition_group_tuple_cell
CondRxnBench-Benchmark-v0.1-splits-candidate.1,ahneman_doyle_buchwald_hartwig_2018,S5,AHNEMAN_BH_P1_R12_C45,S5_cross_partition_group_tuple_cell
CondRxnBench-Benchmark-v0.1-splits-candidate.1,ahneman_doyle_buchwald_hartwig_2018,S5,AHNEMAN_BH_P1_R14_C01,S5_cross_partition_group_tuple_cell
CondRxnBench-Benchmark-v0.1-splits-candidate.1,ahneman_doyle_buchwald_hartwig_2018,S5,AHNEMAN_BH_P1_R14_C03,S5_cross_partition_group_tuple_cell
CondRxnBench-Benchmark-v0.1-splits-candidate.1,ahneman_doyle_buchwald_hartwig_2018,S5,AHNEMAN_BH_P1_R14_C06,S5_cross_partition_group_tuple_cell
CondRxnBench-Benchmark-v0.1-splits-candidate.1,ahneman_doyle_buchwald_hartwig_2018,S5,AHNEMAN_BH_P1_R14_C12,S5_cross_partition_group_tuple_cell
CondRxnBench-Benchmark-v0.1-splits-candidate.1,ahneman_doyle_buchwald_hartwig_2018,S5,AHNEMAN_BH_P1_R14_C13,S5_cross_partition_group_tuple_cell
CondRxnBench-Benchmark-v0.1-splits-candidate.1,ahneman_doyle_buchwald_hartwig_2018,S5,AHNEMAN_BH_P1_R14_C17,S5_cross_partition_group_tuple_cell
CondRxnBench-Benchmark-v0.1-splits-candidate.1,ahneman_doyle_buchwald_hartwig_2018,S5,AHNEMAN_BH_P1_R14_C19,S5_cross_partition_group_tuple_cell
CondRxnBench-Benchmark-v0.1-splits-candidate.1,ahneman_doyle_buchwald_hartwig_2018,S5,AHNEMAN_BH_P1_R14_C22,S5_cross_partition_group_tuple_cell
CondRxnBench-Benchmark-v0.1-splits-candidate.1,ahneman_doyle_buchwald_hartwig_2018,S5,AHNEMAN_BH_P1_R14_C28,S5_cross_partition_group_tuple_cell
CondRxnBench-Benchmark-v0.1-splits-candidate.1,ahneman_doyle_buchwald_hartwig_2018,S5,AHNEMAN_BH_P1_R14_C29,S5_cross_partition_group_tuple_cell
CondRxnBench-Benchmark-v0.1-splits-candidate.1,ahneman_doyle_buchwald_hartwig_2018,S5,AHNEMAN_BH_P1_R14_C33,S5_cross_partition_group_tuple_cell
CondRxnBench-Benchmark-v0.1-splits-candidate.1,ahneman_doyle_buchwald_hartwig_2018,S5,AHNEMAN_BH_P1_R14_C35,S5_cross_partition_group_tuple_cell
CondRxnBench-Benchmark-v0.1-splits-candidate.1,ahneman_doyle_buchwald_hartwig_2018,S5,AHNEMAN_BH_P1_R14_C38,S5_cross_partition_group_tuple_cell
CondRxnBench-Benchmark-v0.1-splits-candidate.1,ahneman_doyle_buchwald_hartwig_2018,S5,AHNEMAN_BH_P1_R14_C44,S5_cross_partition_group_tuple_cell
CondRxnBench-Benchmark-v0.1-splits-candidate.1,ahneman_doyle_buchwald_hartwig_2018,S5,AHNEMAN_BH_P1_R14_C45,S5_cross_partition_group_tuple_cell
CondRxnBench-Benchmark-v0.1-splits-candidate.1,ahneman_doyle_buchwald_hartwig_2018,S5,AHNEMAN_BH_P1_R15_C01,S5_cross_partition_group_tuple_cell
CondRxnBench-Benchmark-v0.1-splits-candidate.1,ahneman_doyle_buchwald_hartwig_2018,S5,AHNEMAN_BH_P1_R15_C03,S5_cross_partition_group_tuple_cell
CondRxnBench-Benchmark-v0.1-splits-candidate.1,ahneman_doyle_buchwald_hartwig_2018,S5,AHNEMAN_BH_P1_R15_C06,S5_cross_partition_group_tuple_cell
CondRxnBench-Benchmark-v0.1-splits-candidate.1,ahneman_doyle_buchwald_hartwig_2018,S5,AHNEMAN_BH_P1_R15_C12,S5_cross_partition_group_tuple_cell
CondRxnBench-Benchmark-v0.1-splits-candidate.1,ahneman_doyle_buchwald_hartwig_2018,S5,AHNEMAN_BH_P1_R15_C13,S5_cross_partition_group_tuple_cell
CondRxnBench-Benchmark-v0.1-splits-candidate.1,ahneman_doyle_buchwald_hartwig_2018,S5,AHNEMAN_BH_P1_R15_C17,S5_cross_partition_group_tuple_cell
CondRxnBench-Benchmark-v0.1-splits-candidate.1,ahneman_doyle_buchwald_hartwig_2018,S5,AHNEMAN_BH_P1_R15_C19,S5_cross_partition_group_tuple_cell
CondRxnBench-Benchmark-v0.1-splits-candidate.1,ahneman_doyle_buchwald_hartwig_2018,S5,AHNEMAN_BH_P1_R15_C22,S5_cross_partition_group_tuple_cell
CondRxnBench-Benchmark-v0.1-splits-candidate.1,ahneman_doyle_buchwald_hartwig_2018,S5,AHNEMAN_BH_P1_R15_C28,S5_cross_partition_group_tuple_cell
CondRxnBench-Benchmark-v0.1-splits-candidate.1,ahneman_doyle_buchwald_hartwig_2018,S5,AHNEMAN_BH_P1_R15_C29,S5_cross_partition_group_tuple_cell
CondRxnBench-Benchmark-v0.1-splits-candidate.1,ahneman_doyle_buchwald_hartwig_2018,S5,AHNEMAN_BH_P1_R15_C33,S5_cross_partition_group_tuple_cell
CondRxnBench-Benchmark-v0.1-splits-candidate.1,ahneman_doyle_buchwald_hartwig_2018,S5,AHNEMAN_BH_P1_R15_C35,S5_cross_partition_group_tuple_cell
CondRxnBench-Benchmark-v0.1-splits-candidate.1,ahneman_doyle_buchwald_hartwig_2018,S5,AHNEMAN_BH_P1_R15_C38,S5_cross_partition_group_tuple_cell
CondRxnBench-Benchmark-v0.1-splits-candidate.1,ahneman_doyle_buchwald_hartwig_2018,S5,AHNEMAN_BH_P1_R15_C44,S5_cross_partition_group_tuple_cell
CondRxnBench-Benchmark-v0.1-splits-candidate.1,ahneman_doyle_buchwald_hartwig_2018,S5,AHNEMAN_BH_P1_R15_C45,S5_cross_partition_group_tuple_cell
CondRxnBench-Benchmark-v0.1-splits-candidate.1,ahneman_doyle_buchwald_hartwig_2018,S5,AHNEMAN_BH_P1_R16_C01,S5_cross_partition_group_tuple_cell
CondRxnBench-Benchmark-v0.1-splits-candidate.1,ahneman_doyle_buchwald_hartwig_2018,S5,AHNEMAN_BH_P1_R16_C03,S5_cross_partition_group_tuple_cell
CondRxnBench-Benchmark-v0.1-splits-candidate.1,ahneman_doyle_buchwald_hartwig_2018,S5,AHNEMAN_BH_P1_R16_C06,S5_cross_partition_group_tuple_cell
CondRxnBench-Benchmark-v0.1-splits-candidate.1,ahneman_doyle_buchwald_hartwig_2018,S5,AHNEMAN_BH_P1_R16_C12,S5_cross_partition_group_tuple_cell
CondRxnBench-Benchmark-v0.1-splits-candidate.1,ahneman_doyle_buchwald_hartwig_2018,S5,AHNEMAN_BH_P1_R16_C13,S5_cross_partition_group_tuple_cell
CondRxnBench-Benchmark-v0.1-splits-candidate.1,ahneman_doyle_buchwald_hartwig_2018,S5,AHNEMAN_BH_P1_R16_C17,S5_cross_partition_group_tuple_cell
CondRxnBench-Benchmark-v0.1-splits-candidate.1,ahneman_doyle_buchwald_hartwig_2018,S5,AHNEMAN_BH_P1_R16_C19,S5_cross_partition_group_tuple_cell
CondRxnBench-Benchmark-v0.1-splits-candidate.1,ahneman_doyle_buchwald_hartwig_2018,S5,AHNEMAN_BH_P1_R16_C22,S5_cross_partition_group_tuple_cell
CondRxnBench-Benchmark-v0.1-splits-candidate.1,ahneman_doyle_buchwald_hartwig_2018,S5,AHNEMAN_BH_P1_R16_C28,S5_cross_partition_group_tuple_cell
CondRxnBench-Benchmark-v0.1-splits-candidate.1,ahneman_doyle_buchwald_hartwig_2018,S5,AHNEMAN_BH_P1_R16_C29,S5_cross_partition_group_tuple_cell
CondRxnBench-Benchmark-v0.1-splits-candidate.1,ahneman_doyle_buchwald_hartwig_2018,S5,AHNEMAN_BH_P1_R16_C33,S5_cross_partition_group_tuple_cell
CondRxnBench-Benchmark-v0.1-splits-candidate.1,ahneman_doyle_buchwald_hartwig_2018,S5,AHNEMAN_BH_P1_R16_C35,S5_cross_partition_group_tuple_cell
CondRxnBench-Benchmark-v0.1-splits-candidate.1,ahneman_doyle_buchwald_hartwig_2018,S5,AHNEMAN_BH_P1_R16_C38,S5_cross_partition_group_tuple_cell
CondRxnBench-Benchmark-v0.1-splits-candidate.1,ahneman_doyle_buchwald_hartwig_2018,S5,AHNEMAN_BH_P1_R16_C44,S5_cross_partition_group_tuple_cell
CondRxnBench-Benchmark-v0.1-splits-candidate.1,ahneman_doyle_buchwald_hartwig_2018,S5,AHNEMAN_BH_P1_R16_C45,S5_cross_partition_group_tuple_cell
CondRxnBench-Benchmark-v0.1-splits-candidate.1,ahneman_doyle_buchwald_hartwig_2018,S5,AHNEMAN_BH_P1_R17_C01,S5_cross_partition_group_tuple_cell
CondRxnBench-Benchmark-v0.1-splits-candidate.1,ahneman_doyle_buchwald_hartwig_2018,S5,AHNEMAN_BH_P1_R17_C03,S5_cross_partition_group_tuple_cell
CondRxnBench-Benchmark-v0.1-splits-candidate.1,ahneman_doyle_buchwald_hartwig_2018,S5,AHNEMAN_BH_P1_R17_C06,S5_cross_partition_group_tuple_cell
CondRxnBench-Benchmark-v0.1-splits-candidate.1,ahneman_doyle_buchwald_hartwig_2018,S5,AHNEMAN_BH_P1_R17_C12,S5_cross_partition_group_tuple_cell
CondRxnBench-Benchmark-v0.1-splits-candidate.1,ahneman_doyle_buchwald_hartwig_2018,S5,AHNEMAN_BH_P1_R17_C13,S5_cross_partition_group_tuple_cell
CondRxnBench-Benchmark-v0.1-splits-candidate.1,ahneman_doyle_buchwald_hartwig_2018,S5,AHNEMAN_BH_P1_R17_C17,S5_cross_partition_group_tuple_cell
CondRxnBench-Benchmark-v0.1-splits-candidate.1,ahneman_doyle_buchwald_hartwig_2018,S5,AHNEMAN_BH_P1_R17_C19,S5_cross_partition_group_tuple_cell
CondRxnBench-Benchmark-v0.1-splits-candidate.1,ahneman_doyle_buchwald_hartwig_2018,S5,AHNEMAN_BH_P1_R17_C22,S5_cross_partition_group_tuple_cell
CondRxnBench-Benchmark-v0.1-splits-candidate.1,ahneman_doyle_buchwald_hartwig_2018,S5,AHNEMAN_BH_P1_R17_C28,S5_cross_partition_group_tuple_cell
CondRxnBench-Benchmark-v0.1-splits-candidate.1,ahneman_doyle_buchwald_hartwig_2018,S5,AHNEMAN_BH_P1_R17_C29,S5_cross_partition_group_tuple_cell
CondRxnBench-Benchmark-v0.1-splits-candidate.1,ahneman_doyle_buchwald_hartwig_2018,S5,AHNEMAN_BH_P1_R17_C33,S5_cross_partition_group_tuple_cell
CondRxnBench-Benchmark-v0.1-splits-candidate.1,ahneman_doyle_buchwald_hartwig_2018,S5,AHNEMAN_BH_P1_R17_C35,S5_cross_partition_group_tuple_cell
CondRxnBench-Benchmark-v0.1-splits-candidate.1,ahneman_doyle_buchwald_hartwig_2018,S5,AHNEMAN_BH_P1_R17_C38,S5_cross_partition_group_tuple_cell
CondRxnBench-Benchmark-v0.1-splits-candidate.1,ahneman_doyle_buchwald_hartwig_2018,S5,AHNEMAN_BH_P1_R17_C44,S5_cross_partition_group_tuple_cell
CondRxnBench-Benchmark-v0.1-splits-candidate.1,ahneman_doyle_buchwald_hartwig_2018,S5,AHNEMAN_BH_P1_R17_C45,S5_cross_partition_group_tuple_cell
CondRxnBench-Benchmark-v0.1-splits-candidate.1,ahneman_doyle_buchwald_hartwig_2018,S5,AHNEMAN_BH_P1_R18_C02,S5_cross_partition_group_tuple_cell
CondRxnBench-Benchmark-v0.1-splits-candidate.1,ahneman_doyle_buchwald_hartwig_2018,S5,AHNEMAN_BH_P1_R18_C04,S5_cross_partition_group_tuple_cell
CondRxnBench-Benchmark-v0.1-splits-candidate.1,ahneman_doyle_buchwald_hartwig_2018,S5,AHNEMAN_BH_P1_R18_C05,S5_cross_partition_group_tuple_cell
CondRxnBench-Benchmark-v0.1-splits-candidate.1,ahneman_doyle_buchwald_hartwig_2018,S5,AHNEMAN_BH_P1_R18_C07,S5_cross_partition_group_tuple_cell
CondRxnBench-Benchmark-v0.1-splits-candidate.1,ahneman_doyle_buchwald_hartwig_2018,S5,AHNEMAN_BH_P1_R18_C08,S5_cross_partition_group_tuple_cell
CondRxnBench-Benchmark-v0.1-splits-candidate.1,ahneman_doyle_buchwald_hartwig_2018,S5,AHNEMAN_BH_P1_R18_C09,S5_cross_partition_group_tuple_cell
CondRxnBench-Benchmark-v0.1-splits-candidate.1,ahneman_doyle_buchwald_hartwig_2018,S5,AHNEMAN_BH_P1_R18_C10,S5_cross_partition_group_tuple_cell
CondRxnBench-Benchmark-v0.1-splits-candidate.1,ahneman_doyle_buchwald_hartwig_2018,S5,AHNEMAN_BH_P1_R18_C11,S5_cross_partition_group_tuple_cell
CondRxnBench-Benchmark-v0.1-splits-candidate.1,ahneman_doyle_buchwald_hartwig_2018,S5,AHNEMAN_BH_P1_R18_C12,S5_cross_partition_group_tuple_cell
CondRxnBench-Benchmark-v0.1-splits-candidate.1,ahneman_doyle_buchwald_hartwig_2018,S5,AHNEMAN_BH_P1_R18_C13,S5_cross_partition_group_tuple_cell
CondRxnBench-Benchmark-v0.1-splits-candidate.1,ahneman_doyle_buchwald_hartwig_2018,S5,AHNEMAN_BH_P1_R18_C14,S5_cross_partition_group_tuple_cell
CondRxnBench-Benchmark-v0.1-splits-candidate.1,ahneman_doyle_buchwald_hartwig_2018,S5,AHNEMAN_BH_P1_R18_C15,S5_cross_partition_group_tuple_cell
CondRxnBench-Benchmark-v0.1-splits-candidate.1,ahneman_doyle_buchwald_hartwig_2018,S5,AHNEMAN_BH_P1_R18_C17,S5_cross_partition_group_tuple_cell
CondRxnBench-Benchmark-v0.1-splits-candidate.1,ahneman_doyle_buchwald_hartwig_2018,S5,AHNEMAN_BH_P1_R18_C19,S5_cross_partition_group_tuple_cell
CondRxnBench-Benchmark-v0.1-splits-candidate.1,ahneman_doyle_buchwald_hartwig_2018,S5,AHNEMAN_BH_P1_R18_C22,S5_cross_partition_group_tuple_cell
CondRxnBench-Benchmark-v0.1-splits-candidate.1,ahneman_doyle_buchwald_hartwig_2018,S5,AHNEMAN_BH_P1_R18_C28,S5_cross_partition_group_tuple_cell
CondRxnBench-Benchmark-v0.1-splits-candidate.1,ahneman_doyle_buchwald_hartwig_2018,S5,AHNEMAN_BH_P1_R18_C29,S5_cross_partition_group_tuple_cell
CondRxnBench-Benchmark-v0.1-splits-candidate.1,ahneman_doyle_buchwald_hartwig_2018,S5,AHNEMAN_BH_P1_R18_C34,S5_cross_partition_group_tuple_cell
CondRxnBench-Benchmark-v0.1-splits-candidate.1,ahneman_doyle_buchwald_hartwig_2018,S5,AHNEMAN_BH_P1_R18_C36,S5_cross_partition_group_tuple_cell
CondRxnBench-Benchmark-v0.1-splits-candidate.1,ahneman_doyle_buchwald_hartwig_2018,S5,AHNEMAN_BH_P1_R18_C37,S5_cross_partition_group_tuple_cell
CondRxnBench-Benchmark-v0.1-splits-candidate.1,ahneman_doyle_buchwald_hartwig_2018,S5,AHNEMAN_BH_P1_R18_C39,S5_cross_partition_group_tuple_cell
CondRxnBench-Benchmark-v0.1-splits-candidate.1,ahneman_doyle_buchwald_hartwig_2018,S5,AHNEMAN_BH_P1_R18_C40,S5_cross_partition_group_tuple_cell
CondRxnBench-Benchmark-v0.1-splits-candidate.1,ahneman_doyle_buchwald_hartwig_2018,S5,AHNEMAN_BH_P1_R18_C41,S5_cross_partition_group_tuple_cell
CondRxnBench-Benchmark-v0.1-splits-candidate.1,ahneman_doyle_buchwald_hartwig_2018,S5,AHNEMAN_BH_P1_R18_C42,S5_cross_partition_group_tuple_cell
CondRxnBench-Benchmark-v0.1-splits-candidate.1,ahneman_doyle_buchwald_hartwig_2018,S5,AHNEMAN_BH_P1_R18_C43,S5_cross_partition_group_tuple_cell
CondRxnBench-Benchmark-v0.1-splits-candidate.1,ahneman_doyle_buchwald_hartwig_2018,S5,AHNEMAN_BH_P1_R18_C44,S5_cross_partition_group_tuple_cell
CondRxnBench-Benchmark-v0.1-splits-candidate.1,ahneman_doyle_buchwald_hartwig_2018,S5,AHNEMAN_BH_P1_R18_C45,S5_cross_partition_group_tuple_cell
CondRxnBench-Benchmark-v0.1-splits-candidate.1,ahneman_doyle_buchwald_hartwig_2018,S5,AHNEMAN_BH_P1_R18_C46,S5_cross_partition_group_tuple_cell
CondRxnBench-Benchmark-v0.1-splits-candidate.1,ahneman_doyle_buchwald_hartwig_2018,S5,AHNEMAN_BH_P1_R18_C47,S5_cross_partition_group_tuple_cell
CondRxnBench-Benchmark-v0.1-splits-candidate.1,ahneman_doyle_buchwald_hartwig_2018,S5,AHNEMAN_BH_P1_R19_C01,S5_cross_partition_group_tuple_cell
CondRxnBench-Benchmark-v0.1-splits-candidate.1,ahneman_doyle_buchwald_hartwig_2018,S5,AHNEMAN_BH_P1_R19_C02,S5_cross_partition_group_tuple_cell
CondRxnBench-Benchmark-v0.1-splits-candidate.1,ahneman_doyle_buchwald_hartwig_2018,S5,AHNEMAN_BH_P1_R19_C03,S5_cross_partition_group_tuple_cell
CondRxnBench-Benchmark-v0.1-splits-candidate.1,ahneman_doyle_buchwald_hartwig_2018,S5,AHNEMAN_BH_P1_R19_C04,S5_cross_partition_group_tuple_cell
CondRxnBench-Benchmark-v0.1-splits-candidate.1,ahneman_doyle_buchwald_hartwig_2018,S5,AHNEMAN_BH_P1_R19_C05,S5_cross_partition_group_tuple_cell
CondRxnBench-Benchmark-v0.1-splits-candidate.1,ahneman_doyle_buchwald_hartwig_2018,S5,AHNEMAN_BH_P1_R19_C06,S5_cross_partition_group_tuple_cell
CondRxnBench-Benchmark-v0.1-splits-candidate.1,ahneman_doyle_buchwald_hartwig_2018,S5,AHNEMAN_BH_P1_R19_C07,S5_cross_partition_group_tuple_cell
CondRxnBench-Benchmark-v0.1-splits-candidate.1,ahneman_doyle_buchwald_hartwig_2018,S5,AHNEMAN_BH_P1_R19_C08,S5_cross_partition_group_tuple_cell
CondRxnBench-Benchmark-v0.1-splits-candidate.1,ahneman_doyle_buchwald_hartwig_2018,S5,AHNEMAN_BH_P1_R19_C09,S5_cross_partition_group_tuple_cell
CondRxnBench-Benchmark-v0.1-splits-candidate.1,ahneman_doyle_buchwald_hartwig_2018,S5,AHNEMAN_BH_P1_R19_C10,S5_cross_partition_group_tuple_cell
CondRxnBench-Benchmark-v0.1-splits-candidate.1,ahneman_doyle_buchwald_hartwig_2018,S5,AHNEMAN_BH_P1_R19_C11,S5_cross_partition_group_tuple_cell
CondRxnBench-Benchmark-v0.1-splits-candidate.1,ahneman_doyle_buchwald_hartwig_2018,S5,AHNEMAN_BH_P1_R19_C14,S5_cross_partition_group_tuple_cell
CondRxnBench-Benchmark-v0.1-splits-candidate.1,ahneman_doyle_buchwald_hartwig_2018,S5,AHNEMAN_BH_P1_R19_C15,S5_cross_partition_group_tuple_cell
CondRxnBench-Benchmark-v0.1-splits-candidate.1,ahneman_doyle_buchwald_hartwig_2018,S5,AHNEMAN_BH_P1_R19_C17,S5_cross_partition_group_tuple_cell
CondRxnBench-Benchmark-v0.1-splits-candidate.1,ahneman_doyle_buchwald_hartwig_2018,S5,AHNEMAN_BH_P1_R19_C19,S5_cross_partition_group_tuple_cell
CondRxnBench-Benchmark-v0.1-splits-candidate.1,ahneman_doyle_buchwald_hartwig_2018,S5,AHNEMAN_BH_P1_R19_C22,S5_cross_partition_group_tuple_cell
CondRxnBench-Benchmark-v0.1-splits-candidate.1,ahneman_doyle_buchwald_hartwig_2018,S5,AHNEMAN_BH_P1_R19_C28,S5_cross_partition_group_tuple_cell
CondRxnBench-Benchmark-v0.1-splits-candidate.1,ahneman_doyle_buchwald_hartwig_2018,S5,AHNEMAN_BH_P1_R19_C29,S5_cross_partition_group_tuple_cell
CondRxnBench-Benchmark-v0.1-splits-candidate.1,ahneman_doyle_buchwald_hartwig_2018,S5,AHNEMAN_BH_P1_R19_C33,S5_cross_partition_group_tuple_cell
CondRxnBench-Benchmark-v0.1-splits-candidate.1,ahneman_doyle_buchwald_hartwig_2018,S5,AHNEMAN_BH_P1_R19_C34,S5_cross_partition_group_tuple_cell
CondRxnBench-Benchmark-v0.1-splits-candidate.1,ahneman_doyle_buchwald_hartwig_2018,S5,AHNEMAN_BH_P1_R19_C35,S5_cross_partition_group_tuple_cell
CondRxnBench-Benchmark-v0.1-splits-candidate.1,ahneman_doyle_buchwald_hartwig_2018,S5,AHNEMAN_BH_P1_R19_C36,S5_cross_partition_group_tuple_cell
CondRxnBench-Benchmark-v0.1-splits-candidate.1,ahneman_doyle_buchwald_hartwig_2018,S5,AHNEMAN_BH_P1_R19_C37,S5_cross_partition_group_tuple_cell
CondRxnBench-Benchmark-v0.1-splits-candidate.1,ahneman_doyle_buchwald_hartwig_2018,S5,AHNEMAN_BH_P1_R19_C38,S5_cross_partition_group_tuple_cell
CondRxnBench-Benchmark-v0.1-splits-candidate.1,ahneman_doyle_buchwald_hartwig_2018,S5,AHNEMAN_BH_P1_R19_C39,S5_cross_partition_group_tuple_cell
CondRxnBench-Benchmark-v0.1-splits-candidate.1,ahneman_doyle_buchwald_hartwig_2018,S5,AHNEMAN_BH_P1_R19_C40,S5_cross_partition_group_tuple_cell
CondRxnBench-Benchmark-v0.1-splits-candidate.1,ahneman_doyle_buchwald_hartwig_2018,S5,AHNEMAN_BH_P1_R19_C41,S5_cross_partition_group_tuple_cell
CondRxnBench-Benchmark-v0.1-splits-candidate.1,ahneman_doyle_buchwald_hartwig_2018,S5,AHNEMAN_BH_P1_R19_C42,S5_cross_partition_group_tuple_cell
CondRxnBench-Benchmark-v0.1-splits-candidate.1,ahneman_doyle_buchwald_hartwig_2018,S5,AHNEMAN_BH_P1_R19_C43,S5_cross_partition_group_tuple_cell
CondRxnBench-Benchmark-v0.1-splits-candidate.1,ahneman_doyle_buchwald_hartwig_2018,S5,AHNEMAN_BH_P1_R19_C46,S5_cross_partition_group_tuple_cell
CondRxnBench-Benchmark-v0.1-splits-candidate.1,ahneman_doyle_buchwald_hartwig_2018,S5,AHNEMAN_BH_P1_R19_C47,S5_cross_partition_group_tuple_cell
CondRxnBench-Benchmark-v0.1-splits-candidate.1,ahneman_doyle_buchwald_hartwig_2018,S5,AHNEMAN_BH_P1_R20_C01,S5_cross_partition_group_tuple_cell
CondRxnBench-Benchmark-v0.1-splits-candidate.1,ahneman_doyle_buchwald_hartwig_2018,S5,AHNEMAN_BH_P1_R20_C03,S5_cross_partition_group_tuple_cell
CondRxnBench-Benchmark-v0.1-splits-candidate.1,ahneman_doyle_buchwald_hartwig_2018,S5,AHNEMAN_BH_P1_R20_C06,S5_cross_partition_group_tuple_cell
CondRxnBench-Benchmark-v0.1-splits-candidate.1,ahneman_doyle_buchwald_hartwig_2018,S5,AHNEMAN_BH_P1_R20_C12,S5_cross_partition_group_tuple_cell
CondRxnBench-Benchmark-v0.1-splits-candidate.1,ahneman_doyle_buchwald_hartwig_2018,S5,AHNEMAN_BH_P1_R20_C13,S5_cross_partition_group_tuple_cell
CondRxnBench-Benchmark-v0.1-splits-candidate.1,ahneman_doyle_buchwald_hartwig_2018,S5,AHNEMAN_BH_P1_R20_C18,S5_cross_partition_group_tuple_cell
CondRxnBench-Benchmark-v0.1-splits-candidate.1,ahneman_doyle_buchwald_hartwig_2018,S5,AHNEMAN_BH_P1_R20_C20,S5_cross_partition_group_tuple_cell
CondRxnBench-Benchmark-v0.1-splits-candidate.1,ahneman_doyle_buchwald_hartwig_2018,S5,AHNEMAN_BH_P1_R20_C21,S5_cross_partition_group_tuple_cell
CondRxnBench-Benchmark-v0.1-splits-candidate.1,ahneman_doyle_buchwald_hartwig_2018,S5,AHNEMAN_BH_P1_R20_C23,S5_cross_partition_group_tuple_cell
CondRxnBench-Benchmark-v0.1-splits-candidate.1,ahneman_doyle_buchwald_hartwig_2018,S5,AHNEMAN_BH_P1_R20_C24,S5_cross_partition_group_tuple_cell
CondRxnBench-Benchmark-v0.1-splits-candidate.1,ahneman_doyle_buchwald_hartwig_2018,S5,AHNEMAN_BH_P1_R20_C25,S5_cross_partition_group_tuple_cell
CondRxnBench-Benchmark-v0.1-splits-candidate.1,ahneman_doyle_buchwald_hartwig_2018,S5,AHNEMAN_BH_P1_R20_C26,S5_cross_partition_group_tuple_cell
CondRxnBench-Benchmark-v0.1-splits-candidate.1,ahneman_doyle_buchwald_hartwig_2018,S5,AHNEMAN_BH_P1_R20_C27,S5_cross_partition_group_tuple_cell
CondRxnBench-Benchmark-v0.1-splits-candidate.1,ahneman_doyle_buchwald_hartwig_2018,S5,AHNEMAN_BH_P1_R20_C28,S5_cross_partition_group_tuple_cell
CondRxnBench-Benchmark-v0.1-splits-candidate.1,ahneman_doyle_buchwald_hartwig_2018,S5,AHNEMAN_BH_P1_R20_C29,S5_cross_partition_group_tuple_cell
CondRxnBench-Benchmark-v0.1-splits-candidate.1,ahneman_doyle_buchwald_hartwig_2018,S5,AHNEMAN_BH_P1_R20_C30,S5_cross_partition_group_tuple_cell
CondRxnBench-Benchmark-v0.1-splits-candidate.1,ahneman_doyle_buchwald_hartwig_2018,S5,AHNEMAN_BH_P1_R20_C31,S5_cross_partition_group_tuple_cell
CondRxnBench-Benchmark-v0.1-splits-candidate.1,ahneman_doyle_buchwald_hartwig_2018,S5,AHNEMAN_BH_P1_R20_C33,S5_cross_partition_group_tuple_cell
CondRxnBench-Benchmark-v0.1-splits-candidate.1,ahneman_doyle_buchwald_hartwig_2018,S5,AHNEMAN_BH_P1_R20_C35,S5_cross_partition_group_tuple_cell
CondRxnBench-Benchmark-v0.1-splits-candidate.1,ahneman_doyle_buchwald_hartwig_2018,S5,AHNEMAN_BH_P1_R20_C38,S5_cross_partition_group_tuple_cell
CondRxnBench-Benchmark-v0.1-splits-candidate.1,ahneman_doyle_buchwald_hartwig_2018,S5,AHNEMAN_BH_P1_R20_C44,S5_cross_partition_group_tuple_cell
CondRxnBench-Benchmark-v0.1-splits-candidate.1,ahneman_doyle_buchwald_hartwig_2018,S5,AHNEMAN_BH_P1_R20_C45,S5_cross_partition_group_tuple_cell
CondRxnBench-Benchmark-v0.1-splits-candidate.1,ahneman_doyle_buchwald_hartwig_2018,S5,AHNEMAN_BH_P1_R21_C01,S5_cross_partition_group_tuple_cell
CondRxnBench-Benchmark-v0.1-splits-candidate.1,ahneman_doyle_buchwald_hartwig_2018,S5,AHNEMAN_BH_P1_R21_C03,S5_cross_partition_group_tuple_cell
CondRxnBench-Benchmark-v0.1-splits-candidate.1,ahneman_doyle_buchwald_hartwig_2018,S5,AHNEMAN_BH_P1_R21_C06,S5_cross_partition_group_tuple_cell
CondRxnBench-Benchmark-v0.1-splits-candidate.1,ahneman_doyle_buchwald_hartwig_2018,S5,AHNEMAN_BH_P1_R21_C12,S5_cross_partition_group_tuple_cell
CondRxnBench-Benchmark-v0.1-splits-candidate.1,ahneman_doyle_buchwald_hartwig_2018,S5,AHNEMAN_BH_P1_R21_C13,S5_cross_partition_group_tuple_cell
CondRxnBench-Benchmark-v0.1-splits-candidate.1,ahneman_doyle_buchwald_hartwig_2018,S5,AHNEMAN_BH_P1_R21_C17,S5_cross_partition_group_tuple_cell
CondRxnBench-Benchmark-v0.1-splits-candidate.1,ahneman_doyle_buchwald_hartwig_2018,S5,AHNEMAN_BH_P1_R21_C19,S5_cross_partition_group_tuple_cell
CondRxnBench-Benchmark-v0.1-splits-candidate.1,ahneman_doyle_buchwald_hartwig_2018,S5,AHNEMAN_BH_P1_R21_C22,S5_cross_partition_group_tuple_cell
CondRxnBench-Benchmark-v0.1-splits-candidate.1,ahneman_doyle_buchwald_hartwig_2018,S5,AHNEMAN_BH_P1_R21_C28,S5_cross_partition_group_tuple_cell
CondRxnBench-Benchmark-v0.1-splits-candidate.1,ahneman_doyle_buchwald_hartwig_2018,S5,AHNEMAN_BH_P1_R21_C29,S5_cross_partition_group_tuple_cell
CondRxnBench-Benchmark-v0.1-splits-candidate.1,ahneman_doyle_buchwald_hartwig_2018,S5,AHNEMAN_BH_P1_R21_C33,S5_cross_partition_group_tuple_cell
CondRxnBench-Benchmark-v0.1-splits-candidate.1,ahneman_doyle_buchwald_hartwig_2018,S5,AHNEMAN_BH_P1_R21_C35,S5_cross_partition_group_tuple_cell
CondRxnBench-Benchmark-v0.1-splits-candidate.1,ahneman_doyle_buchwald_hartwig_2018,S5,AHNEMAN_BH_P1_R21_C38,S5_cross_partition_group_tuple_cell
CondRxnBench-Benchmark-v0.1-splits-candidate.1,ahneman_doyle_buchwald_hartwig_2018,S5,AHNEMAN_BH_P1_R21_C44,S5_cross_partition_group_tuple_cell
CondRxnBench-Benchmark-v0.1-splits-candidate.1,ahneman_doyle_buchwald_hartwig_2018,S5,AHNEMAN_BH_P1_R21_C45,S5_cross_partition_group_tuple_cell
CondRxnBench-Benchmark-v0.1-splits-candidate.1,ahneman_doyle_buchwald_hartwig_2018,S5,AHNEMAN_BH_P1_R22_C01,S5_cross_partition_group_tuple_cell
CondRxnBench-Benchmark-v0.1-splits-candidate.1,ahneman_doyle_buchwald_hartwig_2018,S5,AHNEMAN_BH_P1_R22_C03,S5_cross_partition_group_tuple_cell
CondRxnBench-Benchmark-v0.1-splits-candidate.1,ahneman_doyle_buchwald_hartwig_2018,S5,AHNEMAN_BH_P1_R22_C06,S5_cross_partition_group_tuple_cell
CondRxnBench-Benchmark-v0.1-splits-candidate.1,ahneman_doyle_buchwald_hartwig_2018,S5,AHNEMAN_BH_P1_R22_C12,S5_cross_partition_group_tuple_cell
CondRxnBench-Benchmark-v0.1-splits-candidate.1,ahneman_doyle_buchwald_hartwig_2018,S5,AHNEMAN_BH_P1_R22_C13,S5_cross_partition_group_tuple_cell
CondRxnBench-Benchmark-v0.1-splits-candidate.1,ahneman_doyle_buchwald_hartwig_2018,S5,AHNEMAN_BH_P1_R22_C17,S5_cross_partition_group_tuple_cell
CondRxnBench-Benchmark-v0.1-splits-candidate.1,ahneman_doyle_buchwald_hartwig_2018,S5,AHNEMAN_BH_P1_R22_C18,S5_cross_partition_group_tuple_cell
CondRxnBench-Benchmark-v0.1-splits-candidate.1,ahneman_doyle_buchwald_hartwig_2018,S5,AHNEMAN_BH_P1_R22_C19,S5_cross_partition_group_tuple_cell
CondRxnBench-Benchmark-v0.1-splits-candidate.1,ahneman_doyle_buchwald_hartwig_2018,S5,AHNEMAN_BH_P1_R22_C20,S5_cross_partition_group_tuple_cell
CondRxnBench-Benchmark-v0.1-splits-candidate.1,ahneman_doyle_buchwald_hartwig_2018,S5,AHNEMAN_BH_P1_R22_C21,S5_cross_partition_group_tuple_cell
CondRxnBench-Benchmark-v0.1-splits-candidate.1,ahneman_doyle_buchwald_hartwig_2018,S5,AHNEMAN_BH_P1_R22_C22,S5_cross_partition_group_tuple_cell
CondRxnBench-Benchmark-v0.1-splits-candidate.1,ahneman_doyle_buchwald_hartwig_2018,S5,AHNEMAN_BH_P1_R22_C24,S5_cross_partition_group_tuple_cell
CondRxnBench-Benchmark-v0.1-splits-candidate.1,ahneman_doyle_buchwald_hartwig_2018,S5,AHNEMAN_BH_P1_R22_C25,S5_cross_partition_group_tuple_cell
CondRxnBench-Benchmark-v0.1-splits-candidate.1,ahneman_doyle_buchwald_hartwig_2018,S5,AHNEMAN_BH_P1_R22_C26,S5_cross_partition_group_tuple_cell
CondRxnBench-Benchmark-v0.1-splits-candidate.1,ahneman_doyle_buchwald_hartwig_2018,S5,AHNEMAN_BH_P1_R22_C27,S5_cross_partition_group_tuple_cell
CondRxnBench-Benchmark-v0.1-splits-candidate.1,ahneman_doyle_buchwald_hartwig_2018,S5,AHNEMAN_BH_P1_R22_C30,S5_cross_partition_group_tuple_cell
CondRxnBench-Benchmark-v0.1-splits-candidate.1,ahneman_doyle_buchwald_hartwig_2018,S5,AHNEMAN_BH_P1_R22_C31,S5_cross_partition_group_tuple_cell
CondRxnBench-Benchmark-v0.1-splits-candidate.1,ahneman_doyle_buchwald_hartwig_2018,S5,AHNEMAN_BH_P1_R22_C33,S5_cross_partition_group_tuple_cell
CondRxnBench-Benchmark-v0.1-splits-candidate.1,ahneman_doyle_buchwald_hartwig_2018,S5,AHNEMAN_BH_P1_R22_C34,S5_cross_partition_group_tuple_cell
CondRxnBench-Benchmark-v0.1-splits-candidate.1,ahneman_doyle_buchwald_hartwig_2018,S5,AHNEMAN_BH_P1_R22_C35,S5_cross_partition_group_tuple_cell
CondRxnBench-Benchmark-v0.1-splits-candidate.1,ahneman_doyle_buchwald_hartwig_2018,S5,AHNEMAN_BH_P1_R22_C36,S5_cross_partition_group_tuple_cell
CondRxnBench-Benchmark-v0.1-splits-candidate.1,ahneman_doyle_buchwald_hartwig_2018,S5,AHNEMAN_BH_P1_R22_C37,S5_cross_partition_group_tuple_cell
CondRxnBench-Benchmark-v0.1-splits-candidate.1,ahneman_doyle_buchwald_hartwig_2018,S5,AHNEMAN_BH_P1_R22_C38,S5_cross_partition_group_tuple_cell
CondRxnBench-Benchmark-v0.1-splits-candidate.1,ahneman_doyle_buchwald_hartwig_2018,S5,AHNEMAN_BH_P1_R22_C39,S5_cross_partition_group_tuple_cell
CondRxnBench-Benchmark-v0.1-splits-candidate.1,ahneman_doyle_buchwald_hartwig_2018,S5,AHNEMAN_BH_P1_R22_C40,S5_cross_partition_group_tuple_cell
CondRxnBench-Benchmark-v0.1-splits-candidate.1,ahneman_doyle_buchwald_hartwig_2018,S5,AHNEMAN_BH_P1_R22_C41,S5_cross_partition_group_tuple_cell
CondRxnBench-Benchmark-v0.1-splits-candidate.1,ahneman_doyle_buchwald_hartwig_2018,S5,AHNEMAN_BH_P1_R22_C42,S5_cross_partition_group_tuple_cell
CondRxnBench-Benchmark-v0.1-splits-candidate.1,ahneman_doyle_buchwald_hartwig_2018,S5,AHNEMAN_BH_P1_R22_C43,S5_cross_partition_group_tuple_cell
CondRxnBench-Benchmark-v0.1-splits-candidate.1,ahneman_doyle_buchwald_hartwig_2018,S5,AHNEMAN_BH_P1_R22_C46,S5_cross_partition_group_tuple_cell
CondRxnBench-Benchmark-v0.1-splits-candidate.1,ahneman_doyle_buchwald_hartwig_2018,S5,AHNEMAN_BH_P1_R22_C47,S5_cross_partition_group_tuple_cell
CondRxnBench-Benchmark-v0.1-splits-candidate.1,ahneman_doyle_buchwald_hartwig_2018,S5,AHNEMAN_BH_P1_R23_C01,S5_cross_partition_group_tuple_cell
CondRxnBench-Benchmark-v0.1-splits-candidate.1,ahneman_doyle_buchwald_hartwig_2018,S5,AHNEMAN_BH_P1_R23_C03,S5_cross_partition_group_tuple_cell
CondRxnBench-Benchmark-v0.1-splits-candidate.1,ahneman_doyle_buchwald_hartwig_2018,S5,AHNEMAN_BH_P1_R23_C06,S5_cross_partition_group_tuple_cell
CondRxnBench-Benchmark-v0.1-splits-candidate.1,ahneman_doyle_buchwald_hartwig_2018,S5,AHNEMAN_BH_P1_R23_C12,S5_cross_partition_group_tuple_cell
CondRxnBench-Benchmark-v0.1-splits-candidate.1,ahneman_doyle_buchwald_hartwig_2018,S5,AHNEMAN_BH_P1_R23_C13,S5_cross_partition_group_tuple_cell
CondRxnBench-Benchmark-v0.1-splits-candidate.1,ahneman_doyle_buchwald_hartwig_2018,S5,AHNEMAN_BH_P1_R23_C17,S5_cross_partition_group_tuple_cell
CondRxnBench-Benchmark-v0.1-splits-candidate.1,ahneman_doyle_buchwald_hartwig_2018,S5,AHNEMAN_BH_P1_R23_C19,S5_cross_partition_group_tuple_cell
CondRxnBench-Benchmark-v0.1-splits-candidate.1,ahneman_doyle_buchwald_hartwig_2018,S5,AHNEMAN_BH_P1_R23_C22,S5_cross_partition_group_tuple_cell
CondRxnBench-Benchmark-v0.1-splits-candidate.1,ahneman_doyle_buchwald_hartwig_2018,S5,AHNEMAN_BH_P1_R23_C28,S5_cross_partition_group_tuple_cell
CondRxnBench-Benchmark-v0.1-splits-candidate.1,ahneman_doyle_buchwald_hartwig_2018,S5,AHNEMAN_BH_P1_R23_C29,S5_cross_partition_group_tuple_cell
CondRxnBench-Benchmark-v0.1-splits-candidate.1,ahneman_doyle_buchwald_hartwig_2018,S5,AHNEMAN_BH_P1_R23_C33,S5_cross_partition_group_tuple_cell
CondRxnBench-Benchmark-v0.1-splits-candidate.1,ahneman_doyle_buchwald_hartwig_2018,S5,AHNEMAN_BH_P1_R23_C36,S5_cross_partition_group_tuple_cell
CondRxnBench-Benchmark-v0.1-splits-candidate.1,ahneman_doyle_buchwald_hartwig_2018,S5,AHNEMAN_BH_P1_R23_C37,S5_cross_partition_group_tuple_cell
CondRxnBench-Benchmark-v0.1-splits-candidate.1,ahneman_doyle_buchwald_hartwig_2018,S5,AHNEMAN_BH_P1_R23_C38,S5_cross_partition_group_tuple_cell
CondRxnBench-Benchmark-v0.1-splits-candidate.1,ahneman_doyle_buchwald_hartwig_2018,S5,AHNEMAN_BH_P1_R23_C39,S5_cross_partition_group_tuple_cell
CondRxnBench-Benchmark-v0.1-splits-candidate.1,ahneman_doyle_buchwald_hartwig_2018,S5,AHNEMAN_BH_P1_R23_C40,S5_cross_partition_group_tuple_cell
CondRxnBench-Benchmark-v0.1-splits-candidate.1,ahneman_doyle_buchwald_hartwig_2018,S5,AHNEMAN_BH_P1_R23_C41,S5_cross_partition_group_tuple_cell
CondRxnBench-Benchmark-v0.1-splits-candidate.1,ahneman_doyle_buchwald_hartwig_2018,S5,AHNEMAN_BH_P1_R23_C42,S5_cross_partition_group_tuple_cell
CondRxnBench-Benchmark-v0.1-splits-candidate.1,ahneman_doyle_buchwald_hartwig_2018,S5,AHNEMAN_BH_P1_R23_C43,S5_cross_partition_group_tuple_cell
CondRxnBench-Benchmark-v0.1-splits-candidate.1,ahneman_doyle_buchwald_hartwig_2018,S5,AHNEMAN_BH_P1_R23_C46,S5_cross_partition_group_tuple_cell
CondRxnBench-Benchmark-v0.1-splits-candidate.1,ahneman_doyle_buchwald_hartwig_2018,S5,AHNEMAN_BH_P1_R23_C47,S5_cross_partition_group_tuple_cell
CondRxnBench-Benchmark-v0.1-splits-candidate.1,ahneman_doyle_buchwald_hartwig_2018,S5,AHNEMAN_BH_P1_R24_C01,S5_cross_partition_group_tuple_cell
CondRxnBench-Benchmark-v0.1-splits-candidate.1,ahneman_doyle_buchwald_hartwig_2018,S5,AHNEMAN_BH_P1_R24_C03,S5_cross_partition_group_tuple_cell
CondRxnBench-Benchmark-v0.1-splits-candidate.1,ahneman_doyle_buchwald_hartwig_2018,S5,AHNEMAN_BH_P1_R24_C06,S5_cross_partition_group_tuple_cell
CondRxnBench-Benchmark-v0.1-splits-candidate.1,ahneman_doyle_buchwald_hartwig_2018,S5,AHNEMAN_BH_P1_R24_C12,S5_cross_partition_group_tuple_cell
CondRxnBench-Benchmark-v0.1-splits-candidate.1,ahneman_doyle_buchwald_hartwig_2018,S5,AHNEMAN_BH_P1_R24_C13,S5_cross_partition_group_tuple_cell
CondRxnBench-Benchmark-v0.1-splits-candidate.1,ahneman_doyle_buchwald_hartwig_2018,S5,AHNEMAN_BH_P1_R24_C17,S5_cross_partition_group_tuple_cell
CondRxnBench-Benchmark-v0.1-splits-candidate.1,ahneman_doyle_buchwald_hartwig_2018,S5,AHNEMAN_BH_P1_R24_C18,S5_cross_partition_group_tuple_cell
CondRxnBench-Benchmark-v0.1-splits-candidate.1,ahneman_doyle_buchwald_hartwig_2018,S5,AHNEMAN_BH_P1_R24_C19,S5_cross_partition_group_tuple_cell
CondRxnBench-Benchmark-v0.1-splits-candidate.1,ahneman_doyle_buchwald_hartwig_2018,S5,AHNEMAN_BH_P1_R24_C20,S5_cross_partition_group_tuple_cell
CondRxnBench-Benchmark-v0.1-splits-candidate.1,ahneman_doyle_buchwald_hartwig_2018,S5,AHNEMAN_BH_P1_R24_C21,S5_cross_partition_group_tuple_cell
CondRxnBench-Benchmark-v0.1-splits-candidate.1,ahneman_doyle_buchwald_hartwig_2018,S5,AHNEMAN_BH_P1_R24_C22,S5_cross_partition_group_tuple_cell
CondRxnBench-Benchmark-v0.1-splits-candidate.1,ahneman_doyle_buchwald_hartwig_2018,S5,AHNEMAN_BH_P1_R24_C23,S5_cross_partition_group_tuple_cell
CondRxnBench-Benchmark-v0.1-splits-candidate.1,ahneman_doyle_buchwald_hartwig_2018,S5,AHNEMAN_BH_P1_R24_C24,S5_cross_partition_group_tuple_cell
CondRxnBench-Benchmark-v0.1-splits-candidate.1,ahneman_doyle_buchwald_hartwig_2018,S5,AHNEMAN_BH_P1_R24_C25,S5_cross_partition_group_tuple_cell
CondRxnBench-Benchmark-v0.1-splits-candidate.1,ahneman_doyle_buchwald_hartwig_2018,S5,AHNEMAN_BH_P1_R24_C27,S5_cross_partition_group_tuple_cell
CondRxnBench-Benchmark-v0.1-splits-candidate.1,ahneman_doyle_buchwald_hartwig_2018,S5,AHNEMAN_BH_P1_R24_C30,S5_cross_partition_group_tuple_cell
CondRxnBench-Benchmark-v0.1-splits-candidate.1,ahneman_doyle_buchwald_hartwig_2018,S5,AHNEMAN_BH_P1_R24_C31,S5_cross_partition_group_tuple_cell
CondRxnBench-Benchmark-v0.1-splits-candidate.1,ahneman_doyle_buchwald_hartwig_2018,S5,AHNEMAN_BH_P1_R24_C33,S5_cross_partition_group_tuple_cell
CondRxnBench-Benchmark-v0.1-splits-candidate.1,ahneman_doyle_buchwald_hartwig_2018,S5,AHNEMAN_BH_P1_R24_C35,S5_cross_partition_group_tuple_cell
CondRxnBench-Benchmark-v0.1-splits-candidate.1,ahneman_doyle_buchwald_hartwig_2018,S5,AHNEMAN_BH_P1_R24_C38,S5_cross_partition_group_tuple_cell
CondRxnBench-Benchmark-v0.1-splits-candidate.1,ahneman_doyle_buchwald_hartwig_2018,S5,AHNEMAN_BH_P1_R24_C44,S5_cross_partition_group_tuple_cell
CondRxnBench-Benchmark-v0.1-splits-candidate.1,ahneman_doyle_buchwald_hartwig_2018,S5,AHNEMAN_BH_P1_R24_C45,S5_cross_partition_group_tuple_cell
CondRxnBench-Benchmark-v0.1-splits-candidate.1,ahneman_doyle_buchwald_hartwig_2018,S5,AHNEMAN_BH_P1_R25_C01,S5_cross_partition_group_tuple_cell
CondRxnBench-Benchmark-v0.1-splits-candidate.1,ahneman_doyle_buchwald_hartwig_2018,S5,AHNEMAN_BH_P1_R25_C03,S5_cross_partition_group_tuple_cell
CondRxnBench-Benchmark-v0.1-splits-candidate.1,ahneman_doyle_buchwald_hartwig_2018,S5,AHNEMAN_BH_P1_R25_C06,S5_cross_partition_group_tuple_cell
CondRxnBench-Benchmark-v0.1-splits-candidate.1,ahneman_doyle_buchwald_hartwig_2018,S5,AHNEMAN_BH_P1_R25_C12,S5_cross_partition_group_tuple_cell
CondRxnBench-Benchmark-v0.1-splits-candidate.1,ahneman_doyle_buchwald_hartwig_2018,S5,AHNEMAN_BH_P1_R25_C13,S5_cross_partition_group_tuple_cell
CondRxnBench-Benchmark-v0.1-splits-candidate.1,ahneman_doyle_buchwald_hartwig_2018,S5,AHNEMAN_BH_P1_R25_C17,S5_cross_partition_group_tuple_cell
CondRxnBench-Benchmark-v0.1-splits-candidate.1,ahneman_doyle_buchwald_hartwig_2018,S5,AHNEMAN_BH_P1_R25_C19,S5_cross_partition_group_tuple_cell
CondRxnBench-Benchmark-v0.1-splits-candidate.1,ahneman_doyle_buchwald_hartwig_2018,S5,AHNEMAN_BH_P1_R25_C22,S5_cross_partition_group_tuple_cell
CondRxnBench-Benchmark-v0.1-splits-candidate.1,ahneman_doyle_buchwald_hartwig_2018,S5,AHNEMAN_BH_P1_R25_C28,S5_cross_partition_group_tuple_cell
CondRxnBench-Benchmark-v0.1-splits-candidate.1,ahneman_doyle_buchwald_hartwig_2018,S5,AHNEMAN_BH_P1_R25_C29,S5_cross_partition_group_tuple_cell
CondRxnBench-Benchmark-v0.1-splits-candidate.1,ahneman_doyle_buchwald_hartwig_2018,S5,AHNEMAN_BH_P1_R25_C33,S5_cross_partition_group_tuple_cell
CondRxnBench-Benchmark-v0.1-splits-candidate.1,ahneman_doyle_buchwald_hartwig_2018,S5,AHNEMAN_BH_P1_R25_C35,S5_cross_partition_group_tuple_cell
CondRxnBench-Benchmark-v0.1-splits-candidate.1,ahneman_doyle_buchwald_hartwig_2018,S5,AHNEMAN_BH_P1_R25_C38,S5_cross_partition_group_tuple_cell
CondRxnBench-Benchmark-v0.1-splits-candidate.1,ahneman_doyle_buchwald_hartwig_2018,S5,AHNEMAN_BH_P1_R25_C44,S5_cross_partition_group_tuple_cell
CondRxnBench-Benchmark-v0.1-splits-candidate.1,ahneman_doyle_buchwald_hartwig_2018,S5,AHNEMAN_BH_P1_R25_C45,S5_cross_partition_group_tuple_cell
CondRxnBench-Benchmark-v0.1-splits-candidate.1,ahneman_doyle_buchwald_hartwig_2018,S5,AHNEMAN_BH_P1_R26_C01,S5_cross_partition_group_tuple_cell
CondRxnBench-Benchmark-v0.1-splits-candidate.1,ahneman_doyle_buchwald_hartwig_2018,S5,AHNEMAN_BH_P1_R26_C02,S5_cross_partition_group_tuple_cell
CondRxnBench-Benchmark-v0.1-splits-candidate.1,ahneman_doyle_buchwald_hartwig_2018,S5,AHNEMAN_BH_P1_R26_C03,S5_cross_partition_group_tuple_cell
CondRxnBench-Benchmark-v0.1-splits-candidate.1,ahneman_doyle_buchwald_hartwig_2018,S5,AHNEMAN_BH_P1_R26_C04,S5_cross_partition_group_tuple_cell
CondRxnBench-Benchmark-v0.1-splits-candidate.1,ahneman_doyle_buchwald_hartwig_2018,S5,AHNEMAN_BH_P1_R26_C05,S5_cross_partition_group_tuple_cell
CondRxnBench-Benchmark-v0.1-splits-candidate.1,ahneman_doyle_buchwald_hartwig_2018,S5,AHNEMAN_BH_P1_R26_C06,S5_cross_partition_group_tuple_cell
CondRxnBench-Benchmark-v0.1-splits-candidate.1,ahneman_doyle_buchwald_hartwig_2018,S5,AHNEMAN_BH_P1_R26_C07,S5_cross_partition_group_tuple_cell
CondRxnBench-Benchmark-v0.1-splits-candidate.1,ahneman_doyle_buchwald_hartwig_2018,S5,AHNEMAN_BH_P1_R26_C08,S5_cross_partition_group_tuple_cell
CondRxnBench-Benchmark-v0.1-splits-candidate.1,ahneman_doyle_buchwald_hartwig_2018,S5,AHNEMAN_BH_P1_R26_C09,S5_cross_partition_group_tuple_cell
CondRxnBench-Benchmark-v0.1-splits-candidate.1,ahneman_doyle_buchwald_hartwig_2018,S5,AHNEMAN_BH_P1_R26_C10,S5_cross_partition_group_tuple_cell
CondRxnBench-Benchmark-v0.1-splits-candidate.1,ahneman_doyle_buchwald_hartwig_2018,S5,AHNEMAN_BH_P1_R26_C11,S5_cross_partition_group_tuple_cell
CondRxnBench-Benchmark-v0.1-splits-candidate.1,ahneman_doyle_buchwald_hartwig_2018,S5,AHNEMAN_BH_P1_R26_C14,S5_cross_partition_group_tuple_cell
CondRxnBench-Benchmark-v0.1-splits-candidate.1,ahneman_doyle_buchwald_hartwig_2018,S5,AHNEMAN_BH_P1_R26_C15,S5_cross_partition_group_tuple_cell
CondRxnBench-Benchmark-v0.1-splits-candidate.1,ahneman_doyle_buchwald_hartwig_2018,S5,AHNEMAN_BH_P1_R26_C17,S5_cross_partition_group_tuple_cell
CondRxnBench-Benchmark-v0.1-splits-candidate.1,ahneman_doyle_buchwald_hartwig_2018,S5,AHNEMAN_BH_P1_R26_C19,S5_cross_partition_group_tuple_cell
CondRxnBench-Benchmark-v0.1-splits-candidate.1,ahneman_doyle_buchwald_hartwig_2018,S5,AHNEMAN_BH_P1_R26_C22,S5_cross_partition_group_tuple_cell
CondRxnBench-Benchmark-v0.1-splits-candidate.1,ahneman_doyle_buchwald_hartwig_2018,S5,AHNEMAN_BH_P1_R26_C28,S5_cross_partition_group_tuple_cell
CondRxnBench-Benchmark-v0.1-splits-candidate.1,ahneman_doyle_buchwald_hartwig_2018,S5,AHNEMAN_BH_P1_R26_C29,S5_cross_partition_group_tuple_cell
CondRxnBench-Benchmark-v0.1-splits-candidate.1,ahneman_doyle_buchwald_hartwig_2018,S5,AHNEMAN_BH_P1_R26_C34,S5_cross_partition_group_tuple_cell
CondRxnBench-Benchmark-v0.1-splits-candidate.1,ahneman_doyle_buchwald_hartwig_2018,S5,AHNEMAN_BH_P1_R26_C36,S5_cross_partition_group_tuple_cell
CondRxnBench-Benchmark-v0.1-splits-candidate.1,ahneman_doyle_buchwald_hartwig_2018,S5,AHNEMAN_BH_P1_R26_C37,S5_cross_partition_group_tuple_cell
CondRxnBench-Benchmark-v0.1-splits-candidate.1,ahneman_doyle_buchwald_hartwig_2018,S5,AHNEMAN_BH_P1_R26_C39,S5_cross_partition_group_tuple_cell
CondRxnBench-Benchmark-v0.1-splits-candidate.1,ahneman_doyle_buchwald_hartwig_2018,S5,AHNEMAN_BH_P1_R26_C40,S5_cross_partition_group_tuple_cell
CondRxnBench-Benchmark-v0.1-splits-candidate.1,ahneman_doyle_buchwald_hartwig_2018,S5,AHNEMAN_BH_P1_R26_C41,S5_cross_partition_group_tuple_cell
CondRxnBench-Benchmark-v0.1-splits-candidate.1,ahneman_doyle_buchwald_hartwig_2018,S5,AHNEMAN_BH_P1_R26_C42,S5_cross_partition_group_tuple_cell
CondRxnBench-Benchmark-v0.1-splits-candidate.1,ahneman_doyle_buchwald_hartwig_2018,S5,AHNEMAN_BH_P1_R26_C43,S5_cross_partition_group_tuple_cell
CondRxnBench-Benchmark-v0.1-splits-candidate.1,ahneman_doyle_buchwald_hartwig_2018,S5,AHNEMAN_BH_P1_R26_C44,S5_cross_partition_group_tuple_cell
CondRxnBench-Benchmark-v0.1-splits-candidate.1,ahneman_doyle_buchwald_hartwig_2018,S5,AHNEMAN_BH_P1_R26_C45,S5_cross_partition_group_tuple_cell
CondRxnBench-Benchmark-v0.1-splits-candidate.1,ahneman_doyle_buchwald_hartwig_2018,S5,AHNEMAN_BH_P1_R26_C46,S5_cross_partition_group_tuple_cell
CondRxnBench-Benchmark-v0.1-splits-candidate.1,ahneman_doyle_buchwald_hartwig_2018,S5,AHNEMAN_BH_P1_R26_C47,S5_cross_partition_group_tuple_cell
CondRxnBench-Benchmark-v0.1-splits-candidate.1,ahneman_doyle_buchwald_hartwig_2018,S5,AHNEMAN_BH_P1_R27_C01,S5_cross_partition_group_tuple_cell
CondRxnBench-Benchmark-v0.1-splits-candidate.1,ahneman_doyle_buchwald_hartwig_2018,S5,AHNEMAN_BH_P1_R27_C03,S5_cross_partition_group_tuple_cell
CondRxnBench-Benchmark-v0.1-splits-candidate.1,ahneman_doyle_buchwald_hartwig_2018,S5,AHNEMAN_BH_P1_R27_C06,S5_cross_partition_group_tuple_cell
CondRxnBench-Benchmark-v0.1-splits-candidate.1,ahneman_doyle_buchwald_hartwig_2018,S5,AHNEMAN_BH_P1_R27_C12,S5_cross_partition_group_tuple_cell
CondRxnBench-Benchmark-v0.1-splits-candidate.1,ahneman_doyle_buchwald_hartwig_2018,S5,AHNEMAN_BH_P1_R27_C13,S5_cross_partition_group_tuple_cell
CondRxnBench-Benchmark-v0.1-splits-candidate.1,ahneman_doyle_buchwald_hartwig_2018,S5,AHNEMAN_BH_P1_R27_C18,S5_cross_partition_group_tuple_cell
CondRxnBench-Benchmark-v0.1-splits-candidate.1,ahneman_doyle_buchwald_hartwig_2018,S5,AHNEMAN_BH_P1_R27_C20,S5_cross_partition_group_tuple_cell
CondRxnBench-Benchmark-v0.1-splits-candidate.1,ahneman_doyle_buchwald_hartwig_2018,S5,AHNEMAN_BH_P1_R27_C21,S5_cross_partition_group_tuple_cell
CondRxnBench-Benchmark-v0.1-splits-candidate.1,ahneman_doyle_buchwald_hartwig_2018,S5,AHNEMAN_BH_P1_R27_C23,S5_cross_partition_group_tuple_cell
CondRxnBench-Benchmark-v0.1-splits-candidate.1,ahneman_doyle_buchwald_hartwig_2018,S5,AHNEMAN_BH_P1_R27_C24,S5_cross_partition_group_tuple_cell
CondRxnBench-Benchmark-v0.1-splits-candidate.1,ahneman_doyle_buchwald_hartwig_2018,S5,AHNEMAN_BH_P1_R27_C25,S5_cross_partition_group_tuple_cell
CondRxnBench-Benchmark-v0.1-splits-candidate.1,ahneman_doyle_buchwald_hartwig_2018,S5,AHNEMAN_BH_P1_R27_C26,S5_cross_partition_group_tuple_cell
CondRxnBench-Benchmark-v0.1-splits-candidate.1,ahneman_doyle_buchwald_hartwig_2018,S5,AHNEMAN_BH_P1_R27_C27,S5_cross_partition_group_tuple_cell
CondRxnBench-Benchmark-v0.1-splits-candidate.1,ahneman_doyle_buchwald_hartwig_2018,S5,AHNEMAN_BH_P1_R27_C28,S5_cross_partition_group_tuple_cell
CondRxnBench-Benchmark-v0.1-splits-candidate.1,ahneman_doyle_buchwald_hartwig_2018,S5,AHNEMAN_BH_P1_R27_C29,S5_cross_partition_group_tuple_cell
CondRxnBench-Benchmark-v0.1-splits-candidate.1,ahneman_doyle_buchwald_hartwig_2018,S5,AHNEMAN_BH_P1_R27_C30,S5_cross_partition_group_tuple_cell
CondRxnBench-Benchmark-v0.1-splits-candidate.1,ahneman_doyle_buchwald_hartwig_2018,S5,AHNEMAN_BH_P1_R27_C31,S5_cross_partition_group_tuple_cell
CondRxnBench-Benchmark-v0.1-splits-candidate.1,ahneman_doyle_buchwald_hartwig_2018,S5,AHNEMAN_BH_P1_R27_C33,S5_cross_partition_group_tuple_cell
CondRxnBench-Benchmark-v0.1-splits-candidate.1,ahneman_doyle_buchwald_hartwig_2018,S5,AHNEMAN_BH_P1_R27_C35,S5_cross_partition_group_tuple_cell
CondRxnBench-Benchmark-v0.1-splits-candidate.1,ahneman_doyle_buchwald_hartwig_2018,S5,AHNEMAN_BH_P1_R27_C38,S5_cross_partition_group_tuple_cell
CondRxnBench-Benchmark-v0.1-splits-candidate.1,ahneman_doyle_buchwald_hartwig_2018,S5,AHNEMAN_BH_P1_R27_C44,S5_cross_partition_group_tuple_cell
CondRxnBench-Benchmark-v0.1-splits-candidate.1,ahneman_doyle_buchwald_hartwig_2018,S5,AHNEMAN_BH_P1_R27_C45,S5_cross_partition_group_tuple_cell
CondRxnBench-Benchmark-v0.1-splits-candidate.1,ahneman_doyle_buchwald_hartwig_2018,S5,AHNEMAN_BH_P1_R28_C01,S5_cross_partition_group_tuple_cell
CondRxnBench-Benchmark-v0.1-splits-candidate.1,ahneman_doyle_buchwald_hartwig_2018,S5,AHNEMAN_BH_P1_R28_C03,S5_cross_partition_group_tuple_cell
CondRxnBench-Benchmark-v0.1-splits-candidate.1,ahneman_doyle_buchwald_hartwig_2018,S5,AHNEMAN_BH_P1_R28_C06,S5_cross_partition_group_tuple_cell
CondRxnBench-Benchmark-v0.1-splits-candidate.1,ahneman_doyle_buchwald_hartwig_2018,S5,AHNEMAN_BH_P1_R28_C12,S5_cross_partition_group_tuple_cell
CondRxnBench-Benchmark-v0.1-splits-candidate.1,ahneman_doyle_buchwald_hartwig_2018,S5,AHNEMAN_BH_P1_R28_C13,S5_cross_partition_group_tuple_cell
CondRxnBench-Benchmark-v0.1-splits-candidate.1,ahneman_doyle_buchwald_hartwig_2018,S5,AHNEMAN_BH_P1_R28_C17,S5_cross_partition_group_tuple_cell
CondRxnBench-Benchmark-v0.1-splits-candidate.1,ahneman_doyle_buchwald_hartwig_2018,S5,AHNEMAN_BH_P1_R28_C19,S5_cross_partition_group_tuple_cell
CondRxnBench-Benchmark-v0.1-splits-candidate.1,ahneman_doyle_buchwald_hartwig_2018,S5,AHNEMAN_BH_P1_R28_C22,S5_cross_partition_group_tuple_cell
CondRxnBench-Benchmark-v0.1-splits-candidate.1,ahneman_doyle_buchwald_hartwig_2018,S5,AHNEMAN_BH_P1_R28_C28,S5_cross_partition_group_tuple_cell
CondRxnBench-Benchmark-v0.1-splits-candidate.1,ahneman_doyle_buchwald_hartwig_2018,S5,AHNEMAN_BH_P1_R28_C29,S5_cross_partition_group_tuple_cell
CondRxnBench-Benchmark-v0.1-splits-candidate.1,ahneman_doyle_buchwald_hartwig_2018,S5,AHNEMAN_BH_P1_R28_C34,S5_cross_partition_group_tuple_cell
CondRxnBench-Benchmark-v0.1-splits-candidate.1,ahneman_doyle_buchwald_hartwig_2018,S5,AHNEMAN_BH_P1_R28_C36,S5_cross_partition_group_tuple_cell
CondRxnBench-Benchmark-v0.1-splits-candidate.1,ahneman_doyle_buchwald_hartwig_2018,S5,AHNEMAN_BH_P1_R28_C37,S5_cross_partition_group_tuple_cell
CondRxnBench-Benchmark-v0.1-splits-candidate.1,ahneman_doyle_buchwald_hartwig_2018,S5,AHNEMAN_BH_P1_R28_C39,S5_cross_partition_group_tuple_cell
CondRxnBench-Benchmark-v0.1-splits-candidate.1,ahneman_doyle_buchwald_hartwig_2018,S5,AHNEMAN_BH_P1_R28_C40,S5_cross_partition_group_tuple_cell
CondRxnBench-Benchmark-v0.1-splits-candidate.1,ahneman_doyle_buchwald_hartwig_2018,S5,AHNEMAN_BH_P1_R28_C41,S5_cross_partition_group_tuple_cell
CondRxnBench-Benchmark-v0.1-splits-candidate.1,ahneman_doyle_buchwald_hartwig_2018,S5,AHNEMAN_BH_P1_R28_C42,S5_cross_partition_group_tuple_cell
CondRxnBench-Benchmark-v0.1-splits-candidate.1,ahneman_doyle_buchwald_hartwig_2018,S5,AHNEMAN_BH_P1_R28_C43,S5_cross_partition_group_tuple_cell
CondRxnBench-Benchmark-v0.1-splits-candidate.1,ahneman_doyle_buchwald_hartwig_2018,S5,AHNEMAN_BH_P1_R28_C44,S5_cross_partition_group_tuple_cell
CondRxnBench-Benchmark-v0.1-splits-candidate.1,ahneman_doyle_buchwald_hartwig_2018,S5,AHNEMAN_BH_P1_R28_C45,S5_cross_partition_group_tuple_cell
CondRxnBench-Benchmark-v0.1-splits-candidate.1,ahneman_doyle_buchwald_hartwig_2018,S5,AHNEMAN_BH_P1_R28_C46,S5_cross_partition_group_tuple_cell
CondRxnBench-Benchmark-v0.1-splits-candidate.1,ahneman_doyle_buchwald_hartwig_2018,S5,AHNEMAN_BH_P1_R28_C47,S5_cross_partition_group_tuple_cell
CondRxnBench-Benchmark-v0.1-splits-candidate.1,ahneman_doyle_buchwald_hartwig_2018,S5,AHNEMAN_BH_P1_R29_C01,S5_cross_partition_group_tuple_cell
CondRxnBench-Benchmark-v0.1-splits-candidate.1,ahneman_doyle_buchwald_hartwig_2018,S5,AHNEMAN_BH_P1_R29_C03,S5_cross_partition_group_tuple_cell
CondRxnBench-Benchmark-v0.1-splits-candidate.1,ahneman_doyle_buchwald_hartwig_2018,S5,AHNEMAN_BH_P1_R29_C06,S5_cross_partition_group_tuple_cell
CondRxnBench-Benchmark-v0.1-splits-candidate.1,ahneman_doyle_buchwald_hartwig_2018,S5,AHNEMAN_BH_P1_R29_C12,S5_cross_partition_group_tuple_cell
CondRxnBench-Benchmark-v0.1-splits-candidate.1,ahneman_doyle_buchwald_hartwig_2018,S5,AHNEMAN_BH_P1_R29_C13,S5_cross_partition_group_tuple_cell
CondRxnBench-Benchmark-v0.1-splits-candidate.1,ahneman_doyle_buchwald_hartwig_2018,S5,AHNEMAN_BH_P1_R29_C17,S5_cross_partition_group_tuple_cell
CondRxnBench-Benchmark-v0.1-splits-candidate.1,ahneman_doyle_buchwald_hartwig_2018,S5,AHNEMAN_BH_P1_R29_C19,S5_cross_partition_group_tuple_cell
CondRxnBench-Benchmark-v0.1-splits-candidate.1,ahneman_doyle_buchwald_hartwig_2018,S5,AHNEMAN_BH_P1_R29_C22,S5_cross_partition_group_tuple_cell
CondRxnBench-Benchmark-v0.1-splits-candidate.1,ahneman_doyle_buchwald_hartwig_2018,S5,AHNEMAN_BH_P1_R29_C28,S5_cross_partition_group_tuple_cell
CondRxnBench-Benchmark-v0.1-splits-candidate.1,ahneman_doyle_buchwald_hartwig_2018,S5,AHNEMAN_BH_P1_R29_C29,S5_cross_partition_group_tuple_cell
CondRxnBench-Benchmark-v0.1-splits-candidate.1,ahneman_doyle_buchwald_hartwig_2018,S5,AHNEMAN_BH_P1_R29_C34,S5_cross_partition_group_tuple_cell
CondRxnBench-Benchmark-v0.1-splits-candidate.1,ahneman_doyle_buchwald_hartwig_2018,S5,AHNEMAN_BH_P1_R29_C36,S5_cross_partition_group_tuple_cell
CondRxnBench-Benchmark-v0.1-splits-candidate.1,ahneman_doyle_buchwald_hartwig_2018,S5,AHNEMAN_BH_P1_R29_C37,S5_cross_partition_group_tuple_cell
CondRxnBench-Benchmark-v0.1-splits-candidate.1,ahneman_doyle_buchwald_hartwig_2018,S5,AHNEMAN_BH_P1_R29_C39,S5_cross_partition_group_tuple_cell
CondRxnBench-Benchmark-v0.1-splits-candidate.1,ahneman_doyle_buchwald_hartwig_2018,S5,AHNEMAN_BH_P1_R29_C40,S5_cross_partition_group_tuple_cell
CondRxnBench-Benchmark-v0.1-splits-candidate.1,ahneman_doyle_buchwald_hartwig_2018,S5,AHNEMAN_BH_P1_R29_C41,S5_cross_partition_group_tuple_cell
CondRxnBench-Benchmark-v0.1-splits-candidate.1,ahneman_doyle_buchwald_hartwig_2018,S5,AHNEMAN_BH_P1_R29_C42,S5_cross_partition_group_tuple_cell
CondRxnBench-Benchmark-v0.1-splits-candidate.1,ahneman_doyle_buchwald_hartwig_2018,S5,AHNEMAN_BH_P1_R29_C43,S5_cross_partition_group_tuple_cell
CondRxnBench-Benchmark-v0.1-splits-candidate.1,ahneman_doyle_buchwald_hartwig_2018,S5,AHNEMAN_BH_P1_R29_C44,S5_cross_partition_group_tuple_cell
CondRxnBench-Benchmark-v0.1-splits-candidate.1,ahneman_doyle_buchwald_hartwig_2018,S5,AHNEMAN_BH_P1_R29_C45,S5_cross_partition_group_tuple_cell
CondRxnBench-Benchmark-v0.1-splits-candidate.1,ahneman_doyle_buchwald_hartwig_2018,S5,AHNEMAN_BH_P1_R29_C46,S5_cross_partition_group_tuple_cell
CondRxnBench-Benchmark-v0.1-splits-candidate.1,ahneman_doyle_buchwald_hartwig_2018,S5,AHNEMAN_BH_P1_R29_C47,S5_cross_partition_group_tuple_cell
CondRxnBench-Benchmark-v0.1-splits-candidate.1,ahneman_doyle_buchwald_hartwig_2018,S5,AHNEMAN_BH_P1_R30_C01,S5_cross_partition_group_tuple_cell
CondRxnBench-Benchmark-v0.1-splits-candidate.1,ahneman_doyle_buchwald_hartwig_2018,S5,AHNEMAN_BH_P1_R30_C03,S5_cross_partition_group_tuple_cell
CondRxnBench-Benchmark-v0.1-splits-candidate.1,ahneman_doyle_buchwald_hartwig_2018,S5,AHNEMAN_BH_P1_R30_C06,S5_cross_partition_group_tuple_cell
CondRxnBench-Benchmark-v0.1-splits-candidate.1,ahneman_doyle_buchwald_hartwig_2018,S5,AHNEMAN_BH_P1_R30_C12,S5_cross_partition_group_tuple_cell
CondRxnBench-Benchmark-v0.1-splits-candidate.1,ahneman_doyle_buchwald_hartwig_2018,S5,AHNEMAN_BH_P1_R30_C13,S5_cross_partition_group_tuple_cell
CondRxnBench-Benchmark-v0.1-splits-candidate.1,ahneman_doyle_buchwald_hartwig_2018,S5,AHNEMAN_BH_P1_R30_C17,S5_cross_partition_group_tuple_cell
CondRxnBench-Benchmark-v0.1-splits-candidate.1,ahneman_doyle_buchwald_hartwig_2018,S5,AHNEMAN_BH_P1_R30_C19,S5_cross_partition_group_tuple_cell
CondRxnBench-Benchmark-v0.1-splits-candidate.1,ahneman_doyle_buchwald_hartwig_2018,S5,AHNEMAN_BH_P1_R30_C22,S5_cross_partition_group_tuple_cell
CondRxnBench-Benchmark-v0.1-splits-candidate.1,ahneman_doyle_buchwald_hartwig_2018,S5,AHNEMAN_BH_P1_R30_C28,S5_cross_partition_group_tuple_cell
CondRxnBench-Benchmark-v0.1-splits-candidate.1,ahneman_doyle_buchwald_hartwig_2018,S5,AHNEMAN_BH_P1_R30_C29,S5_cross_partition_group_tuple_cell
CondRxnBench-Benchmark-v0.1-splits-candidate.1,ahneman_doyle_buchwald_hartwig_2018,S5,AHNEMAN_BH_P1_R30_C33,S5_cross_partition_group_tuple_cell
CondRxnBench-Benchmark-v0.1-splits-candidate.1,ahneman_doyle_buchwald_hartwig_2018,S5,AHNEMAN_BH_P1_R30_C34,S5_cross_partition_group_tuple_cell
CondRxnBench-Benchmark-v0.1-splits-candidate.1,ahneman_doyle_buchwald_hartwig_2018,S5,AHNEMAN_BH_P1_R30_C35,S5_cross_partition_group_tuple_cell
CondRxnBench-Benchmark-v0.1-splits-candidate.1,ahneman_doyle_buchwald_hartwig_2018,S5,AHNEMAN_BH_P1_R30_C36,S5_cross_partition_group_tuple_cell
CondRxnBench-Benchmark-v0.1-splits-candidate.1,ahneman_doyle_buchwald_hartwig_2018,S5,AHNEMAN_BH_P1_R30_C37,S5_cross_partition_group_tuple_cell
CondRxnBench-Benchmark-v0.1-splits-candidate.1,ahneman_doyle_buchwald_hartwig_2018,S5,AHNEMAN_BH_P1_R30_C38,S5_cross_partition_group_tuple_cell
CondRxnBench-Benchmark-v0.1-splits-candidate.1,ahneman_doyle_buchwald_hartwig_2018,S5,AHNEMAN_BH_P1_R30_C39,S5_cross_partition_group_tuple_cell
CondRxnBench-Benchmark-v0.1-splits-candidate.1,ahneman_doyle_buchwald_hartwig_2018,S5,AHNEMAN_BH_P1_R30_C40,S5_cross_partition_group_tuple_cell
CondRxnBench-Benchmark-v0.1-splits-candidate.1,ahneman_doyle_buchwald_hartwig_2018,S5,AHNEMAN_BH_P1_R30_C41,S5_cross_partition_group_tuple_cell
CondRxnBench-Benchmark-v0.1-splits-candidate.1,ahneman_doyle_buchwald_hartwig_2018,S5,AHNEMAN_BH_P1_R30_C42,S5_cross_partition_group_tuple_cell
CondRxnBench-Benchmark-v0.1-splits-candidate.1,ahneman_doyle_buchwald_hartwig_2018,S5,AHNEMAN_BH_P1_R30_C43,S5_cross_partition_group_tuple_cell
CondRxnBench-Benchmark-v0.1-splits-candidate.1,ahneman_doyle_buchwald_hartwig_2018,S5,AHNEMAN_BH_P1_R30_C46,S5_cross_partition_group_tuple_cell
CondRxnBench-Benchmark-v0.1-splits-candidate.1,ahneman_doyle_buchwald_hartwig_2018,S5,AHNEMAN_BH_P1_R30_C47,S5_cross_partition_group_tuple_cell
CondRxnBench-Benchmark-v0.1-splits-candidate.1,ahneman_doyle_buchwald_hartwig_2018,S5,AHNEMAN_BH_P1_R31_C01,S5_cross_partition_group_tuple_cell
CondRxnBench-Benchmark-v0.1-splits-candidate.1,ahneman_doyle_buchwald_hartwig_2018,S5,AHNEMAN_BH_P1_R31_C03,S5_cross_partition_group_tuple_cell
CondRxnBench-Benchmark-v0.1-splits-candidate.1,ahneman_doyle_buchwald_hartwig_2018,S5,AHNEMAN_BH_P1_R31_C06,S5_cross_partition_group_tuple_cell
CondRxnBench-Benchmark-v0.1-splits-candidate.1,ahneman_doyle_buchwald_hartwig_2018,S5,AHNEMAN_BH_P1_R31_C12,S5_cross_partition_group_tuple_cell
CondRxnBench-Benchmark-v0.1-splits-candidate.1,ahneman_doyle_buchwald_hartwig_2018,S5,AHNEMAN_BH_P1_R31_C13,S5_cross_partition_group_tuple_cell
CondRxnBench-Benchmark-v0.1-splits-candidate.1,ahneman_doyle_buchwald_hartwig_2018,S5,AHNEMAN_BH_P1_R31_C17,S5_cross_partition_group_tuple_cell
CondRxnBench-Benchmark-v0.1-splits-candidate.1,ahneman_doyle_buchwald_hartwig_2018,S5,AHNEMAN_BH_P1_R31_C19,S5_cross_partition_group_tuple_cell
CondRxnBench-Benchmark-v0.1-splits-candidate.1,ahneman_doyle_buchwald_hartwig_2018,S5,AHNEMAN_BH_P1_R31_C22,S5_cross_partition_group_tuple_cell
CondRxnBench-Benchmark-v0.1-splits-candidate.1,ahneman_doyle_buchwald_hartwig_2018,S5,AHNEMAN_BH_P1_R31_C28,S5_cross_partition_group_tuple_cell
CondRxnBench-Benchmark-v0.1-splits-candidate.1,ahneman_doyle_buchwald_hartwig_2018,S5,AHNEMAN_BH_P1_R31_C29,S5_cross_partition_group_tuple_cell
CondRxnBench-Benchmark-v0.1-splits-candidate.1,ahneman_doyle_buchwald_hartwig_2018,S5,AHNEMAN_BH_P1_R31_C33,S5_cross_partition_group_tuple_cell
CondRxnBench-Benchmark-v0.1-splits-candidate.1,ahneman_doyle_buchwald_hartwig_2018,S5,AHNEMAN_BH_P1_R31_C35,S5_cross_partition_group_tuple_cell
CondRxnBench-Benchmark-v0.1-splits-candidate.1,ahneman_doyle_buchwald_hartwig_2018,S5,AHNEMAN_BH_P1_R31_C38,S5_cross_partition_group_tuple_cell
CondRxnBench-Benchmark-v0.1-splits-candidate.1,ahneman_doyle_buchwald_hartwig_2018,S5,AHNEMAN_BH_P1_R31_C44,S5_cross_partition_group_tuple_cell
CondRxnBench-Benchmark-v0.1-splits-candidate.1,ahneman_doyle_buchwald_hartwig_2018,S5,AHNEMAN_BH_P1_R31_C45,S5_cross_partition_group_tuple_cell
CondRxnBench-Benchmark-v0.1-splits-candidate.1,ahneman_doyle_buchwald_hartwig_2018,S5,AHNEMAN_BH_P1_R32_C02,S5_cross_partition_group_tuple_cell
CondRxnBench-Benchmark-v0.1-splits-candidate.1,ahneman_doyle_buchwald_hartwig_2018,S5,AHNEMAN_BH_P1_R32_C04,S5_cross_partition_group_tuple_cell
CondRxnBench-Benchmark-v0.1-splits-candidate.1,ahneman_doyle_buchwald_hartwig_2018,S5,AHNEMAN_BH_P1_R32_C05,S5_cross_partition_group_tuple_cell
CondRxnBench-Benchmark-v0.1-splits-candidate.1,ahneman_doyle_buchwald_hartwig_2018,S5,AHNEMAN_BH_P1_R32_C07,S5_cross_partition_group_tuple_cell
CondRxnBench-Benchmark-v0.1-splits-candidate.1,ahneman_doyle_buchwald_hartwig_2018,S5,AHNEMAN_BH_P1_R32_C08,S5_cross_partition_group_tuple_cell
CondRxnBench-Benchmark-v0.1-splits-candidate.1,ahneman_doyle_buchwald_hartwig_2018,S5,AHNEMAN_BH_P1_R32_C09,S5_cross_partition_group_tuple_cell
CondRxnBench-Benchmark-v0.1-splits-candidate.1,ahneman_doyle_buchwald_hartwig_2018,S5,AHNEMAN_BH_P1_R32_C10,S5_cross_partition_group_tuple_cell
CondRxnBench-Benchmark-v0.1-splits-candidate.1,ahneman_doyle_buchwald_hartwig_2018,S5,AHNEMAN_BH_P1_R32_C11,S5_cross_partition_group_tuple_cell
CondRxnBench-Benchmark-v0.1-splits-candidate.1,ahneman_doyle_buchwald_hartwig_2018,S5,AHNEMAN_BH_P1_R32_C12,S5_cross_partition_group_tuple_cell
CondRxnBench-Benchmark-v0.1-splits-candidate.1,ahneman_doyle_buchwald_hartwig_2018,S5,AHNEMAN_BH_P1_R32_C13,S5_cross_partition_group_tuple_cell
CondRxnBench-Benchmark-v0.1-splits-candidate.1,ahneman_doyle_buchwald_hartwig_2018,S5,AHNEMAN_BH_P1_R32_C14,S5_cross_partition_group_tuple_cell
CondRxnBench-Benchmark-v0.1-splits-candidate.1,ahneman_doyle_buchwald_hartwig_2018,S5,AHNEMAN_BH_P1_R32_C15,S5_cross_partition_group_tuple_cell
CondRxnBench-Benchmark-v0.1-splits-candidate.1,ahneman_doyle_buchwald_hartwig_2018,S5,AHNEMAN_BH_P1_R32_C17,S5_cross_partition_group_tuple_cell
CondRxnBench-Benchmark-v0.1-splits-candidate.1,ahneman_doyle_buchwald_hartwig_2018,S5,AHNEMAN_BH_P1_R32_C19,S5_cross_partition_group_tuple_cell
CondRxnBench-Benchmark-v0.1-splits-candidate.1,ahneman_doyle_buchwald_hartwig_2018,S5,AHNEMAN_BH_P1_R32_C22,S5_cross_partition_group_tuple_cell
CondRxnBench-Benchmark-v0.1-splits-candidate.1,ahneman_doyle_buchwald_hartwig_2018,S5,AHNEMAN_BH_P1_R32_C28,S5_cross_partition_group_tuple_cell
CondRxnBench-Benchmark-v0.1-splits-candidate.1,ahneman_doyle_buchwald_hartwig_2018,S5,AHNEMAN_BH_P1_R32_C29,S5_cross_partition_group_tuple_cell
CondRxnBench-Benchmark-v0.1-splits-candidate.1,ahneman_doyle_buchwald_hartwig_2018,S5,AHNEMAN_BH_P1_R32_C34,S5_cross_partition_group_tuple_cell
CondRxnBench-Benchmark-v0.1-splits-candidate.1,ahneman_doyle_buchwald_hartwig_2018,S5,AHNEMAN_BH_P1_R32_C36,S5_cross_partition_group_tuple_cell
CondRxnBench-Benchmark-v0.1-splits-candidate.1,ahneman_doyle_buchwald_hartwig_2018,S5,AHNEMAN_BH_P1_R32_C37,S5_cross_partition_group_tuple_cell
CondRxnBench-Benchmark-v0.1-splits-candidate.1,ahneman_doyle_buchwald_hartwig_2018,S5,AHNEMAN_BH_P1_R32_C39,S5_cross_partition_group_tuple_cell
CondRxnBench-Benchmark-v0.1-splits-candidate.1,ahneman_doyle_buchwald_hartwig_2018,S5,AHNEMAN_BH_P1_R32_C40,S5_cross_partition_group_tuple_cell
CondRxnBench-Benchmark-v0.1-splits-candidate.1,ahneman_doyle_buchwald_hartwig_2018,S5,AHNEMAN_BH_P1_R32_C41,S5_cross_partition_group_tuple_cell
CondRxnBench-Benchmark-v0.1-splits-candidate.1,ahneman_doyle_buchwald_hartwig_2018,S5,AHNEMAN_BH_P1_R32_C42,S5_cross_partition_group_tuple_cell
CondRxnBench-Benchmark-v0.1-splits-candidate.1,ahneman_doyle_buchwald_hartwig_2018,S5,AHNEMAN_BH_P1_R32_C43,S5_cross_partition_group_tuple_cell
CondRxnBench-Benchmark-v0.1-splits-candidate.1,ahneman_doyle_buchwald_hartwig_2018,S5,AHNEMAN_BH_P1_R32_C44,S5_cross_partition_group_tuple_cell
CondRxnBench-Benchmark-v0.1-splits-candidate.1,ahneman_doyle_buchwald_hartwig_2018,S5,AHNEMAN_BH_P1_R32_C45,S5_cross_partition_group_tuple_cell
CondRxnBench-Benchmark-v0.1-splits-candidate.1,ahneman_doyle_buchwald_hartwig_2018,S5,AHNEMAN_BH_P1_R32_C46,S5_cross_partition_group_tuple_cell
CondRxnBench-Benchmark-v0.1-splits-candidate.1,ahneman_doyle_buchwald_hartwig_2018,S5,AHNEMAN_BH_P1_R32_C47,S5_cross_partition_group_tuple_cell
CondRxnBench-Benchmark-v0.1-splits-candidate.1,ahneman_doyle_buchwald_hartwig_2018,S5,AHNEMAN_BH_P2_R01_C01,S5_cross_partition_group_tuple_cell
CondRxnBench-Benchmark-v0.1-splits-candidate.1,ahneman_doyle_buchwald_hartwig_2018,S5,AHNEMAN_BH_P2_R01_C03,S5_cross_partition_group_tuple_cell
CondRxnBench-Benchmark-v0.1-splits-candidate.1,ahneman_doyle_buchwald_hartwig_2018,S5,AHNEMAN_BH_P2_R01_C06,S5_cross_partition_group_tuple_cell
CondRxnBench-Benchmark-v0.1-splits-candidate.1,ahneman_doyle_buchwald_hartwig_2018,S5,AHNEMAN_BH_P2_R01_C12,S5_cross_partition_group_tuple_cell
CondRxnBench-Benchmark-v0.1-splits-candidate.1,ahneman_doyle_buchwald_hartwig_2018,S5,AHNEMAN_BH_P2_R01_C13,S5_cross_partition_group_tuple_cell
CondRxnBench-Benchmark-v0.1-splits-candidate.1,ahneman_doyle_buchwald_hartwig_2018,S5,AHNEMAN_BH_P2_R01_C17,S5_cross_partition_group_tuple_cell
CondRxnBench-Benchmark-v0.1-splits-candidate.1,ahneman_doyle_buchwald_hartwig_2018,S5,AHNEMAN_BH_P2_R01_C18,S5_cross_partition_group_tuple_cell
CondRxnBench-Benchmark-v0.1-splits-candidate.1,ahneman_doyle_buchwald_hartwig_2018,S5,AHNEMAN_BH_P2_R01_C19,S5_cross_partition_group_tuple_cell
CondRxnBench-Benchmark-v0.1-splits-candidate.1,ahneman_doyle_buchwald_hartwig_2018,S5,AHNEMAN_BH_P2_R01_C20,S5_cross_partition_group_tuple_cell
CondRxnBench-Benchmark-v0.1-splits-candidate.1,ahneman_doyle_buchwald_hartwig_2018,S5,AHNEMAN_BH_P2_R01_C21,S5_cross_partition_group_tuple_cell
CondRxnBench-Benchmark-v0.1-splits-candidate.1,ahneman_doyle_buchwald_hartwig_2018,S5,AHNEMAN_BH_P2_R01_C22,S5_cross_partition_group_tuple_cell
CondRxnBench-Benchmark-v0.1-splits-candidate.1,ahneman_doyle_buchwald_hartwig_2018,S5,AHNEMAN_BH_P2_R01_C23,S5_cross_partition_group_tuple_cell
CondRxnBench-Benchmark-v0.1-splits-candidate.1,ahneman_doyle_buchwald_hartwig_2018,S5,AHNEMAN_BH_P2_R01_C24,S5_cross_partition_group_tuple_cell
CondRxnBench-Benchmark-v0.1-splits-candidate.1,ahneman_doyle_buchwald_hartwig_2018,S5,AHNEMAN_BH_P2_R01_C25,S5_cross_partition_group_tuple_cell
CondRxnBench-Benchmark-v0.1-splits-candidate.1,ahneman_doyle_buchwald_hartwig_2018,S5,AHNEMAN_BH_P2_R01_C26,S5_cross_partition_group_tuple_cell
CondRxnBench-Benchmark-v0.1-splits-candidate.1,ahneman_doyle_buchwald_hartwig_2018,S5,AHNEMAN_BH_P2_R01_C27,S5_cross_partition_group_tuple_cell
CondRxnBench-Benchmark-v0.1-splits-candidate.1,ahneman_doyle_buchwald_hartwig_2018,S5,AHNEMAN_BH_P2_R01_C30,S5_cross_partition_group_tuple_cell
CondRxnBench-Benchmark-v0.1-splits-candidate.1,ahneman_doyle_buchwald_hartwig_2018,S5,AHNEMAN_BH_P2_R01_C31,S5_cross_partition_group_tuple_cell
CondRxnBench-Benchmark-v0.1-splits-candidate.1,ahneman_doyle_buchwald_hartwig_2018,S5,AHNEMAN_BH_P2_R01_C33,S5_cross_partition_group_tuple_cell
CondRxnBench-Benchmark-v0.1-splits-candidate.1,ahneman_doyle_buchwald_hartwig_2018,S5,AHNEMAN_BH_P2_R01_C35,S5_cross_partition_group_tuple_cell
CondRxnBench-Benchmark-v0.1-splits-candidate.1,ahneman_doyle_buchwald_hartwig_2018,S5,AHNEMAN_BH_P2_R01_C38,S5_cross_partition_group_tuple_cell
CondRxnBench-Benchmark-v0.1-splits-candidate.1,ahneman_doyle_buchwald_hartwig_2018,S5,AHNEMAN_BH_P2_R01_C44,S5_cross_partition_group_tuple_cell
CondRxnBench-Benchmark-v0.1-splits-candidate.1,ahneman_doyle_buchwald_hartwig_2018,S5,AHNEMAN_BH_P2_R01_C45,S5_cross_partition_group_tuple_cell
CondRxnBench-Benchmark-v0.1-splits-candidate.1,ahneman_doyle_buchwald_hartwig_2018,S5,AHNEMAN_BH_P2_R02_C01,S5_cross_partition_group_tuple_cell
CondRxnBench-Benchmark-v0.1-splits-candidate.1,ahneman_doyle_buchwald_hartwig_2018,S5,AHNEMAN_BH_P2_R02_C03,S5_cross_partition_group_tuple_cell
CondRxnBench-Benchmark-v0.1-splits-candidate.1,ahneman_doyle_buchwald_hartwig_2018,S5,AHNEMAN_BH_P2_R02_C06,S5_cross_partition_group_tuple_cell
CondRxnBench-Benchmark-v0.1-splits-candidate.1,ahneman_doyle_buchwald_hartwig_2018,S5,AHNEMAN_BH_P2_R02_C12,S5_cross_partition_group_tuple_cell
CondRxnBench-Benchmark-v0.1-splits-candidate.1,ahneman_doyle_buchwald_hartwig_2018,S5,AHNEMAN_BH_P2_R02_C13,S5_cross_partition_group_tuple_cell
CondRxnBench-Benchmark-v0.1-splits-candidate.1,ahneman_doyle_buchwald_hartwig_2018,S5,AHNEMAN_BH_P2_R02_C17,S5_cross_partition_group_tuple_cell
CondRxnBench-Benchmark-v0.1-splits-candidate.1,ahneman_doyle_buchwald_hartwig_2018,S5,AHNEMAN_BH_P2_R02_C19,S5_cross_partition_group_tuple_cell
CondRxnBench-Benchmark-v0.1-splits-candidate.1,ahneman_doyle_buchwald_hartwig_2018,S5,AHNEMAN_BH_P2_R02_C22,S5_cross_partition_group_tuple_cell
CondRxnBench-Benchmark-v0.1-splits-candidate.1,ahneman_doyle_buchwald_hartwig_2018,S5,AHNEMAN_BH_P2_R02_C28,S5_cross_partition_group_tuple_cell
CondRxnBench-Benchmark-v0.1-splits-candidate.1,ahneman_doyle_buchwald_hartwig_2018,S5,AHNEMAN_BH_P2_R02_C29,S5_cross_partition_group_tuple_cell
CondRxnBench-Benchmark-v0.1-splits-candidate.1,ahneman_doyle_buchwald_hartwig_2018,S5,AHNEMAN_BH_P2_R02_C33,S5_cross_partition_group_tuple_cell
CondRxnBench-Benchmark-v0.1-splits-candidate.1,ahneman_doyle_buchwald_hartwig_2018,S5,AHNEMAN_BH_P2_R02_C35,S5_cross_partition_group_tuple_cell
CondRxnBench-Benchmark-v0.1-splits-candidate.1,ahneman_doyle_buchwald_hartwig_2018,S5,AHNEMAN_BH_P2_R02_C38,S5_cross_partition_group_tuple_cell
CondRxnBench-Benchmark-v0.1-splits-candidate.1,ahneman_doyle_buchwald_hartwig_2018,S5,AHNEMAN_BH_P2_R02_C44,S5_cross_partition_group_tuple_cell
CondRxnBench-Benchmark-v0.1-splits-candidate.1,ahneman_doyle_buchwald_hartwig_2018,S5,AHNEMAN_BH_P2_R02_C45,S5_cross_partition_group_tuple_cell
CondRxnBench-Benchmark-v0.1-splits-candidate.1,ahneman_doyle_buchwald_hartwig_2018,S5,AHNEMAN_BH_P2_R03_C01,S5_cross_partition_group_tuple_cell
CondRxnBench-Benchmark-v0.1-splits-candidate.1,ahneman_doyle_buchwald_hartwig_2018,S5,AHNEMAN_BH_P2_R03_C03,S5_cross_partition_group_tuple_cell
CondRxnBench-Benchmark-v0.1-splits-candidate.1,ahneman_doyle_buchwald_hartwig_2018,S5,AHNEMAN_BH_P2_R03_C06,S5_cross_partition_group_tuple_cell
CondRxnBench-Benchmark-v0.1-splits-candidate.1,ahneman_doyle_buchwald_hartwig_2018,S5,AHNEMAN_BH_P2_R03_C12,S5_cross_partition_group_tuple_cell
CondRxnBench-Benchmark-v0.1-splits-candidate.1,ahneman_doyle_buchwald_hartwig_2018,S5,AHNEMAN_BH_P2_R03_C13,S5_cross_partition_group_tuple_cell
CondRxnBench-Benchmark-v0.1-splits-candidate.1,ahneman_doyle_buchwald_hartwig_2018,S5,AHNEMAN_BH_P2_R03_C17,S5_cross_partition_group_tuple_cell
CondRxnBench-Benchmark-v0.1-splits-candidate.1,ahneman_doyle_buchwald_hartwig_2018,S5,AHNEMAN_BH_P2_R03_C19,S5_cross_partition_group_tuple_cell
CondRxnBench-Benchmark-v0.1-splits-candidate.1,ahneman_doyle_buchwald_hartwig_2018,S5,AHNEMAN_BH_P2_R03_C22,S5_cross_partition_group_tuple_cell
CondRxnBench-Benchmark-v0.1-splits-candidate.1,ahneman_doyle_buchwald_hartwig_2018,S5,AHNEMAN_BH_P2_R03_C28,S5_cross_partition_group_tuple_cell
CondRxnBench-Benchmark-v0.1-splits-candidate.1,ahneman_doyle_buchwald_hartwig_2018,S5,AHNEMAN_BH_P2_R03_C29,S5_cross_partition_group_tuple_cell
CondRxnBench-Benchmark-v0.1-splits-candidate.1,ahneman_doyle_buchwald_hartwig_2018,S5,AHNEMAN_BH_P2_R03_C33,S5_cross_partition_group_tuple_cell
CondRxnBench-Benchmark-v0.1-splits-candidate.1,ahneman_doyle_buchwald_hartwig_2018,S5,AHNEMAN_BH_P2_R03_C35,S5_cross_partition_group_tuple_cell
CondRxnBench-Benchmark-v0.1-splits-candidate.1,ahneman_doyle_buchwald_hartwig_2018,S5,AHNEMAN_BH_P2_R03_C38,S5_cross_partition_group_tuple_cell
CondRxnBench-Benchmark-v0.1-splits-candidate.1,ahneman_doyle_buchwald_hartwig_2018,S5,AHNEMAN_BH_P2_R03_C44,S5_cross_partition_group_tuple_cell
CondRxnBench-Benchmark-v0.1-splits-candidate.1,ahneman_doyle_buchwald_hartwig_2018,S5,AHNEMAN_BH_P2_R03_C45,S5_cross_partition_group_tuple_cell
CondRxnBench-Benchmark-v0.1-splits-candidate.1,ahneman_doyle_buchwald_hartwig_2018,S5,AHNEMAN_BH_P2_R04_C01,S5_cross_partition_group_tuple_cell
CondRxnBench-Benchmark-v0.1-splits-candidate.1,ahneman_doyle_buchwald_hartwig_2018,S5,AHNEMAN_BH_P2_R04_C03,S5_cross_partition_group_tuple_cell
CondRxnBench-Benchmark-v0.1-splits-candidate.1,ahneman_doyle_buchwald_hartwig_2018,S5,AHNEMAN_BH_P2_R04_C06,S5_cross_partition_group_tuple_cell
CondRxnBench-Benchmark-v0.1-splits-candidate.1,ahneman_doyle_buchwald_hartwig_2018,S5,AHNEMAN_BH_P2_R04_C12,S5_cross_partition_group_tuple_cell
CondRxnBench-Benchmark-v0.1-splits-candidate.1,ahneman_doyle_buchwald_hartwig_2018,S5,AHNEMAN_BH_P2_R04_C13,S5_cross_partition_group_tuple_cell
CondRxnBench-Benchmark-v0.1-splits-candidate.1,ahneman_doyle_buchwald_hartwig_2018,S5,AHNEMAN_BH_P2_R04_C18,S5_cross_partition_group_tuple_cell
CondRxnBench-Benchmark-v0.1-splits-candidate.1,ahneman_doyle_buchwald_hartwig_2018,S5,AHNEMAN_BH_P2_R04_C20,S5_cross_partition_group_tuple_cell
CondRxnBench-Benchmark-v0.1-splits-candidate.1,ahneman_doyle_buchwald_hartwig_2018,S5,AHNEMAN_BH_P2_R04_C21,S5_cross_partition_group_tuple_cell
CondRxnBench-Benchmark-v0.1-splits-candidate.1,ahneman_doyle_buchwald_hartwig_2018,S5,AHNEMAN_BH_P2_R04_C23,S5_cross_partition_group_tuple_cell
CondRxnBench-Benchmark-v0.1-splits-candidate.1,ahneman_doyle_buchwald_hartwig_2018,S5,AHNEMAN_BH_P2_R04_C24,S5_cross_partition_group_tuple_cell
CondRxnBench-Benchmark-v0.1-splits-candidate.1,ahneman_doyle_buchwald_hartwig_2018,S5,AHNEMAN_BH_P2_R04_C25,S5_cross_partition_group_tuple_cell
CondRxnBench-Benchmark-v0.1-splits-candidate.1,ahneman_doyle_buchwald_hartwig_2018,S5,AHNEMAN_BH_P2_R04_C26,S5_cross_partition_group_tuple_cell
CondRxnBench-Benchmark-v0.1-splits-candidate.1,ahneman_doyle_buchwald_hartwig_2018,S5,AHNEMAN_BH_P2_R04_C27,S5_cross_partition_group_tuple_cell
CondRxnBench-Benchmark-v0.1-splits-candidate.1,ahneman_doyle_buchwald_hartwig_2018,S5,AHNEMAN_BH_P2_R04_C28,S5_cross_partition_group_tuple_cell
CondRxnBench-Benchmark-v0.1-splits-candidate.1,ahneman_doyle_buchwald_hartwig_2018,S5,AHNEMAN_BH_P2_R04_C29,S5_cross_partition_group_tuple_cell
CondRxnBench-Benchmark-v0.1-splits-candidate.1,ahneman_doyle_buchwald_hartwig_2018,S5,AHNEMAN_BH_P2_R04_C30,S5_cross_partition_group_tuple_cell
CondRxnBench-Benchmark-v0.1-splits-candidate.1,ahneman_doyle_buchwald_hartwig_2018,S5,AHNEMAN_BH_P2_R04_C31,S5_cross_partition_group_tuple_cell
CondRxnBench-Benchmark-v0.1-splits-candidate.1,ahneman_doyle_buchwald_hartwig_2018,S5,AHNEMAN_BH_P2_R04_C33,S5_cross_partition_group_tuple_cell
CondRxnBench-Benchmark-v0.1-splits-candidate.1,ahneman_doyle_buchwald_hartwig_2018,S5,AHNEMAN_BH_P2_R04_C35,S5_cross_partition_group_tuple_cell
CondRxnBench-Benchmark-v0.1-splits-candidate.1,ahneman_doyle_buchwald_hartwig_2018,S5,AHNEMAN_BH_P2_R04_C38,S5_cross_partition_group_tuple_cell
CondRxnBench-Benchmark-v0.1-splits-candidate.1,ahneman_doyle_buchwald_hartwig_2018,S5,AHNEMAN_BH_P2_R04_C44,S5_cross_partition_group_tuple_cell
CondRxnBench-Benchmark-v0.1-splits-candidate.1,ahneman_doyle_buchwald_hartwig_2018,S5,AHNEMAN_BH_P2_R04_C45,S5_cross_partition_group_tuple_cell
CondRxnBench-Benchmark-v0.1-splits-candidate.1,ahneman_doyle_buchwald_hartwig_2018,S5,AHNEMAN_BH_P2_R05_C01,S5_cross_partition_group_tuple_cell
CondRxnBench-Benchmark-v0.1-splits-candidate.1,ahneman_doyle_buchwald_hartwig_2018,S5,AHNEMAN_BH_P2_R05_C03,S5_cross_partition_group_tuple_cell
CondRxnBench-Benchmark-v0.1-splits-candidate.1,ahneman_doyle_buchwald_hartwig_2018,S5,AHNEMAN_BH_P2_R05_C06,S5_cross_partition_group_tuple_cell
CondRxnBench-Benchmark-v0.1-splits-candidate.1,ahneman_doyle_buchwald_hartwig_2018,S5,AHNEMAN_BH_P2_R05_C12,S5_cross_partition_group_tuple_cell
CondRxnBench-Benchmark-v0.1-splits-candidate.1,ahneman_doyle_buchwald_hartwig_2018,S5,AHNEMAN_BH_P2_R05_C13,S5_cross_partition_group_tuple_cell
CondRxnBench-Benchmark-v0.1-splits-candidate.1,ahneman_doyle_buchwald_hartwig_2018,S5,AHNEMAN_BH_P2_R05_C17,S5_cross_partition_group_tuple_cell
CondRxnBench-Benchmark-v0.1-splits-candidate.1,ahneman_doyle_buchwald_hartwig_2018,S5,AHNEMAN_BH_P2_R05_C19,S5_cross_partition_group_tuple_cell
CondRxnBench-Benchmark-v0.1-splits-candidate.1,ahneman_doyle_buchwald_hartwig_2018,S5,AHNEMAN_BH_P2_R05_C22,S5_cross_partition_group_tuple_cell
CondRxnBench-Benchmark-v0.1-splits-candidate.1,ahneman_doyle_buchwald_hartwig_2018,S5,AHNEMAN_BH_P2_R05_C28,S5_cross_partition_group_tuple_cell
CondRxnBench-Benchmark-v0.1-splits-candidate.1,ahneman_doyle_buchwald_hartwig_2018,S5,AHNEMAN_BH_P2_R05_C29,S5_cross_partition_group_tuple_cell
CondRxnBench-Benchmark-v0.1-splits-candidate.1,ahneman_doyle_buchwald_hartwig_2018,S5,AHNEMAN_BH_P2_R05_C33,S5_cross_partition_group_tuple_cell
CondRxnBench-Benchmark-v0.1-splits-candidate.1,ahneman_doyle_buchwald_hartwig_2018,S5,AHNEMAN_BH_P2_R05_C35,S5_cross_partition_group_tuple_cell
CondRxnBench-Benchmark-v0.1-splits-candidate.1,ahneman_doyle_buchwald_hartwig_2018,S5,AHNEMAN_BH_P2_R05_C38,S5_cross_partition_group_tuple_cell
CondRxnBench-Benchmark-v0.1-splits-candidate.1,ahneman_doyle_buchwald_hartwig_2018,S5,AHNEMAN_BH_P2_R05_C44,S5_cross_partition_group_tuple_cell
CondRxnBench-Benchmark-v0.1-splits-candidate.1,ahneman_doyle_buchwald_hartwig_2018,S5,AHNEMAN_BH_P2_R05_C45,S5_cross_partition_group_tuple_cell
CondRxnBench-Benchmark-v0.1-splits-candidate.1,ahneman_doyle_buchwald_hartwig_2018,S5,AHNEMAN_BH_P2_R06_C02,S5_cross_partition_group_tuple_cell
CondRxnBench-Benchmark-v0.1-splits-candidate.1,ahneman_doyle_buchwald_hartwig_2018,S5,AHNEMAN_BH_P2_R06_C04,S5_cross_partition_group_tuple_cell
CondRxnBench-Benchmark-v0.1-splits-candidate.1,ahneman_doyle_buchwald_hartwig_2018,S5,AHNEMAN_BH_P2_R06_C05,S5_cross_partition_group_tuple_cell
CondRxnBench-Benchmark-v0.1-splits-candidate.1,ahneman_doyle_buchwald_hartwig_2018,S5,AHNEMAN_BH_P2_R06_C07,S5_cross_partition_group_tuple_cell
CondRxnBench-Benchmark-v0.1-splits-candidate.1,ahneman_doyle_buchwald_hartwig_2018,S5,AHNEMAN_BH_P2_R06_C08,S5_cross_partition_group_tuple_cell
CondRxnBench-Benchmark-v0.1-splits-candidate.1,ahneman_doyle_buchwald_hartwig_2018,S5,AHNEMAN_BH_P2_R06_C09,S5_cross_partition_group_tuple_cell
CondRxnBench-Benchmark-v0.1-splits-candidate.1,ahneman_doyle_buchwald_hartwig_2018,S5,AHNEMAN_BH_P2_R06_C10,S5_cross_partition_group_tuple_cell
CondRxnBench-Benchmark-v0.1-splits-candidate.1,ahneman_doyle_buchwald_hartwig_2018,S5,AHNEMAN_BH_P2_R06_C11,S5_cross_partition_group_tuple_cell
CondRxnBench-Benchmark-v0.1-splits-candidate.1,ahneman_doyle_buchwald_hartwig_2018,S5,AHNEMAN_BH_P2_R06_C12,S5_cross_partition_group_tuple_cell
CondRxnBench-Benchmark-v0.1-splits-candidate.1,ahneman_doyle_buchwald_hartwig_2018,S5,AHNEMAN_BH_P2_R06_C13,S5_cross_partition_group_tuple_cell
CondRxnBench-Benchmark-v0.1-splits-candidate.1,ahneman_doyle_buchwald_hartwig_2018,S5,AHNEMAN_BH_P2_R06_C14,S5_cross_partition_group_tuple_cell
CondRxnBench-Benchmark-v0.1-splits-candidate.1,ahneman_doyle_buchwald_hartwig_2018,S5,AHNEMAN_BH_P2_R06_C15,S5_cross_partition_group_tuple_cell
CondRxnBench-Benchmark-v0.1-splits-candidate.1,ahneman_doyle_buchwald_hartwig_2018,S5,AHNEMAN_BH_P2_R06_C17,S5_cross_partition_group_tuple_cell
CondRxnBench-Benchmark-v0.1-splits-candidate.1,ahneman_doyle_buchwald_hartwig_2018,S5,AHNEMAN_BH_P2_R06_C19,S5_cross_partition_group_tuple_cell
CondRxnBench-Benchmark-v0.1-splits-candidate.1,ahneman_doyle_buchwald_hartwig_2018,S5,AHNEMAN_BH_P2_R06_C22,S5_cross_partition_group_tuple_cell
CondRxnBench-Benchmark-v0.1-splits-candidate.1,ahneman_doyle_buchwald_hartwig_2018,S5,AHNEMAN_BH_P2_R06_C28,S5_cross_partition_group_tuple_cell
CondRxnBench-Benchmark-v0.1-splits-candidate.1,ahneman_doyle_buchwald_hartwig_2018,S5,AHNEMAN_BH_P2_R06_C29,S5_cross_partition_group_tuple_cell
CondRxnBench-Benchmark-v0.1-splits-candidate.1,ahneman_doyle_buchwald_hartwig_2018,S5,AHNEMAN_BH_P2_R06_C33,S5_cross_partition_group_tuple_cell
CondRxnBench-Benchmark-v0.1-splits-candidate.1,ahneman_doyle_buchwald_hartwig_2018,S5,AHNEMAN_BH_P2_R06_C34,S5_cross_partition_group_tuple_cell
CondRxnBench-Benchmark-v0.1-splits-candidate.1,ahneman_doyle_buchwald_hartwig_2018,S5,AHNEMAN_BH_P2_R06_C35,S5_cross_partition_group_tuple_cell
CondRxnBench-Benchmark-v0.1-splits-candidate.1,ahneman_doyle_buchwald_hartwig_2018,S5,AHNEMAN_BH_P2_R06_C36,S5_cross_partition_group_tuple_cell
CondRxnBench-Benchmark-v0.1-splits-candidate.1,ahneman_doyle_buchwald_hartwig_2018,S5,AHNEMAN_BH_P2_R06_C37,S5_cross_partition_group_tuple_cell
CondRxnBench-Benchmark-v0.1-splits-candidate.1,ahneman_doyle_buchwald_hartwig_2018,S5,AHNEMAN_BH_P2_R06_C38,S5_cross_partition_group_tuple_cell
CondRxnBench-Benchmark-v0.1-splits-candidate.1,ahneman_doyle_buchwald_hartwig_2018,S5,AHNEMAN_BH_P2_R06_C39,S5_cross_partition_group_tuple_cell
CondRxnBench-Benchmark-v0.1-splits-candidate.1,ahneman_doyle_buchwald_hartwig_2018,S5,AHNEMAN_BH_P2_R06_C40,S5_cross_partition_group_tuple_cell
CondRxnBench-Benchmark-v0.1-splits-candidate.1,ahneman_doyle_buchwald_hartwig_2018,S5,AHNEMAN_BH_P2_R06_C41,S5_cross_partition_group_tuple_cell
CondRxnBench-Benchmark-v0.1-splits-candidate.1,ahneman_doyle_buchwald_hartwig_2018,S5,AHNEMAN_BH_P2_R06_C42,S5_cross_partition_group_tuple_cell
CondRxnBench-Benchmark-v0.1-splits-candidate.1,ahneman_doyle_buchwald_hartwig_2018,S5,AHNEMAN_BH_P2_R06_C43,S5_cross_partition_group_tuple_cell
CondRxnBench-Benchmark-v0.1-splits-candidate.1,ahneman_doyle_buchwald_hartwig_2018,S5,AHNEMAN_BH_P2_R06_C46,S5_cross_partition_group_tuple_cell
CondRxnBench-Benchmark-v0.1-splits-candidate.1,ahneman_doyle_buchwald_hartwig_2018,S5,AHNEMAN_BH_P2_R06_C47,S5_cross_partition_group_tuple_cell
CondRxnBench-Benchmark-v0.1-splits-candidate.1,ahneman_doyle_buchwald_hartwig_2018,S5,AHNEMAN_BH_P2_R07_C01,S5_cross_partition_group_tuple_cell
CondRxnBench-Benchmark-v0.1-splits-candidate.1,ahneman_doyle_buchwald_hartwig_2018,S5,AHNEMAN_BH_P2_R07_C03,S5_cross_partition_group_tuple_cell
CondRxnBench-Benchmark-v0.1-splits-candidate.1,ahneman_doyle_buchwald_hartwig_2018,S5,AHNEMAN_BH_P2_R07_C06,S5_cross_partition_group_tuple_cell
CondRxnBench-Benchmark-v0.1-splits-candidate.1,ahneman_doyle_buchwald_hartwig_2018,S5,AHNEMAN_BH_P2_R07_C12,S5_cross_partition_group_tuple_cell
CondRxnBench-Benchmark-v0.1-splits-candidate.1,ahneman_doyle_buchwald_hartwig_2018,S5,AHNEMAN_BH_P2_R07_C13,S5_cross_partition_group_tuple_cell
CondRxnBench-Benchmark-v0.1-splits-candidate.1,ahneman_doyle_buchwald_hartwig_2018,S5,AHNEMAN_BH_P2_R07_C18,S5_cross_partition_group_tuple_cell
CondRxnBench-Benchmark-v0.1-splits-candidate.1,ahneman_doyle_buchwald_hartwig_2018,S5,AHNEMAN_BH_P2_R07_C20,S5_cross_partition_group_tuple_cell
CondRxnBench-Benchmark-v0.1-splits-candidate.1,ahneman_doyle_buchwald_hartwig_2018,S5,AHNEMAN_BH_P2_R07_C21,S5_cross_partition_group_tuple_cell
CondRxnBench-Benchmark-v0.1-splits-candidate.1,ahneman_doyle_buchwald_hartwig_2018,S5,AHNEMAN_BH_P2_R07_C23,S5_cross_partition_group_tuple_cell
CondRxnBench-Benchmark-v0.1-splits-candidate.1,ahneman_doyle_buchwald_hartwig_2018,S5,AHNEMAN_BH_P2_R07_C24,S5_cross_partition_group_tuple_cell
CondRxnBench-Benchmark-v0.1-splits-candidate.1,ahneman_doyle_buchwald_hartwig_2018,S5,AHNEMAN_BH_P2_R07_C25,S5_cross_partition_group_tuple_cell
CondRxnBench-Benchmark-v0.1-splits-candidate.1,ahneman_doyle_buchwald_hartwig_2018,S5,AHNEMAN_BH_P2_R07_C26,S5_cross_partition_group_tuple_cell
CondRxnBench-Benchmark-v0.1-splits-candidate.1,ahneman_doyle_buchwald_hartwig_2018,S5,AHNEMAN_BH_P2_R07_C27,S5_cross_partition_group_tuple_cell
CondRxnBench-Benchmark-v0.1-splits-candidate.1,ahneman_doyle_buchwald_hartwig_2018,S5,AHNEMAN_BH_P2_R07_C28,S5_cross_partition_group_tuple_cell
CondRxnBench-Benchmark-v0.1-splits-candidate.1,ahneman_doyle_buchwald_hartwig_2018,S5,AHNEMAN_BH_P2_R07_C29,S5_cross_partition_group_tuple_cell
CondRxnBench-Benchmark-v0.1-splits-candidate.1,ahneman_doyle_buchwald_hartwig_2018,S5,AHNEMAN_BH_P2_R07_C30,S5_cross_partition_group_tuple_cell
CondRxnBench-Benchmark-v0.1-splits-candidate.1,ahneman_doyle_buchwald_hartwig_2018,S5,AHNEMAN_BH_P2_R07_C31,S5_cross_partition_group_tuple_cell
CondRxnBench-Benchmark-v0.1-splits-candidate.1,ahneman_doyle_buchwald_hartwig_2018,S5,AHNEMAN_BH_P2_R07_C34,S5_cross_partition_group_tuple_cell
CondRxnBench-Benchmark-v0.1-splits-candidate.1,ahneman_doyle_buchwald_hartwig_2018,S5,AHNEMAN_BH_P2_R07_C36,S5_cross_partition_group_tuple_cell
CondRxnBench-Benchmark-v0.1-splits-candidate.1,ahneman_doyle_buchwald_hartwig_2018,S5,AHNEMAN_BH_P2_R07_C37,S5_cross_partition_group_tuple_cell
CondRxnBench-Benchmark-v0.1-splits-candidate.1,ahneman_doyle_buchwald_hartwig_2018,S5,AHNEMAN_BH_P2_R07_C39,S5_cross_partition_group_tuple_cell
CondRxnBench-Benchmark-v0.1-splits-candidate.1,ahneman_doyle_buchwald_hartwig_2018,S5,AHNEMAN_BH_P2_R07_C40,S5_cross_partition_group_tuple_cell
CondRxnBench-Benchmark-v0.1-splits-candidate.1,ahneman_doyle_buchwald_hartwig_2018,S5,AHNEMAN_BH_P2_R07_C41,S5_cross_partition_group_tuple_cell
CondRxnBench-Benchmark-v0.1-splits-candidate.1,ahneman_doyle_buchwald_hartwig_2018,S5,AHNEMAN_BH_P2_R07_C42,S5_cross_partition_group_tuple_cell
CondRxnBench-Benchmark-v0.1-splits-candidate.1,ahneman_doyle_buchwald_hartwig_2018,S5,AHNEMAN_BH_P2_R07_C43,S5_cross_partition_group_tuple_cell
CondRxnBench-Benchmark-v0.1-splits-candidate.1,ahneman_doyle_buchwald_hartwig_2018,S5,AHNEMAN_BH_P2_R07_C44,S5_cross_partition_group_tuple_cell
CondRxnBench-Benchmark-v0.1-splits-candidate.1,ahneman_doyle_buchwald_hartwig_2018,S5,AHNEMAN_BH_P2_R07_C45,S5_cross_partition_group_tuple_cell
CondRxnBench-Benchmark-v0.1-splits-candidate.1,ahneman_doyle_buchwald_hartwig_2018,S5,AHNEMAN_BH_P2_R07_C46,S5_cross_partition_group_tuple_cell
CondRxnBench-Benchmark-v0.1-splits-candidate.1,ahneman_doyle_buchwald_hartwig_2018,S5,AHNEMAN_BH_P2_R07_C47,S5_cross_partition_group_tuple_cell
CondRxnBench-Benchmark-v0.1-splits-candidate.1,ahneman_doyle_buchwald_hartwig_2018,S5,AHNEMAN_BH_P2_R08_C01,S5_cross_partition_group_tuple_cell
CondRxnBench-Benchmark-v0.1-splits-candidate.1,ahneman_doyle_buchwald_hartwig_2018,S5,AHNEMAN_BH_P2_R08_C02,S5_cross_partition_group_tuple_cell
CondRxnBench-Benchmark-v0.1-splits-candidate.1,ahneman_doyle_buchwald_hartwig_2018,S5,AHNEMAN_BH_P2_R08_C03,S5_cross_partition_group_tuple_cell
CondRxnBench-Benchmark-v0.1-splits-candidate.1,ahneman_doyle_buchwald_hartwig_2018,S5,AHNEMAN_BH_P2_R08_C04,S5_cross_partition_group_tuple_cell
CondRxnBench-Benchmark-v0.1-splits-candidate.1,ahneman_doyle_buchwald_hartwig_2018,S5,AHNEMAN_BH_P2_R08_C05,S5_cross_partition_group_tuple_cell
CondRxnBench-Benchmark-v0.1-splits-candidate.1,ahneman_doyle_buchwald_hartwig_2018,S5,AHNEMAN_BH_P2_R08_C06,S5_cross_partition_group_tuple_cell
CondRxnBench-Benchmark-v0.1-splits-candidate.1,ahneman_doyle_buchwald_hartwig_2018,S5,AHNEMAN_BH_P2_R08_C07,S5_cross_partition_group_tuple_cell
CondRxnBench-Benchmark-v0.1-splits-candidate.1,ahneman_doyle_buchwald_hartwig_2018,S5,AHNEMAN_BH_P2_R08_C08,S5_cross_partition_group_tuple_cell
CondRxnBench-Benchmark-v0.1-splits-candidate.1,ahneman_doyle_buchwald_hartwig_2018,S5,AHNEMAN_BH_P2_R08_C09,S5_cross_partition_group_tuple_cell
CondRxnBench-Benchmark-v0.1-splits-candidate.1,ahneman_doyle_buchwald_hartwig_2018,S5,AHNEMAN_BH_P2_R08_C10,S5_cross_partition_group_tuple_cell
CondRxnBench-Benchmark-v0.1-splits-candidate.1,ahneman_doyle_buchwald_hartwig_2018,S5,AHNEMAN_BH_P2_R08_C11,S5_cross_partition_group_tuple_cell
CondRxnBench-Benchmark-v0.1-splits-candidate.1,ahneman_doyle_buchwald_hartwig_2018,S5,AHNEMAN_BH_P2_R08_C14,S5_cross_partition_group_tuple_cell
CondRxnBench-Benchmark-v0.1-splits-candidate.1,ahneman_doyle_buchwald_hartwig_2018,S5,AHNEMAN_BH_P2_R08_C15,S5_cross_partition_group_tuple_cell
CondRxnBench-Benchmark-v0.1-splits-candidate.1,ahneman_doyle_buchwald_hartwig_2018,S5,AHNEMAN_BH_P2_R08_C17,S5_cross_partition_group_tuple_cell
CondRxnBench-Benchmark-v0.1-splits-candidate.1,ahneman_doyle_buchwald_hartwig_2018,S5,AHNEMAN_BH_P2_R08_C19,S5_cross_partition_group_tuple_cell
CondRxnBench-Benchmark-v0.1-splits-candidate.1,ahneman_doyle_buchwald_hartwig_2018,S5,AHNEMAN_BH_P2_R08_C22,S5_cross_partition_group_tuple_cell
CondRxnBench-Benchmark-v0.1-splits-candidate.1,ahneman_doyle_buchwald_hartwig_2018,S5,AHNEMAN_BH_P2_R08_C28,S5_cross_partition_group_tuple_cell
CondRxnBench-Benchmark-v0.1-splits-candidate.1,ahneman_doyle_buchwald_hartwig_2018,S5,AHNEMAN_BH_P2_R08_C29,S5_cross_partition_group_tuple_cell
CondRxnBench-Benchmark-v0.1-splits-candidate.1,ahneman_doyle_buchwald_hartwig_2018,S5,AHNEMAN_BH_P2_R08_C33,S5_cross_partition_group_tuple_cell
CondRxnBench-Benchmark-v0.1-splits-candidate.1,ahneman_doyle_buchwald_hartwig_2018,S5,AHNEMAN_BH_P2_R08_C35,S5_cross_partition_group_tuple_cell
CondRxnBench-Benchmark-v0.1-splits-candidate.1,ahneman_doyle_buchwald_hartwig_2018,S5,AHNEMAN_BH_P2_R08_C38,S5_cross_partition_group_tuple_cell
CondRxnBench-Benchmark-v0.1-splits-candidate.1,ahneman_doyle_buchwald_hartwig_2018,S5,AHNEMAN_BH_P2_R08_C44,S5_cross_partition_group_tuple_cell
CondRxnBench-Benchmark-v0.1-splits-candidate.1,ahneman_doyle_buchwald_hartwig_2018,S5,AHNEMAN_BH_P2_R08_C45,S5_cross_partition_group_tuple_cell
CondRxnBench-Benchmark-v0.1-splits-candidate.1,ahneman_doyle_buchwald_hartwig_2018,S5,AHNEMAN_BH_P2_R09_C01,S5_cross_partition_group_tuple_cell
CondRxnBench-Benchmark-v0.1-splits-candidate.1,ahneman_doyle_buchwald_hartwig_2018,S5,AHNEMAN_BH_P2_R09_C03,S5_cross_partition_group_tuple_cell
CondRxnBench-Benchmark-v0.1-splits-candidate.1,ahneman_doyle_buchwald_hartwig_2018,S5,AHNEMAN_BH_P2_R09_C06,S5_cross_partition_group_tuple_cell
CondRxnBench-Benchmark-v0.1-splits-candidate.1,ahneman_doyle_buchwald_hartwig_2018,S5,AHNEMAN_BH_P2_R09_C12,S5_cross_partition_group_tuple_cell
CondRxnBench-Benchmark-v0.1-splits-candidate.1,ahneman_doyle_buchwald_hartwig_2018,S5,AHNEMAN_BH_P2_R09_C13,S5_cross_partition_group_tuple_cell
CondRxnBench-Benchmark-v0.1-splits-candidate.1,ahneman_doyle_buchwald_hartwig_2018,S5,AHNEMAN_BH_P2_R09_C17,S5_cross_partition_group_tuple_cell
CondRxnBench-Benchmark-v0.1-splits-candidate.1,ahneman_doyle_buchwald_hartwig_2018,S5,AHNEMAN_BH_P2_R09_C19,S5_cross_partition_group_tuple_cell
CondRxnBench-Benchmark-v0.1-splits-candidate.1,ahneman_doyle_buchwald_hartwig_2018,S5,AHNEMAN_BH_P2_R09_C22,S5_cross_partition_group_tuple_cell
CondRxnBench-Benchmark-v0.1-splits-candidate.1,ahneman_doyle_buchwald_hartwig_2018,S5,AHNEMAN_BH_P2_R09_C28,S5_cross_partition_group_tuple_cell
CondRxnBench-Benchmark-v0.1-splits-candidate.1,ahneman_doyle_buchwald_hartwig_2018,S5,AHNEMAN_BH_P2_R09_C29,S5_cross_partition_group_tuple_cell
CondRxnBench-Benchmark-v0.1-splits-candidate.1,ahneman_doyle_buchwald_hartwig_2018,S5,AHNEMAN_BH_P2_R09_C33,S5_cross_partition_group_tuple_cell
CondRxnBench-Benchmark-v0.1-splits-candidate.1,ahneman_doyle_buchwald_hartwig_2018,S5,AHNEMAN_BH_P2_R09_C34,S5_cross_partition_group_tuple_cell
CondRxnBench-Benchmark-v0.1-splits-candidate.1,ahneman_doyle_buchwald_hartwig_2018,S5,AHNEMAN_BH_P2_R09_C35,S5_cross_partition_group_tuple_cell
CondRxnBench-Benchmark-v0.1-splits-candidate.1,ahneman_doyle_buchwald_hartwig_2018,S5,AHNEMAN_BH_P2_R09_C36,S5_cross_partition_group_tuple_cell
CondRxnBench-Benchmark-v0.1-splits-candidate.1,ahneman_doyle_buchwald_hartwig_2018,S5,AHNEMAN_BH_P2_R09_C37,S5_cross_partition_group_tuple_cell
CondRxnBench-Benchmark-v0.1-splits-candidate.1,ahneman_doyle_buchwald_hartwig_2018,S5,AHNEMAN_BH_P2_R09_C38,S5_cross_partition_group_tuple_cell
CondRxnBench-Benchmark-v0.1-splits-candidate.1,ahneman_doyle_buchwald_hartwig_2018,S5,AHNEMAN_BH_P2_R09_C39,S5_cross_partition_group_tuple_cell
CondRxnBench-Benchmark-v0.1-splits-candidate.1,ahneman_doyle_buchwald_hartwig_2018,S5,AHNEMAN_BH_P2_R09_C40,S5_cross_partition_group_tuple_cell
CondRxnBench-Benchmark-v0.1-splits-candidate.1,ahneman_doyle_buchwald_hartwig_2018,S5,AHNEMAN_BH_P2_R09_C41,S5_cross_partition_group_tuple_cell
CondRxnBench-Benchmark-v0.1-splits-candidate.1,ahneman_doyle_buchwald_hartwig_2018,S5,AHNEMAN_BH_P2_R09_C42,S5_cross_partition_group_tuple_cell
CondRxnBench-Benchmark-v0.1-splits-candidate.1,ahneman_doyle_buchwald_hartwig_2018,S5,AHNEMAN_BH_P2_R09_C43,S5_cross_partition_group_tuple_cell
CondRxnBench-Benchmark-v0.1-splits-candidate.1,ahneman_doyle_buchwald_hartwig_2018,S5,AHNEMAN_BH_P2_R09_C46,S5_cross_partition_group_tuple_cell
CondRxnBench-Benchmark-v0.1-splits-candidate.1,ahneman_doyle_buchwald_hartwig_2018,S5,AHNEMAN_BH_P2_R09_C47,S5_cross_partition_group_tuple_cell
CondRxnBench-Benchmark-v0.1-splits-candidate.1,ahneman_doyle_buchwald_hartwig_2018,S5,AHNEMAN_BH_P2_R10_C01,S5_cross_partition_group_tuple_cell
CondRxnBench-Benchmark-v0.1-splits-candidate.1,ahneman_doyle_buchwald_hartwig_2018,S5,AHNEMAN_BH_P2_R10_C02,S5_cross_partition_group_tuple_cell
CondRxnBench-Benchmark-v0.1-splits-candidate.1,ahneman_doyle_buchwald_hartwig_2018,S5,AHNEMAN_BH_P2_R10_C03,S5_cross_partition_group_tuple_cell
CondRxnBench-Benchmark-v0.1-splits-candidate.1,ahneman_doyle_buchwald_hartwig_2018,S5,AHNEMAN_BH_P2_R10_C04,S5_cross_partition_group_tuple_cell
CondRxnBench-Benchmark-v0.1-splits-candidate.1,ahneman_doyle_buchwald_hartwig_2018,S5,AHNEMAN_BH_P2_R10_C05,S5_cross_partition_group_tuple_cell
CondRxnBench-Benchmark-v0.1-splits-candidate.1,ahneman_doyle_buchwald_hartwig_2018,S5,AHNEMAN_BH_P2_R10_C06,S5_cross_partition_group_tuple_cell
CondRxnBench-Benchmark-v0.1-splits-candidate.1,ahneman_doyle_buchwald_hartwig_2018,S5,AHNEMAN_BH_P2_R10_C07,S5_cross_partition_group_tuple_cell
CondRxnBench-Benchmark-v0.1-splits-candidate.1,ahneman_doyle_buchwald_hartwig_2018,S5,AHNEMAN_BH_P2_R10_C08,S5_cross_partition_group_tuple_cell
CondRxnBench-Benchmark-v0.1-splits-candidate.1,ahneman_doyle_buchwald_hartwig_2018,S5,AHNEMAN_BH_P2_R10_C09,S5_cross_partition_group_tuple_cell
CondRxnBench-Benchmark-v0.1-splits-candidate.1,ahneman_doyle_buchwald_hartwig_2018,S5,AHNEMAN_BH_P2_R10_C10,S5_cross_partition_group_tuple_cell
CondRxnBench-Benchmark-v0.1-splits-candidate.1,ahneman_doyle_buchwald_hartwig_2018,S5,AHNEMAN_BH_P2_R10_C11,S5_cross_partition_group_tuple_cell
CondRxnBench-Benchmark-v0.1-splits-candidate.1,ahneman_doyle_buchwald_hartwig_2018,S5,AHNEMAN_BH_P2_R10_C14,S5_cross_partition_group_tuple_cell
CondRxnBench-Benchmark-v0.1-splits-candidate.1,ahneman_doyle_buchwald_hartwig_2018,S5,AHNEMAN_BH_P2_R10_C15,S5_cross_partition_group_tuple_cell
CondRxnBench-Benchmark-v0.1-splits-candidate.1,ahneman_doyle_buchwald_hartwig_2018,S5,AHNEMAN_BH_P2_R10_C17,S5_cross_partition_group_tuple_cell
CondRxnBench-Benchmark-v0.1-splits-candidate.1,ahneman_doyle_buchwald_hartwig_2018,S5,AHNEMAN_BH_P2_R10_C19,S5_cross_partition_group_tuple_cell
CondRxnBench-Benchmark-v0.1-splits-candidate.1,ahneman_doyle_buchwald_hartwig_2018,S5,AHNEMAN_BH_P2_R10_C22,S5_cross_partition_group_tuple_cell
CondRxnBench-Benchmark-v0.1-splits-candidate.1,ahneman_doyle_buchwald_hartwig_2018,S5,AHNEMAN_BH_P2_R10_C28,S5_cross_partition_group_tuple_cell
CondRxnBench-Benchmark-v0.1-splits-candidate.1,ahneman_doyle_buchwald_hartwig_2018,S5,AHNEMAN_BH_P2_R10_C29,S5_cross_partition_group_tuple_cell
CondRxnBench-Benchmark-v0.1-splits-candidate.1,ahneman_doyle_buchwald_hartwig_2018,S5,AHNEMAN_BH_P2_R10_C33,S5_cross_partition_group_tuple_cell
CondRxnBench-Benchmark-v0.1-splits-candidate.1,ahneman_doyle_buchwald_hartwig_2018,S5,AHNEMAN_BH_P2_R10_C35,S5_cross_partition_group_tuple_cell
CondRxnBench-Benchmark-v0.1-splits-candidate.1,ahneman_doyle_buchwald_hartwig_2018,S5,AHNEMAN_BH_P2_R10_C38,S5_cross_partition_group_tuple_cell
CondRxnBench-Benchmark-v0.1-splits-candidate.1,ahneman_doyle_buchwald_hartwig_2018,S5,AHNEMAN_BH_P2_R10_C44,S5_cross_partition_group_tuple_cell
CondRxnBench-Benchmark-v0.1-splits-candidate.1,ahneman_doyle_buchwald_hartwig_2018,S5,AHNEMAN_BH_P2_R10_C45,S5_cross_partition_group_tuple_cell
CondRxnBench-Benchmark-v0.1-splits-candidate.1,ahneman_doyle_buchwald_hartwig_2018,S5,AHNEMAN_BH_P2_R11_C01,S5_cross_partition_group_tuple_cell
CondRxnBench-Benchmark-v0.1-splits-candidate.1,ahneman_doyle_buchwald_hartwig_2018,S5,AHNEMAN_BH_P2_R11_C03,S5_cross_partition_group_tuple_cell
CondRxnBench-Benchmark-v0.1-splits-candidate.1,ahneman_doyle_buchwald_hartwig_2018,S5,AHNEMAN_BH_P2_R11_C06,S5_cross_partition_group_tuple_cell
CondRxnBench-Benchmark-v0.1-splits-candidate.1,ahneman_doyle_buchwald_hartwig_2018,S5,AHNEMAN_BH_P2_R11_C12,S5_cross_partition_group_tuple_cell
CondRxnBench-Benchmark-v0.1-splits-candidate.1,ahneman_doyle_buchwald_hartwig_2018,S5,AHNEMAN_BH_P2_R11_C13,S5_cross_partition_group_tuple_cell
CondRxnBench-Benchmark-v0.1-splits-candidate.1,ahneman_doyle_buchwald_hartwig_2018,S5,AHNEMAN_BH_P2_R11_C17,S5_cross_partition_group_tuple_cell
CondRxnBench-Benchmark-v0.1-splits-candidate.1,ahneman_doyle_buchwald_hartwig_2018,S5,AHNEMAN_BH_P2_R11_C19,S5_cross_partition_group_tuple_cell
CondRxnBench-Benchmark-v0.1-splits-candidate.1,ahneman_doyle_buchwald_hartwig_2018,S5,AHNEMAN_BH_P2_R11_C22,S5_cross_partition_group_tuple_cell
CondRxnBench-Benchmark-v0.1-splits-candidate.1,ahneman_doyle_buchwald_hartwig_2018,S5,AHNEMAN_BH_P2_R11_C28,S5_cross_partition_group_tuple_cell
CondRxnBench-Benchmark-v0.1-splits-candidate.1,ahneman_doyle_buchwald_hartwig_2018,S5,AHNEMAN_BH_P2_R11_C29,S5_cross_partition_group_tuple_cell
CondRxnBench-Benchmark-v0.1-splits-candidate.1,ahneman_doyle_buchwald_hartwig_2018,S5,AHNEMAN_BH_P2_R11_C33,S5_cross_partition_group_tuple_cell
CondRxnBench-Benchmark-v0.1-splits-candidate.1,ahneman_doyle_buchwald_hartwig_2018,S5,AHNEMAN_BH_P2_R11_C35,S5_cross_partition_group_tuple_cell
CondRxnBench-Benchmark-v0.1-splits-candidate.1,ahneman_doyle_buchwald_hartwig_2018,S5,AHNEMAN_BH_P2_R11_C38,S5_cross_partition_group_tuple_cell
CondRxnBench-Benchmark-v0.1-splits-candidate.1,ahneman_doyle_buchwald_hartwig_2018,S5,AHNEMAN_BH_P2_R11_C44,S5_cross_partition_group_tuple_cell
CondRxnBench-Benchmark-v0.1-splits-candidate.1,ahneman_doyle_buchwald_hartwig_2018,S5,AHNEMAN_BH_P2_R11_C45,S5_cross_partition_group_tuple_cell
CondRxnBench-Benchmark-v0.1-splits-candidate.1,ahneman_doyle_buchwald_hartwig_2018,S5,AHNEMAN_BH_P2_R12_C01,S5_cross_partition_group_tuple_cell
CondRxnBench-Benchmark-v0.1-splits-candidate.1,ahneman_doyle_buchwald_hartwig_2018,S5,AHNEMAN_BH_P2_R12_C02,S5_cross_partition_group_tuple_cell
CondRxnBench-Benchmark-v0.1-splits-candidate.1,ahneman_doyle_buchwald_hartwig_2018,S5,AHNEMAN_BH_P2_R12_C03,S5_cross_partition_group_tuple_cell
CondRxnBench-Benchmark-v0.1-splits-candidate.1,ahneman_doyle_buchwald_hartwig_2018,S5,AHNEMAN_BH_P2_R12_C04,S5_cross_partition_group_tuple_cell
CondRxnBench-Benchmark-v0.1-splits-candidate.1,ahneman_doyle_buchwald_hartwig_2018,S5,AHNEMAN_BH_P2_R12_C05,S5_cross_partition_group_tuple_cell
CondRxnBench-Benchmark-v0.1-splits-candidate.1,ahneman_doyle_buchwald_hartwig_2018,S5,AHNEMAN_BH_P2_R12_C06,S5_cross_partition_group_tuple_cell
CondRxnBench-Benchmark-v0.1-splits-candidate.1,ahneman_doyle_buchwald_hartwig_2018,S5,AHNEMAN_BH_P2_R12_C07,S5_cross_partition_group_tuple_cell
CondRxnBench-Benchmark-v0.1-splits-candidate.1,ahneman_doyle_buchwald_hartwig_2018,S5,AHNEMAN_BH_P2_R12_C08,S5_cross_partition_group_tuple_cell
CondRxnBench-Benchmark-v0.1-splits-candidate.1,ahneman_doyle_buchwald_hartwig_2018,S5,AHNEMAN_BH_P2_R12_C09,S5_cross_partition_group_tuple_cell
CondRxnBench-Benchmark-v0.1-splits-candidate.1,ahneman_doyle_buchwald_hartwig_2018,S5,AHNEMAN_BH_P2_R12_C10,S5_cross_partition_group_tuple_cell
CondRxnBench-Benchmark-v0.1-splits-candidate.1,ahneman_doyle_buchwald_hartwig_2018,S5,AHNEMAN_BH_P2_R12_C11,S5_cross_partition_group_tuple_cell
CondRxnBench-Benchmark-v0.1-splits-candidate.1,ahneman_doyle_buchwald_hartwig_2018,S5,AHNEMAN_BH_P2_R12_C14,S5_cross_partition_group_tuple_cell
CondRxnBench-Benchmark-v0.1-splits-candidate.1,ahneman_doyle_buchwald_hartwig_2018,S5,AHNEMAN_BH_P2_R12_C15,S5_cross_partition_group_tuple_cell
CondRxnBench-Benchmark-v0.1-splits-candidate.1,ahneman_doyle_buchwald_hartwig_2018,S5,AHNEMAN_BH_P2_R12_C17,S5_cross_partition_group_tuple_cell
CondRxnBench-Benchmark-v0.1-splits-candidate.1,ahneman_doyle_buchwald_hartwig_2018,S5,AHNEMAN_BH_P2_R12_C19,S5_cross_partition_group_tuple_cell
CondRxnBench-Benchmark-v0.1-splits-candidate.1,ahneman_doyle_buchwald_hartwig_2018,S5,AHNEMAN_BH_P2_R12_C22,S5_cross_partition_group_tuple_cell
CondRxnBench-Benchmark-v0.1-splits-candidate.1,ahneman_doyle_buchwald_hartwig_2018,S5,AHNEMAN_BH_P2_R12_C28,S5_cross_partition_group_tuple_cell
CondRxnBench-Benchmark-v0.1-splits-candidate.1,ahneman_doyle_buchwald_hartwig_2018,S5,AHNEMAN_BH_P2_R12_C29,S5_cross_partition_group_tuple_cell
CondRxnBench-Benchmark-v0.1-splits-candidate.1,ahneman_doyle_buchwald_hartwig_2018,S5,AHNEMAN_BH_P2_R12_C33,S5_cross_partition_group_tuple_cell
CondRxnBench-Benchmark-v0.1-splits-candidate.1,ahneman_doyle_buchwald_hartwig_2018,S5,AHNEMAN_BH_P2_R12_C34,S5_cross_partition_group_tuple_cell
CondRxnBench-Benchmark-v0.1-splits-candidate.1,ahneman_doyle_buchwald_hartwig_2018,S5,AHNEMAN_BH_P2_R12_C35,S5_cross_partition_group_tuple_cell
CondRxnBench-Benchmark-v0.1-splits-candidate.1,ahneman_doyle_buchwald_hartwig_2018,S5,AHNEMAN_BH_P2_R12_C36,S5_cross_partition_group_tuple_cell
CondRxnBench-Benchmark-v0.1-splits-candidate.1,ahneman_doyle_buchwald_hartwig_2018,S5,AHNEMAN_BH_P2_R12_C37,S5_cross_partition_group_tuple_cell
CondRxnBench-Benchmark-v0.1-splits-candidate.1,ahneman_doyle_buchwald_hartwig_2018,S5,AHNEMAN_BH_P2_R12_C38,S5_cross_partition_group_tuple_cell
CondRxnBench-Benchmark-v0.1-splits-candidate.1,ahneman_doyle_buchwald_hartwig_2018,S5,AHNEMAN_BH_P2_R12_C39,S5_cross_partition_group_tuple_cell
CondRxnBench-Benchmark-v0.1-splits-candidate.1,ahneman_doyle_buchwald_hartwig_2018,S5,AHNEMAN_BH_P2_R12_C40,S5_cross_partition_group_tuple_cell
CondRxnBench-Benchmark-v0.1-splits-candidate.1,ahneman_doyle_buchwald_hartwig_2018,S5,AHNEMAN_BH_P2_R12_C41,S5_cross_partition_group_tuple_cell
CondRxnBench-Benchmark-v0.1-splits-candidate.1,ahneman_doyle_buchwald_hartwig_2018,S5,AHNEMAN_BH_P2_R12_C42,S5_cross_partition_group_tuple_cell
CondRxnBench-Benchmark-v0.1-splits-candidate.1,ahneman_doyle_buchwald_hartwig_2018,S5,AHNEMAN_BH_P2_R12_C43,S5_cross_partition_group_tuple_cell
CondRxnBench-Benchmark-v0.1-splits-candidate.1,ahneman_doyle_buchwald_hartwig_2018,S5,AHNEMAN_BH_P2_R12_C46,S5_cross_partition_group_tuple_cell
CondRxnBench-Benchmark-v0.1-splits-candidate.1,ahneman_doyle_buchwald_hartwig_2018,S5,AHNEMAN_BH_P2_R12_C47,S5_cross_partition_group_tuple_cell
CondRxnBench-Benchmark-v0.1-splits-candidate.1,ahneman_doyle_buchwald_hartwig_2018,S5,AHNEMAN_BH_P2_R13_C01,S5_cross_partition_group_tuple_cell
CondRxnBench-Benchmark-v0.1-splits-candidate.1,ahneman_doyle_buchwald_hartwig_2018,S5,AHNEMAN_BH_P2_R13_C02,S5_cross_partition_group_tuple_cell
CondRxnBench-Benchmark-v0.1-splits-candidate.1,ahneman_doyle_buchwald_hartwig_2018,S5,AHNEMAN_BH_P2_R13_C03,S5_cross_partition_group_tuple_cell
CondRxnBench-Benchmark-v0.1-splits-candidate.1,ahneman_doyle_buchwald_hartwig_2018,S5,AHNEMAN_BH_P2_R13_C04,S5_cross_partition_group_tuple_cell
CondRxnBench-Benchmark-v0.1-splits-candidate.1,ahneman_doyle_buchwald_hartwig_2018,S5,AHNEMAN_BH_P2_R13_C05,S5_cross_partition_group_tuple_cell
CondRxnBench-Benchmark-v0.1-splits-candidate.1,ahneman_doyle_buchwald_hartwig_2018,S5,AHNEMAN_BH_P2_R13_C06,S5_cross_partition_group_tuple_cell
CondRxnBench-Benchmark-v0.1-splits-candidate.1,ahneman_doyle_buchwald_hartwig_2018,S5,AHNEMAN_BH_P2_R13_C07,S5_cross_partition_group_tuple_cell
CondRxnBench-Benchmark-v0.1-splits-candidate.1,ahneman_doyle_buchwald_hartwig_2018,S5,AHNEMAN_BH_P2_R13_C08,S5_cross_partition_group_tuple_cell
CondRxnBench-Benchmark-v0.1-splits-candidate.1,ahneman_doyle_buchwald_hartwig_2018,S5,AHNEMAN_BH_P2_R13_C09,S5_cross_partition_group_tuple_cell
CondRxnBench-Benchmark-v0.1-splits-candidate.1,ahneman_doyle_buchwald_hartwig_2018,S5,AHNEMAN_BH_P2_R13_C10,S5_cross_partition_group_tuple_cell
CondRxnBench-Benchmark-v0.1-splits-candidate.1,ahneman_doyle_buchwald_hartwig_2018,S5,AHNEMAN_BH_P2_R13_C11,S5_cross_partition_group_tuple_cell
CondRxnBench-Benchmark-v0.1-splits-candidate.1,ahneman_doyle_buchwald_hartwig_2018,S5,AHNEMAN_BH_P2_R13_C14,S5_cross_partition_group_tuple_cell
CondRxnBench-Benchmark-v0.1-splits-candidate.1,ahneman_doyle_buchwald_hartwig_2018,S5,AHNEMAN_BH_P2_R13_C15,S5_cross_partition_group_tuple_cell
CondRxnBench-Benchmark-v0.1-splits-candidate.1,ahneman_doyle_buchwald_hartwig_2018,S5,AHNEMAN_BH_P2_R13_C17,S5_cross_partition_group_tuple_cell
CondRxnBench-Benchmark-v0.1-splits-candidate.1,ahneman_doyle_buchwald_hartwig_2018,S5,AHNEMAN_BH_P2_R13_C19,S5_cross_partition_group_tuple_cell
CondRxnBench-Benchmark-v0.1-splits-candidate.1,ahneman_doyle_buchwald_hartwig_2018,S5,AHNEMAN_BH_P2_R13_C22,S5_cross_partition_group_tuple_cell
CondRxnBench-Benchmark-v0.1-splits-candidate.1,ahneman_doyle_buchwald_hartwig_2018,S5,AHNEMAN_BH_P2_R13_C28,S5_cross_partition_group_tuple_cell
CondRxnBench-Benchmark-v0.1-splits-candidate.1,ahneman_doyle_buchwald_hartwig_2018,S5,AHNEMAN_BH_P2_R13_C29,S5_cross_partition_group_tuple_cell
CondRxnBench-Benchmark-v0.1-splits-candidate.1,ahneman_doyle_buchwald_hartwig_2018,S5,AHNEMAN_BH_P2_R13_C33,S5_cross_partition_group_tuple_cell
CondRxnBench-Benchmark-v0.1-splits-candidate.1,ahneman_doyle_buchwald_hartwig_2018,S5,AHNEMAN_BH_P2_R13_C35,S5_cross_partition_group_tuple_cell
CondRxnBench-Benchmark-v0.1-splits-candidate.1,ahneman_doyle_buchwald_hartwig_2018,S5,AHNEMAN_BH_P2_R13_C38,S5_cross_partition_group_tuple_cell
CondRxnBench-Benchmark-v0.1-splits-candidate.1,ahneman_doyle_buchwald_hartwig_2018,S5,AHNEMAN_BH_P2_R13_C44,S5_cross_partition_group_tuple_cell
CondRxnBench-Benchmark-v0.1-splits-candidate.1,ahneman_doyle_buchwald_hartwig_2018,S5,AHNEMAN_BH_P2_R13_C45,S5_cross_partition_group_tuple_cell
CondRxnBench-Benchmark-v0.1-splits-candidate.1,ahneman_doyle_buchwald_hartwig_2018,S5,AHNEMAN_BH_P2_R14_C01,S5_cross_partition_group_tuple_cell
CondRxnBench-Benchmark-v0.1-splits-candidate.1,ahneman_doyle_buchwald_hartwig_2018,S5,AHNEMAN_BH_P2_R14_C02,S5_cross_partition_group_tuple_cell
CondRxnBench-Benchmark-v0.1-splits-candidate.1,ahneman_doyle_buchwald_hartwig_2018,S5,AHNEMAN_BH_P2_R14_C03,S5_cross_partition_group_tuple_cell
CondRxnBench-Benchmark-v0.1-splits-candidate.1,ahneman_doyle_buchwald_hartwig_2018,S5,AHNEMAN_BH_P2_R14_C04,S5_cross_partition_group_tuple_cell
CondRxnBench-Benchmark-v0.1-splits-candidate.1,ahneman_doyle_buchwald_hartwig_2018,S5,AHNEMAN_BH_P2_R14_C05,S5_cross_partition_group_tuple_cell
CondRxnBench-Benchmark-v0.1-splits-candidate.1,ahneman_doyle_buchwald_hartwig_2018,S5,AHNEMAN_BH_P2_R14_C06,S5_cross_partition_group_tuple_cell
CondRxnBench-Benchmark-v0.1-splits-candidate.1,ahneman_doyle_buchwald_hartwig_2018,S5,AHNEMAN_BH_P2_R14_C07,S5_cross_partition_group_tuple_cell
CondRxnBench-Benchmark-v0.1-splits-candidate.1,ahneman_doyle_buchwald_hartwig_2018,S5,AHNEMAN_BH_P2_R14_C08,S5_cross_partition_group_tuple_cell
CondRxnBench-Benchmark-v0.1-splits-candidate.1,ahneman_doyle_buchwald_hartwig_2018,S5,AHNEMAN_BH_P2_R14_C09,S5_cross_partition_group_tuple_cell
CondRxnBench-Benchmark-v0.1-splits-candidate.1,ahneman_doyle_buchwald_hartwig_2018,S5,AHNEMAN_BH_P2_R14_C10,S5_cross_partition_group_tuple_cell
CondRxnBench-Benchmark-v0.1-splits-candidate.1,ahneman_doyle_buchwald_hartwig_2018,S5,AHNEMAN_BH_P2_R14_C11,S5_cross_partition_group_tuple_cell
CondRxnBench-Benchmark-v0.1-splits-candidate.1,ahneman_doyle_buchwald_hartwig_2018,S5,AHNEMAN_BH_P2_R14_C14,S5_cross_partition_group_tuple_cell
CondRxnBench-Benchmark-v0.1-splits-candidate.1,ahneman_doyle_buchwald_hartwig_2018,S5,AHNEMAN_BH_P2_R14_C15,S5_cross_partition_group_tuple_cell
CondRxnBench-Benchmark-v0.1-splits-candidate.1,ahneman_doyle_buchwald_hartwig_2018,S5,AHNEMAN_BH_P2_R14_C17,S5_cross_partition_group_tuple_cell
CondRxnBench-Benchmark-v0.1-splits-candidate.1,ahneman_doyle_buchwald_hartwig_2018,S5,AHNEMAN_BH_P2_R14_C19,S5_cross_partition_group_tuple_cell
CondRxnBench-Benchmark-v0.1-splits-candidate.1,ahneman_doyle_buchwald_hartwig_2018,S5,AHNEMAN_BH_P2_R14_C22,S5_cross_partition_group_tuple_cell
CondRxnBench-Benchmark-v0.1-splits-candidate.1,ahneman_doyle_buchwald_hartwig_2018,S5,AHNEMAN_BH_P2_R14_C28,S5_cross_partition_group_tuple_cell
CondRxnBench-Benchmark-v0.1-splits-candidate.1,ahneman_doyle_buchwald_hartwig_2018,S5,AHNEMAN_BH_P2_R14_C29,S5_cross_partition_group_tuple_cell
CondRxnBench-Benchmark-v0.1-splits-candidate.1,ahneman_doyle_buchwald_hartwig_2018,S5,AHNEMAN_BH_P2_R14_C33,S5_cross_partition_group_tuple_cell
CondRxnBench-Benchmark-v0.1-splits-candidate.1,ahneman_doyle_buchwald_hartwig_2018,S5,AHNEMAN_BH_P2_R14_C35,S5_cross_partition_group_tuple_cell
CondRxnBench-Benchmark-v0.1-splits-candidate.1,ahneman_doyle_buchwald_hartwig_2018,S5,AHNEMAN_BH_P2_R14_C38,S5_cross_partition_group_tuple_cell
CondRxnBench-Benchmark-v0.1-splits-candidate.1,ahneman_doyle_buchwald_hartwig_2018,S5,AHNEMAN_BH_P2_R14_C44,S5_cross_partition_group_tuple_cell
CondRxnBench-Benchmark-v0.1-splits-candidate.1,ahneman_doyle_buchwald_hartwig_2018,S5,AHNEMAN_BH_P2_R14_C45,S5_cross_partition_group_tuple_cell
CondRxnBench-Benchmark-v0.1-splits-candidate.1,ahneman_doyle_buchwald_hartwig_2018,S5,AHNEMAN_BH_P2_R15_C01,S5_cross_partition_group_tuple_cell
CondRxnBench-Benchmark-v0.1-splits-candidate.1,ahneman_doyle_buchwald_hartwig_2018,S5,AHNEMAN_BH_P2_R15_C02,S5_cross_partition_group_tuple_cell
CondRxnBench-Benchmark-v0.1-splits-candidate.1,ahneman_doyle_buchwald_hartwig_2018,S5,AHNEMAN_BH_P2_R15_C03,S5_cross_partition_group_tuple_cell
CondRxnBench-Benchmark-v0.1-splits-candidate.1,ahneman_doyle_buchwald_hartwig_2018,S5,AHNEMAN_BH_P2_R15_C04,S5_cross_partition_group_tuple_cell
CondRxnBench-Benchmark-v0.1-splits-candidate.1,ahneman_doyle_buchwald_hartwig_2018,S5,AHNEMAN_BH_P2_R15_C05,S5_cross_partition_group_tuple_cell
CondRxnBench-Benchmark-v0.1-splits-candidate.1,ahneman_doyle_buchwald_hartwig_2018,S5,AHNEMAN_BH_P2_R15_C06,S5_cross_partition_group_tuple_cell
CondRxnBench-Benchmark-v0.1-splits-candidate.1,ahneman_doyle_buchwald_hartwig_2018,S5,AHNEMAN_BH_P2_R15_C07,S5_cross_partition_group_tuple_cell
CondRxnBench-Benchmark-v0.1-splits-candidate.1,ahneman_doyle_buchwald_hartwig_2018,S5,AHNEMAN_BH_P2_R15_C08,S5_cross_partition_group_tuple_cell
CondRxnBench-Benchmark-v0.1-splits-candidate.1,ahneman_doyle_buchwald_hartwig_2018,S5,AHNEMAN_BH_P2_R15_C09,S5_cross_partition_group_tuple_cell
CondRxnBench-Benchmark-v0.1-splits-candidate.1,ahneman_doyle_buchwald_hartwig_2018,S5,AHNEMAN_BH_P2_R15_C10,S5_cross_partition_group_tuple_cell
CondRxnBench-Benchmark-v0.1-splits-candidate.1,ahneman_doyle_buchwald_hartwig_2018,S5,AHNEMAN_BH_P2_R15_C11,S5_cross_partition_group_tuple_cell
CondRxnBench-Benchmark-v0.1-splits-candidate.1,ahneman_doyle_buchwald_hartwig_2018,S5,AHNEMAN_BH_P2_R15_C14,S5_cross_partition_group_tuple_cell
CondRxnBench-Benchmark-v0.1-splits-candidate.1,ahneman_doyle_buchwald_hartwig_2018,S5,AHNEMAN_BH_P2_R15_C15,S5_cross_partition_group_tuple_cell
CondRxnBench-Benchmark-v0.1-splits-candidate.1,ahneman_doyle_buchwald_hartwig_2018,S5,AHNEMAN_BH_P2_R15_C17,S5_cross_partition_group_tuple_cell
CondRxnBench-Benchmark-v0.1-splits-candidate.1,ahneman_doyle_buchwald_hartwig_2018,S5,AHNEMAN_BH_P2_R15_C18,S5_cross_partition_group_tuple_cell
CondRxnBench-Benchmark-v0.1-splits-candidate.1,ahneman_doyle_buchwald_hartwig_2018,S5,AHNEMAN_BH_P2_R15_C19,S5_cross_partition_group_tuple_cell
CondRxnBench-Benchmark-v0.1-splits-candidate.1,ahneman_doyle_buchwald_hartwig_2018,S5,AHNEMAN_BH_P2_R15_C20,S5_cross_partition_group_tuple_cell
CondRxnBench-Benchmark-v0.1-splits-candidate.1,ahneman_doyle_buchwald_hartwig_2018,S5,AHNEMAN_BH_P2_R15_C21,S5_cross_partition_group_tuple_cell
CondRxnBench-Benchmark-v0.1-splits-candidate.1,ahneman_doyle_buchwald_hartwig_2018,S5,AHNEMAN_BH_P2_R15_C22,S5_cross_partition_group_tuple_cell
CondRxnBench-Benchmark-v0.1-splits-candidate.1,ahneman_doyle_buchwald_hartwig_2018,S5,AHNEMAN_BH_P2_R15_C23,S5_cross_partition_group_tuple_cell
CondRxnBench-Benchmark-v0.1-splits-candidate.1,ahneman_doyle_buchwald_hartwig_2018,S5,AHNEMAN_BH_P2_R15_C24,S5_cross_partition_group_tuple_cell
CondRxnBench-Benchmark-v0.1-splits-candidate.1,ahneman_doyle_buchwald_hartwig_2018,S5,AHNEMAN_BH_P2_R15_C25,S5_cross_partition_group_tuple_cell
CondRxnBench-Benchmark-v0.1-splits-candidate.1,ahneman_doyle_buchwald_hartwig_2018,S5,AHNEMAN_BH_P2_R15_C26,S5_cross_partition_group_tuple_cell
CondRxnBench-Benchmark-v0.1-splits-candidate.1,ahneman_doyle_buchwald_hartwig_2018,S5,AHNEMAN_BH_P2_R15_C27,S5_cross_partition_group_tuple_cell
CondRxnBench-Benchmark-v0.1-splits-candidate.1,ahneman_doyle_buchwald_hartwig_2018,S5,AHNEMAN_BH_P2_R15_C30,S5_cross_partition_group_tuple_cell
CondRxnBench-Benchmark-v0.1-splits-candidate.1,ahneman_doyle_buchwald_hartwig_2018,S5,AHNEMAN_BH_P2_R15_C31,S5_cross_partition_group_tuple_cell
CondRxnBench-Benchmark-v0.1-splits-candidate.1,ahneman_doyle_buchwald_hartwig_2018,S5,AHNEMAN_BH_P2_R15_C33,S5_cross_partition_group_tuple_cell
CondRxnBench-Benchmark-v0.1-splits-candidate.1,ahneman_doyle_buchwald_hartwig_2018,S5,AHNEMAN_BH_P2_R15_C35,S5_cross_partition_group_tuple_cell
CondRxnBench-Benchmark-v0.1-splits-candidate.1,ahneman_doyle_buchwald_hartwig_2018,S5,AHNEMAN_BH_P2_R15_C38,S5_cross_partition_group_tuple_cell
CondRxnBench-Benchmark-v0.1-splits-candidate.1,ahneman_doyle_buchwald_hartwig_2018,S5,AHNEMAN_BH_P2_R15_C44,S5_cross_partition_group_tuple_cell
CondRxnBench-Benchmark-v0.1-splits-candidate.1,ahneman_doyle_buchwald_hartwig_2018,S5,AHNEMAN_BH_P2_R15_C45,S5_cross_partition_group_tuple_cell
CondRxnBench-Benchmark-v0.1-splits-candidate.1,ahneman_doyle_buchwald_hartwig_2018,S5,AHNEMAN_BH_P2_R16_C01,S5_cross_partition_group_tuple_cell
CondRxnBench-Benchmark-v0.1-splits-candidate.1,ahneman_doyle_buchwald_hartwig_2018,S5,AHNEMAN_BH_P2_R16_C03,S5_cross_partition_group_tuple_cell
CondRxnBench-Benchmark-v0.1-splits-candidate.1,ahneman_doyle_buchwald_hartwig_2018,S5,AHNEMAN_BH_P2_R16_C06,S5_cross_partition_group_tuple_cell
CondRxnBench-Benchmark-v0.1-splits-candidate.1,ahneman_doyle_buchwald_hartwig_2018,S5,AHNEMAN_BH_P2_R16_C12,S5_cross_partition_group_tuple_cell
CondRxnBench-Benchmark-v0.1-splits-candidate.1,ahneman_doyle_buchwald_hartwig_2018,S5,AHNEMAN_BH_P2_R16_C13,S5_cross_partition_group_tuple_cell
CondRxnBench-Benchmark-v0.1-splits-candidate.1,ahneman_doyle_buchwald_hartwig_2018,S5,AHNEMAN_BH_P2_R16_C18,S5_cross_partition_group_tuple_cell
CondRxnBench-Benchmark-v0.1-splits-candidate.1,ahneman_doyle_buchwald_hartwig_2018,S5,AHNEMAN_BH_P2_R16_C20,S5_cross_partition_group_tuple_cell
CondRxnBench-Benchmark-v0.1-splits-candidate.1,ahneman_doyle_buchwald_hartwig_2018,S5,AHNEMAN_BH_P2_R16_C21,S5_cross_partition_group_tuple_cell
CondRxnBench-Benchmark-v0.1-splits-candidate.1,ahneman_doyle_buchwald_hartwig_2018,S5,AHNEMAN_BH_P2_R16_C23,S5_cross_partition_group_tuple_cell
CondRxnBench-Benchmark-v0.1-splits-candidate.1,ahneman_doyle_buchwald_hartwig_2018,S5,AHNEMAN_BH_P2_R16_C24,S5_cross_partition_group_tuple_cell
CondRxnBench-Benchmark-v0.1-splits-candidate.1,ahneman_doyle_buchwald_hartwig_2018,S5,AHNEMAN_BH_P2_R16_C25,S5_cross_partition_group_tuple_cell
CondRxnBench-Benchmark-v0.1-splits-candidate.1,ahneman_doyle_buchwald_hartwig_2018,S5,AHNEMAN_BH_P2_R16_C26,S5_cross_partition_group_tuple_cell
CondRxnBench-Benchmark-v0.1-splits-candidate.1,ahneman_doyle_buchwald_hartwig_2018,S5,AHNEMAN_BH_P2_R16_C27,S5_cross_partition_group_tuple_cell
CondRxnBench-Benchmark-v0.1-splits-candidate.1,ahneman_doyle_buchwald_hartwig_2018,S5,AHNEMAN_BH_P2_R16_C28,S5_cross_partition_group_tuple_cell
CondRxnBench-Benchmark-v0.1-splits-candidate.1,ahneman_doyle_buchwald_hartwig_2018,S5,AHNEMAN_BH_P2_R16_C29,S5_cross_partition_group_tuple_cell
CondRxnBench-Benchmark-v0.1-splits-candidate.1,ahneman_doyle_buchwald_hartwig_2018,S5,AHNEMAN_BH_P2_R16_C30,S5_cross_partition_group_tuple_cell
CondRxnBench-Benchmark-v0.1-splits-candidate.1,ahneman_doyle_buchwald_hartwig_2018,S5,AHNEMAN_BH_P2_R16_C31,S5_cross_partition_group_tuple_cell
CondRxnBench-Benchmark-v0.1-splits-candidate.1,ahneman_doyle_buchwald_hartwig_2018,S5,AHNEMAN_BH_P2_R16_C33,S5_cross_partition_group_tuple_cell
CondRxnBench-Benchmark-v0.1-splits-candidate.1,ahneman_doyle_buchwald_hartwig_2018,S5,AHNEMAN_BH_P2_R16_C35,S5_cross_partition_group_tuple_cell
CondRxnBench-Benchmark-v0.1-splits-candidate.1,ahneman_doyle_buchwald_hartwig_2018,S5,AHNEMAN_BH_P2_R16_C38,S5_cross_partition_group_tuple_cell
CondRxnBench-Benchmark-v0.1-splits-candidate.1,ahneman_doyle_buchwald_hartwig_2018,S5,AHNEMAN_BH_P2_R16_C44,S5_cross_partition_group_tuple_cell
CondRxnBench-Benchmark-v0.1-splits-candidate.1,ahneman_doyle_buchwald_hartwig_2018,S5,AHNEMAN_BH_P2_R16_C45,S5_cross_partition_group_tuple_cell
CondRxnBench-Benchmark-v0.1-splits-candidate.1,ahneman_doyle_buchwald_hartwig_2018,S5,AHNEMAN_BH_P2_R17_C01,S5_cross_partition_group_tuple_cell
CondRxnBench-Benchmark-v0.1-splits-candidate.1,ahneman_doyle_buchwald_hartwig_2018,S5,AHNEMAN_BH_P2_R17_C03,S5_cross_partition_group_tuple_cell
CondRxnBench-Benchmark-v0.1-splits-candidate.1,ahneman_doyle_buchwald_hartwig_2018,S5,AHNEMAN_BH_P2_R17_C06,S5_cross_partition_group_tuple_cell
CondRxnBench-Benchmark-v0.1-splits-candidate.1,ahneman_doyle_buchwald_hartwig_2018,S5,AHNEMAN_BH_P2_R17_C12,S5_cross_partition_group_tuple_cell
CondRxnBench-Benchmark-v0.1-splits-candidate.1,ahneman_doyle_buchwald_hartwig_2018,S5,AHNEMAN_BH_P2_R17_C13,S5_cross_partition_group_tuple_cell
CondRxnBench-Benchmark-v0.1-splits-candidate.1,ahneman_doyle_buchwald_hartwig_2018,S5,AHNEMAN_BH_P2_R17_C17,S5_cross_partition_group_tuple_cell
CondRxnBench-Benchmark-v0.1-splits-candidate.1,ahneman_doyle_buchwald_hartwig_2018,S5,AHNEMAN_BH_P2_R17_C19,S5_cross_partition_group_tuple_cell
CondRxnBench-Benchmark-v0.1-splits-candidate.1,ahneman_doyle_buchwald_hartwig_2018,S5,AHNEMAN_BH_P2_R17_C22,S5_cross_partition_group_tuple_cell
CondRxnBench-Benchmark-v0.1-splits-candidate.1,ahneman_doyle_buchwald_hartwig_2018,S5,AHNEMAN_BH_P2_R17_C28,S5_cross_partition_group_tuple_cell
CondRxnBench-Benchmark-v0.1-splits-candidate.1,ahneman_doyle_buchwald_hartwig_2018,S5,AHNEMAN_BH_P2_R17_C29,S5_cross_partition_group_tuple_cell
CondRxnBench-Benchmark-v0.1-splits-candidate.1,ahneman_doyle_buchwald_hartwig_2018,S5,AHNEMAN_BH_P2_R17_C33,S5_cross_partition_group_tuple_cell
CondRxnBench-Benchmark-v0.1-splits-candidate.1,ahneman_doyle_buchwald_hartwig_2018,S5,AHNEMAN_BH_P2_R17_C35,S5_cross_partition_group_tuple_cell
CondRxnBench-Benchmark-v0.1-splits-candidate.1,ahneman_doyle_buchwald_hartwig_2018,S5,AHNEMAN_BH_P2_R17_C38,S5_cross_partition_group_tuple_cell
CondRxnBench-Benchmark-v0.1-splits-candidate.1,ahneman_doyle_buchwald_hartwig_2018,S5,AHNEMAN_BH_P2_R17_C44,S5_cross_partition_group_tuple_cell
CondRxnBench-Benchmark-v0.1-splits-candidate.1,ahneman_doyle_buchwald_hartwig_2018,S5,AHNEMAN_BH_P2_R17_C45,S5_cross_partition_group_tuple_cell
CondRxnBench-Benchmark-v0.1-splits-candidate.1,ahneman_doyle_buchwald_hartwig_2018,S5,AHNEMAN_BH_P2_R18_C01,S5_cross_partition_group_tuple_cell
CondRxnBench-Benchmark-v0.1-splits-candidate.1,ahneman_doyle_buchwald_hartwig_2018,S5,AHNEMAN_BH_P2_R18_C03,S5_cross_partition_group_tuple_cell
CondRxnBench-Benchmark-v0.1-splits-candidate.1,ahneman_doyle_buchwald_hartwig_2018,S5,AHNEMAN_BH_P2_R18_C06,S5_cross_partition_group_tuple_cell
CondRxnBench-Benchmark-v0.1-splits-candidate.1,ahneman_doyle_buchwald_hartwig_2018,S5,AHNEMAN_BH_P2_R18_C12,S5_cross_partition_group_tuple_cell
CondRxnBench-Benchmark-v0.1-splits-candidate.1,ahneman_doyle_buchwald_hartwig_2018,S5,AHNEMAN_BH_P2_R18_C13,S5_cross_partition_group_tuple_cell
CondRxnBench-Benchmark-v0.1-splits-candidate.1,ahneman_doyle_buchwald_hartwig_2018,S5,AHNEMAN_BH_P2_R18_C17,S5_cross_partition_group_tuple_cell
CondRxnBench-Benchmark-v0.1-splits-candidate.1,ahneman_doyle_buchwald_hartwig_2018,S5,AHNEMAN_BH_P2_R18_C18,S5_cross_partition_group_tuple_cell
CondRxnBench-Benchmark-v0.1-splits-candidate.1,ahneman_doyle_buchwald_hartwig_2018,S5,AHNEMAN_BH_P2_R18_C19,S5_cross_partition_group_tuple_cell
CondRxnBench-Benchmark-v0.1-splits-candidate.1,ahneman_doyle_buchwald_hartwig_2018,S5,AHNEMAN_BH_P2_R18_C20,S5_cross_partition_group_tuple_cell
CondRxnBench-Benchmark-v0.1-splits-candidate.1,ahneman_doyle_buchwald_hartwig_2018,S5,AHNEMAN_BH_P2_R18_C21,S5_cross_partition_group_tuple_cell
CondRxnBench-Benchmark-v0.1-splits-candidate.1,ahneman_doyle_buchwald_hartwig_2018,S5,AHNEMAN_BH_P2_R18_C22,S5_cross_partition_group_tuple_cell
CondRxnBench-Benchmark-v0.1-splits-candidate.1,ahneman_doyle_buchwald_hartwig_2018,S5,AHNEMAN_BH_P2_R18_C23,S5_cross_partition_group_tuple_cell
CondRxnBench-Benchmark-v0.1-splits-candidate.1,ahneman_doyle_buchwald_hartwig_2018,S5,AHNEMAN_BH_P2_R18_C24,S5_cross_partition_group_tuple_cell
CondRxnBench-Benchmark-v0.1-splits-candidate.1,ahneman_doyle_buchwald_hartwig_2018,S5,AHNEMAN_BH_P2_R18_C25,S5_cross_partition_group_tuple_cell
CondRxnBench-Benchmark-v0.1-splits-candidate.1,ahneman_doyle_buchwald_hartwig_2018,S5,AHNEMAN_BH_P2_R18_C26,S5_cross_partition_group_tuple_cell
CondRxnBench-Benchmark-v0.1-splits-candidate.1,ahneman_doyle_buchwald_hartwig_2018,S5,AHNEMAN_BH_P2_R18_C27,S5_cross_partition_group_tuple_cell
CondRxnBench-Benchmark-v0.1-splits-candidate.1,ahneman_doyle_buchwald_hartwig_2018,S5,AHNEMAN_BH_P2_R18_C30,S5_cross_partition_group_tuple_cell
CondRxnBench-Benchmark-v0.1-splits-candidate.1,ahneman_doyle_buchwald_hartwig_2018,S5,AHNEMAN_BH_P2_R18_C31,S5_cross_partition_group_tuple_cell
CondRxnBench-Benchmark-v0.1-splits-candidate.1,ahneman_doyle_buchwald_hartwig_2018,S5,AHNEMAN_BH_P2_R18_C33,S5_cross_partition_group_tuple_cell
CondRxnBench-Benchmark-v0.1-splits-candidate.1,ahneman_doyle_buchwald_hartwig_2018,S5,AHNEMAN_BH_P2_R18_C35,S5_cross_partition_group_tuple_cell
CondRxnBench-Benchmark-v0.1-splits-candidate.1,ahneman_doyle_buchwald_hartwig_2018,S5,AHNEMAN_BH_P2_R18_C38,S5_cross_partition_group_tuple_cell
CondRxnBench-Benchmark-v0.1-splits-candidate.1,ahneman_doyle_buchwald_hartwig_2018,S5,AHNEMAN_BH_P2_R18_C44,S5_cross_partition_group_tuple_cell
CondRxnBench-Benchmark-v0.1-splits-candidate.1,ahneman_doyle_buchwald_hartwig_2018,S5,AHNEMAN_BH_P2_R18_C45,S5_cross_partition_group_tuple_cell
CondRxnBench-Benchmark-v0.1-splits-candidate.1,ahneman_doyle_buchwald_hartwig_2018,S5,AHNEMAN_BH_P2_R19_C01,S5_cross_partition_group_tuple_cell
CondRxnBench-Benchmark-v0.1-splits-candidate.1,ahneman_doyle_buchwald_hartwig_2018,S5,AHNEMAN_BH_P2_R19_C03,S5_cross_partition_group_tuple_cell
CondRxnBench-Benchmark-v0.1-splits-candidate.1,ahneman_doyle_buchwald_hartwig_2018,S5,AHNEMAN_BH_P2_R19_C06,S5_cross_partition_group_tuple_cell
CondRxnBench-Benchmark-v0.1-splits-candidate.1,ahneman_doyle_buchwald_hartwig_2018,S5,AHNEMAN_BH_P2_R19_C12,S5_cross_partition_group_tuple_cell
CondRxnBench-Benchmark-v0.1-splits-candidate.1,ahneman_doyle_buchwald_hartwig_2018,S5,AHNEMAN_BH_P2_R19_C13,S5_cross_partition_group_tuple_cell
CondRxnBench-Benchmark-v0.1-splits-candidate.1,ahneman_doyle_buchwald_hartwig_2018,S5,AHNEMAN_BH_P2_R19_C17,S5_cross_partition_group_tuple_cell
CondRxnBench-Benchmark-v0.1-splits-candidate.1,ahneman_doyle_buchwald_hartwig_2018,S5,AHNEMAN_BH_P2_R19_C19,S5_cross_partition_group_tuple_cell
CondRxnBench-Benchmark-v0.1-splits-candidate.1,ahneman_doyle_buchwald_hartwig_2018,S5,AHNEMAN_BH_P2_R19_C22,S5_cross_partition_group_tuple_cell
CondRxnBench-Benchmark-v0.1-splits-candidate.1,ahneman_doyle_buchwald_hartwig_2018,S5,AHNEMAN_BH_P2_R19_C28,S5_cross_partition_group_tuple_cell
CondRxnBench-Benchmark-v0.1-splits-candidate.1,ahneman_doyle_buchwald_hartwig_2018,S5,AHNEMAN_BH_P2_R19_C29,S5_cross_partition_group_tuple_cell
CondRxnBench-Benchmark-v0.1-splits-candidate.1,ahneman_doyle_buchwald_hartwig_2018,S5,AHNEMAN_BH_P2_R19_C33,S5_cross_partition_group_tuple_cell
CondRxnBench-Benchmark-v0.1-splits-candidate.1,ahneman_doyle_buchwald_hartwig_2018,S5,AHNEMAN_BH_P2_R19_C35,S5_cross_partition_group_tuple_cell
CondRxnBench-Benchmark-v0.1-splits-candidate.1,ahneman_doyle_buchwald_hartwig_2018,S5,AHNEMAN_BH_P2_R19_C38,S5_cross_partition_group_tuple_cell
CondRxnBench-Benchmark-v0.1-splits-candidate.1,ahneman_doyle_buchwald_hartwig_2018,S5,AHNEMAN_BH_P2_R19_C44,S5_cross_partition_group_tuple_cell
CondRxnBench-Benchmark-v0.1-splits-candidate.1,ahneman_doyle_buchwald_hartwig_2018,S5,AHNEMAN_BH_P2_R19_C45,S5_cross_partition_group_tuple_cell
CondRxnBench-Benchmark-v0.1-splits-candidate.1,ahneman_doyle_buchwald_hartwig_2018,S5,AHNEMAN_BH_P2_R20_C01,S5_cross_partition_group_tuple_cell
CondRxnBench-Benchmark-v0.1-splits-candidate.1,ahneman_doyle_buchwald_hartwig_2018,S5,AHNEMAN_BH_P2_R20_C03,S5_cross_partition_group_tuple_cell
CondRxnBench-Benchmark-v0.1-splits-candidate.1,ahneman_doyle_buchwald_hartwig_2018,S5,AHNEMAN_BH_P2_R20_C06,S5_cross_partition_group_tuple_cell
CondRxnBench-Benchmark-v0.1-splits-candidate.1,ahneman_doyle_buchwald_hartwig_2018,S5,AHNEMAN_BH_P2_R20_C12,S5_cross_partition_group_tuple_cell
CondRxnBench-Benchmark-v0.1-splits-candidate.1,ahneman_doyle_buchwald_hartwig_2018,S5,AHNEMAN_BH_P2_R20_C13,S5_cross_partition_group_tuple_cell
CondRxnBench-Benchmark-v0.1-splits-candidate.1,ahneman_doyle_buchwald_hartwig_2018,S5,AHNEMAN_BH_P2_R20_C17,S5_cross_partition_group_tuple_cell
CondRxnBench-Benchmark-v0.1-splits-candidate.1,ahneman_doyle_buchwald_hartwig_2018,S5,AHNEMAN_BH_P2_R20_C19,S5_cross_partition_group_tuple_cell
CondRxnBench-Benchmark-v0.1-splits-candidate.1,ahneman_doyle_buchwald_hartwig_2018,S5,AHNEMAN_BH_P2_R20_C22,S5_cross_partition_group_tuple_cell
CondRxnBench-Benchmark-v0.1-splits-candidate.1,ahneman_doyle_buchwald_hartwig_2018,S5,AHNEMAN_BH_P2_R20_C28,S5_cross_partition_group_tuple_cell
CondRxnBench-Benchmark-v0.1-splits-candidate.1,ahneman_doyle_buchwald_hartwig_2018,S5,AHNEMAN_BH_P2_R20_C29,S5_cross_partition_group_tuple_cell
CondRxnBench-Benchmark-v0.1-splits-candidate.1,ahneman_doyle_buchwald_hartwig_2018,S5,AHNEMAN_BH_P2_R20_C33,S5_cross_partition_group_tuple_cell
CondRxnBench-Benchmark-v0.1-splits-candidate.1,ahneman_doyle_buchwald_hartwig_2018,S5,AHNEMAN_BH_P2_R20_C35,S5_cross_partition_group_tuple_cell
CondRxnBench-Benchmark-v0.1-splits-candidate.1,ahneman_doyle_buchwald_hartwig_2018,S5,AHNEMAN_BH_P2_R20_C38,S5_cross_partition_group_tuple_cell
CondRxnBench-Benchmark-v0.1-splits-candidate.1,ahneman_doyle_buchwald_hartwig_2018,S5,AHNEMAN_BH_P2_R20_C44,S5_cross_partition_group_tuple_cell
CondRxnBench-Benchmark-v0.1-splits-candidate.1,ahneman_doyle_buchwald_hartwig_2018,S5,AHNEMAN_BH_P2_R20_C45,S5_cross_partition_group_tuple_cell
CondRxnBench-Benchmark-v0.1-splits-candidate.1,ahneman_doyle_buchwald_hartwig_2018,S5,AHNEMAN_BH_P2_R21_C02,S5_cross_partition_group_tuple_cell
CondRxnBench-Benchmark-v0.1-splits-candidate.1,ahneman_doyle_buchwald_hartwig_2018,S5,AHNEMAN_BH_P2_R21_C04,S5_cross_partition_group_tuple_cell
CondRxnBench-Benchmark-v0.1-splits-candidate.1,ahneman_doyle_buchwald_hartwig_2018,S5,AHNEMAN_BH_P2_R21_C05,S5_cross_partition_group_tuple_cell
CondRxnBench-Benchmark-v0.1-splits-candidate.1,ahneman_doyle_buchwald_hartwig_2018,S5,AHNEMAN_BH_P2_R21_C07,S5_cross_partition_group_tuple_cell
CondRxnBench-Benchmark-v0.1-splits-candidate.1,ahneman_doyle_buchwald_hartwig_2018,S5,AHNEMAN_BH_P2_R21_C08,S5_cross_partition_group_tuple_cell
CondRxnBench-Benchmark-v0.1-splits-candidate.1,ahneman_doyle_buchwald_hartwig_2018,S5,AHNEMAN_BH_P2_R21_C09,S5_cross_partition_group_tuple_cell
CondRxnBench-Benchmark-v0.1-splits-candidate.1,ahneman_doyle_buchwald_hartwig_2018,S5,AHNEMAN_BH_P2_R21_C10,S5_cross_partition_group_tuple_cell
CondRxnBench-Benchmark-v0.1-splits-candidate.1,ahneman_doyle_buchwald_hartwig_2018,S5,AHNEMAN_BH_P2_R21_C11,S5_cross_partition_group_tuple_cell
CondRxnBench-Benchmark-v0.1-splits-candidate.1,ahneman_doyle_buchwald_hartwig_2018,S5,AHNEMAN_BH_P2_R21_C12,S5_cross_partition_group_tuple_cell
CondRxnBench-Benchmark-v0.1-splits-candidate.1,ahneman_doyle_buchwald_hartwig_2018,S5,AHNEMAN_BH_P2_R21_C13,S5_cross_partition_group_tuple_cell
CondRxnBench-Benchmark-v0.1-splits-candidate.1,ahneman_doyle_buchwald_hartwig_2018,S5,AHNEMAN_BH_P2_R21_C14,S5_cross_partition_group_tuple_cell
CondRxnBench-Benchmark-v0.1-splits-candidate.1,ahneman_doyle_buchwald_hartwig_2018,S5,AHNEMAN_BH_P2_R21_C15,S5_cross_partition_group_tuple_cell
CondRxnBench-Benchmark-v0.1-splits-candidate.1,ahneman_doyle_buchwald_hartwig_2018,S5,AHNEMAN_BH_P2_R21_C17,S5_cross_partition_group_tuple_cell
CondRxnBench-Benchmark-v0.1-splits-candidate.1,ahneman_doyle_buchwald_hartwig_2018,S5,AHNEMAN_BH_P2_R21_C19,S5_cross_partition_group_tuple_cell
CondRxnBench-Benchmark-v0.1-splits-candidate.1,ahneman_doyle_buchwald_hartwig_2018,S5,AHNEMAN_BH_P2_R21_C22,S5_cross_partition_group_tuple_cell
CondRxnBench-Benchmark-v0.1-splits-candidate.1,ahneman_doyle_buchwald_hartwig_2018,S5,AHNEMAN_BH_P2_R21_C28,S5_cross_partition_group_tuple_cell
CondRxnBench-Benchmark-v0.1-splits-candidate.1,ahneman_doyle_buchwald_hartwig_2018,S5,AHNEMAN_BH_P2_R21_C29,S5_cross_partition_group_tuple_cell
CondRxnBench-Benchmark-v0.1-splits-candidate.1,ahneman_doyle_buchwald_hartwig_2018,S5,AHNEMAN_BH_P2_R21_C33,S5_cross_partition_group_tuple_cell
CondRxnBench-Benchmark-v0.1-splits-candidate.1,ahneman_doyle_buchwald_hartwig_2018,S5,AHNEMAN_BH_P2_R21_C35,S5_cross_partition_group_tuple_cell
CondRxnBench-Benchmark-v0.1-splits-candidate.1,ahneman_doyle_buchwald_hartwig_2018,S5,AHNEMAN_BH_P2_R21_C38,S5_cross_partition_group_tuple_cell
CondRxnBench-Benchmark-v0.1-splits-candidate.1,ahneman_doyle_buchwald_hartwig_2018,S5,AHNEMAN_BH_P2_R21_C44,S5_cross_partition_group_tuple_cell
CondRxnBench-Benchmark-v0.1-splits-candidate.1,ahneman_doyle_buchwald_hartwig_2018,S5,AHNEMAN_BH_P2_R21_C45,S5_cross_partition_group_tuple_cell
CondRxnBench-Benchmark-v0.1-splits-candidate.1,ahneman_doyle_buchwald_hartwig_2018,S5,AHNEMAN_BH_P2_R22_C01,S5_cross_partition_group_tuple_cell
CondRxnBench-Benchmark-v0.1-splits-candidate.1,ahneman_doyle_buchwald_hartwig_2018,S5,AHNEMAN_BH_P2_R22_C03,S5_cross_partition_group_tuple_cell
CondRxnBench-Benchmark-v0.1-splits-candidate.1,ahneman_doyle_buchwald_hartwig_2018,S5,AHNEMAN_BH_P2_R22_C06,S5_cross_partition_group_tuple_cell
CondRxnBench-Benchmark-v0.1-splits-candidate.1,ahneman_doyle_buchwald_hartwig_2018,S5,AHNEMAN_BH_P2_R22_C12,S5_cross_partition_group_tuple_cell
CondRxnBench-Benchmark-v0.1-splits-candidate.1,ahneman_doyle_buchwald_hartwig_2018,S5,AHNEMAN_BH_P2_R22_C13,S5_cross_partition_group_tuple_cell
CondRxnBench-Benchmark-v0.1-splits-candidate.1,ahneman_doyle_buchwald_hartwig_2018,S5,AHNEMAN_BH_P2_R22_C17,S5_cross_partition_group_tuple_cell
CondRxnBench-Benchmark-v0.1-splits-candidate.1,ahneman_doyle_buchwald_hartwig_2018,S5,AHNEMAN_BH_P2_R22_C18,S5_cross_partition_group_tuple_cell
CondRxnBench-Benchmark-v0.1-splits-candidate.1,ahneman_doyle_buchwald_hartwig_2018,S5,AHNEMAN_BH_P2_R22_C19,S5_cross_partition_group_tuple_cell
CondRxnBench-Benchmark-v0.1-splits-candidate.1,ahneman_doyle_buchwald_hartwig_2018,S5,AHNEMAN_BH_P2_R22_C20,S5_cross_partition_group_tuple_cell
CondRxnBench-Benchmark-v0.1-splits-candidate.1,ahneman_doyle_buchwald_hartwig_2018,S5,AHNEMAN_BH_P2_R22_C21,S5_cross_partition_group_tuple_cell
CondRxnBench-Benchmark-v0.1-splits-candidate.1,ahneman_doyle_buchwald_hartwig_2018,S5,AHNEMAN_BH_P2_R22_C22,S5_cross_partition_group_tuple_cell
CondRxnBench-Benchmark-v0.1-splits-candidate.1,ahneman_doyle_buchwald_hartwig_2018,S5,AHNEMAN_BH_P2_R22_C23,S5_cross_partition_group_tuple_cell
CondRxnBench-Benchmark-v0.1-splits-candidate.1,ahneman_doyle_buchwald_hartwig_2018,S5,AHNEMAN_BH_P2_R22_C24,S5_cross_partition_group_tuple_cell
CondRxnBench-Benchmark-v0.1-splits-candidate.1,ahneman_doyle_buchwald_hartwig_2018,S5,AHNEMAN_BH_P2_R22_C25,S5_cross_partition_group_tuple_cell
CondRxnBench-Benchmark-v0.1-splits-candidate.1,ahneman_doyle_buchwald_hartwig_2018,S5,AHNEMAN_BH_P2_R22_C26,S5_cross_partition_group_tuple_cell
CondRxnBench-Benchmark-v0.1-splits-candidate.1,ahneman_doyle_buchwald_hartwig_2018,S5,AHNEMAN_BH_P2_R22_C27,S5_cross_partition_group_tuple_cell
CondRxnBench-Benchmark-v0.1-splits-candidate.1,ahneman_doyle_buchwald_hartwig_2018,S5,AHNEMAN_BH_P2_R22_C30,S5_cross_partition_group_tuple_cell
CondRxnBench-Benchmark-v0.1-splits-candidate.1,ahneman_doyle_buchwald_hartwig_2018,S5,AHNEMAN_BH_P2_R22_C31,S5_cross_partition_group_tuple_cell
CondRxnBench-Benchmark-v0.1-splits-candidate.1,ahneman_doyle_buchwald_hartwig_2018,S5,AHNEMAN_BH_P2_R22_C34,S5_cross_partition_group_tuple_cell
CondRxnBench-Benchmark-v0.1-splits-candidate.1,ahneman_doyle_buchwald_hartwig_2018,S5,AHNEMAN_BH_P2_R22_C36,S5_cross_partition_group_tuple_cell
CondRxnBench-Benchmark-v0.1-splits-candidate.1,ahneman_doyle_buchwald_hartwig_2018,S5,AHNEMAN_BH_P2_R22_C37,S5_cross_partition_group_tuple_cell
CondRxnBench-Benchmark-v0.1-splits-candidate.1,ahneman_doyle_buchwald_hartwig_2018,S5,AHNEMAN_BH_P2_R22_C39,S5_cross_partition_group_tuple_cell
CondRxnBench-Benchmark-v0.1-splits-candidate.1,ahneman_doyle_buchwald_hartwig_2018,S5,AHNEMAN_BH_P2_R22_C40,S5_cross_partition_group_tuple_cell
CondRxnBench-Benchmark-v0.1-splits-candidate.1,ahneman_doyle_buchwald_hartwig_2018,S5,AHNEMAN_BH_P2_R22_C41,S5_cross_partition_group_tuple_cell
CondRxnBench-Benchmark-v0.1-splits-candidate.1,ahneman_doyle_buchwald_hartwig_2018,S5,AHNEMAN_BH_P2_R22_C42,S5_cross_partition_group_tuple_cell
CondRxnBench-Benchmark-v0.1-splits-candidate.1,ahneman_doyle_buchwald_hartwig_2018,S5,AHNEMAN_BH_P2_R22_C43,S5_cross_partition_group_tuple_cell
CondRxnBench-Benchmark-v0.1-splits-candidate.1,ahneman_doyle_buchwald_hartwig_2018,S5,AHNEMAN_BH_P2_R22_C44,S5_cross_partition_group_tuple_cell
CondRxnBench-Benchmark-v0.1-splits-candidate.1,ahneman_doyle_buchwald_hartwig_2018,S5,AHNEMAN_BH_P2_R22_C45,S5_cross_partition_group_tuple_cell
CondRxnBench-Benchmark-v0.1-splits-candidate.1,ahneman_doyle_buchwald_hartwig_2018,S5,AHNEMAN_BH_P2_R22_C46,S5_cross_partition_group_tuple_cell
CondRxnBench-Benchmark-v0.1-splits-candidate.1,ahneman_doyle_buchwald_hartwig_2018,S5,AHNEMAN_BH_P2_R22_C47,S5_cross_partition_group_tuple_cell
CondRxnBench-Benchmark-v0.1-splits-candidate.1,ahneman_doyle_buchwald_hartwig_2018,S5,AHNEMAN_BH_P2_R23_C01,S5_cross_partition_group_tuple_cell
CondRxnBench-Benchmark-v0.1-splits-candidate.1,ahneman_doyle_buchwald_hartwig_2018,S5,AHNEMAN_BH_P2_R23_C03,S5_cross_partition_group_tuple_cell
CondRxnBench-Benchmark-v0.1-splits-candidate.1,ahneman_doyle_buchwald_hartwig_2018,S5,AHNEMAN_BH_P2_R23_C06,S5_cross_partition_group_tuple_cell
CondRxnBench-Benchmark-v0.1-splits-candidate.1,ahneman_doyle_buchwald_hartwig_2018,S5,AHNEMAN_BH_P2_R23_C12,S5_cross_partition_group_tuple_cell
CondRxnBench-Benchmark-v0.1-splits-candidate.1,ahneman_doyle_buchwald_hartwig_2018,S5,AHNEMAN_BH_P2_R23_C13,S5_cross_partition_group_tuple_cell
CondRxnBench-Benchmark-v0.1-splits-candidate.1,ahneman_doyle_buchwald_hartwig_2018,S5,AHNEMAN_BH_P2_R23_C17,S5_cross_partition_group_tuple_cell
CondRxnBench-Benchmark-v0.1-splits-candidate.1,ahneman_doyle_buchwald_hartwig_2018,S5,AHNEMAN_BH_P2_R23_C19,S5_cross_partition_group_tuple_cell
CondRxnBench-Benchmark-v0.1-splits-candidate.1,ahneman_doyle_buchwald_hartwig_2018,S5,AHNEMAN_BH_P2_R23_C22,S5_cross_partition_group_tuple_cell
CondRxnBench-Benchmark-v0.1-splits-candidate.1,ahneman_doyle_buchwald_hartwig_2018,S5,AHNEMAN_BH_P2_R23_C28,S5_cross_partition_group_tuple_cell
CondRxnBench-Benchmark-v0.1-splits-candidate.1,ahneman_doyle_buchwald_hartwig_2018,S5,AHNEMAN_BH_P2_R23_C29,S5_cross_partition_group_tuple_cell
CondRxnBench-Benchmark-v0.1-splits-candidate.1,ahneman_doyle_buchwald_hartwig_2018,S5,AHNEMAN_BH_P2_R23_C33,S5_cross_partition_group_tuple_cell
CondRxnBench-Benchmark-v0.1-splits-candidate.1,ahneman_doyle_buchwald_hartwig_2018,S5,AHNEMAN_BH_P2_R23_C35,S5_cross_partition_group_tuple_cell
CondRxnBench-Benchmark-v0.1-splits-candidate.1,ahneman_doyle_buchwald_hartwig_2018,S5,AHNEMAN_BH_P2_R23_C38,S5_cross_partition_group_tuple_cell
CondRxnBench-Benchmark-v0.1-splits-candidate.1,ahneman_doyle_buchwald_hartwig_2018,S5,AHNEMAN_BH_P2_R23_C44,S5_cross_partition_group_tuple_cell
CondRxnBench-Benchmark-v0.1-splits-candidate.1,ahneman_doyle_buchwald_hartwig_2018,S5,AHNEMAN_BH_P2_R23_C45,S5_cross_partition_group_tuple_cell
CondRxnBench-Benchmark-v0.1-splits-candidate.1,ahneman_doyle_buchwald_hartwig_2018,S5,AHNEMAN_BH_P2_R24_C01,S5_cross_partition_group_tuple_cell
CondRxnBench-Benchmark-v0.1-splits-candidate.1,ahneman_doyle_buchwald_hartwig_2018,S5,AHNEMAN_BH_P2_R24_C03,S5_cross_partition_group_tuple_cell
CondRxnBench-Benchmark-v0.1-splits-candidate.1,ahneman_doyle_buchwald_hartwig_2018,S5,AHNEMAN_BH_P2_R24_C06,S5_cross_partition_group_tuple_cell
CondRxnBench-Benchmark-v0.1-splits-candidate.1,ahneman_doyle_buchwald_hartwig_2018,S5,AHNEMAN_BH_P2_R24_C12,S5_cross_partition_group_tuple_cell
CondRxnBench-Benchmark-v0.1-splits-candidate.1,ahneman_doyle_buchwald_hartwig_2018,S5,AHNEMAN_BH_P2_R24_C13,S5_cross_partition_group_tuple_cell
CondRxnBench-Benchmark-v0.1-splits-candidate.1,ahneman_doyle_buchwald_hartwig_2018,S5,AHNEMAN_BH_P2_R24_C17,S5_cross_partition_group_tuple_cell
CondRxnBench-Benchmark-v0.1-splits-candidate.1,ahneman_doyle_buchwald_hartwig_2018,S5,AHNEMAN_BH_P2_R24_C19,S5_cross_partition_group_tuple_cell
CondRxnBench-Benchmark-v0.1-splits-candidate.1,ahneman_doyle_buchwald_hartwig_2018,S5,AHNEMAN_BH_P2_R24_C22,S5_cross_partition_group_tuple_cell
CondRxnBench-Benchmark-v0.1-splits-candidate.1,ahneman_doyle_buchwald_hartwig_2018,S5,AHNEMAN_BH_P2_R24_C28,S5_cross_partition_group_tuple_cell
CondRxnBench-Benchmark-v0.1-splits-candidate.1,ahneman_doyle_buchwald_hartwig_2018,S5,AHNEMAN_BH_P2_R24_C29,S5_cross_partition_group_tuple_cell
CondRxnBench-Benchmark-v0.1-splits-candidate.1,ahneman_doyle_buchwald_hartwig_2018,S5,AHNEMAN_BH_P2_R24_C33,S5_cross_partition_group_tuple_cell
CondRxnBench-Benchmark-v0.1-splits-candidate.1,ahneman_doyle_buchwald_hartwig_2018,S5,AHNEMAN_BH_P2_R24_C35,S5_cross_partition_group_tuple_cell
CondRxnBench-Benchmark-v0.1-splits-candidate.1,ahneman_doyle_buchwald_hartwig_2018,S5,AHNEMAN_BH_P2_R24_C38,S5_cross_partition_group_tuple_cell
CondRxnBench-Benchmark-v0.1-splits-candidate.1,ahneman_doyle_buchwald_hartwig_2018,S5,AHNEMAN_BH_P2_R24_C44,S5_cross_partition_group_tuple_cell
CondRxnBench-Benchmark-v0.1-splits-candidate.1,ahneman_doyle_buchwald_hartwig_2018,S5,AHNEMAN_BH_P2_R24_C45,S5_cross_partition_group_tuple_cell
CondRxnBench-Benchmark-v0.1-splits-candidate.1,ahneman_doyle_buchwald_hartwig_2018,S5,AHNEMAN_BH_P2_R25_C02,S5_cross_partition_group_tuple_cell
CondRxnBench-Benchmark-v0.1-splits-candidate.1,ahneman_doyle_buchwald_hartwig_2018,S5,AHNEMAN_BH_P2_R25_C04,S5_cross_partition_group_tuple_cell
CondRxnBench-Benchmark-v0.1-splits-candidate.1,ahneman_doyle_buchwald_hartwig_2018,S5,AHNEMAN_BH_P2_R25_C05,S5_cross_partition_group_tuple_cell
CondRxnBench-Benchmark-v0.1-splits-candidate.1,ahneman_doyle_buchwald_hartwig_2018,S5,AHNEMAN_BH_P2_R25_C07,S5_cross_partition_group_tuple_cell
CondRxnBench-Benchmark-v0.1-splits-candidate.1,ahneman_doyle_buchwald_hartwig_2018,S5,AHNEMAN_BH_P2_R25_C08,S5_cross_partition_group_tuple_cell
CondRxnBench-Benchmark-v0.1-splits-candidate.1,ahneman_doyle_buchwald_hartwig_2018,S5,AHNEMAN_BH_P2_R25_C09,S5_cross_partition_group_tuple_cell
CondRxnBench-Benchmark-v0.1-splits-candidate.1,ahneman_doyle_buchwald_hartwig_2018,S5,AHNEMAN_BH_P2_R25_C10,S5_cross_partition_group_tuple_cell
CondRxnBench-Benchmark-v0.1-splits-candidate.1,ahneman_doyle_buchwald_hartwig_2018,S5,AHNEMAN_BH_P2_R25_C11,S5_cross_partition_group_tuple_cell
CondRxnBench-Benchmark-v0.1-splits-candidate.1,ahneman_doyle_buchwald_hartwig_2018,S5,AHNEMAN_BH_P2_R25_C12,S5_cross_partition_group_tuple_cell
CondRxnBench-Benchmark-v0.1-splits-candidate.1,ahneman_doyle_buchwald_hartwig_2018,S5,AHNEMAN_BH_P2_R25_C13,S5_cross_partition_group_tuple_cell
CondRxnBench-Benchmark-v0.1-splits-candidate.1,ahneman_doyle_buchwald_hartwig_2018,S5,AHNEMAN_BH_P2_R25_C14,S5_cross_partition_group_tuple_cell
CondRxnBench-Benchmark-v0.1-splits-candidate.1,ahneman_doyle_buchwald_hartwig_2018,S5,AHNEMAN_BH_P2_R25_C15,S5_cross_partition_group_tuple_cell
CondRxnBench-Benchmark-v0.1-splits-candidate.1,ahneman_doyle_buchwald_hartwig_2018,S5,AHNEMAN_BH_P2_R25_C17,S5_cross_partition_group_tuple_cell
CondRxnBench-Benchmark-v0.1-splits-candidate.1,ahneman_doyle_buchwald_hartwig_2018,S5,AHNEMAN_BH_P2_R25_C18,S5_cross_partition_group_tuple_cell
CondRxnBench-Benchmark-v0.1-splits-candidate.1,ahneman_doyle_buchwald_hartwig_2018,S5,AHNEMAN_BH_P2_R25_C19,S5_cross_partition_group_tuple_cell
CondRxnBench-Benchmark-v0.1-splits-candidate.1,ahneman_doyle_buchwald_hartwig_2018,S5,AHNEMAN_BH_P2_R25_C20,S5_cross_partition_group_tuple_cell
CondRxnBench-Benchmark-v0.1-splits-candidate.1,ahneman_doyle_buchwald_hartwig_2018,S5,AHNEMAN_BH_P2_R25_C21,S5_cross_partition_group_tuple_cell
CondRxnBench-Benchmark-v0.1-splits-candidate.1,ahneman_doyle_buchwald_hartwig_2018,S5,AHNEMAN_BH_P2_R25_C22,S5_cross_partition_group_tuple_cell
CondRxnBench-Benchmark-v0.1-splits-candidate.1,ahneman_doyle_buchwald_hartwig_2018,S5,AHNEMAN_BH_P2_R25_C23,S5_cross_partition_group_tuple_cell
CondRxnBench-Benchmark-v0.1-splits-candidate.1,ahneman_doyle_buchwald_hartwig_2018,S5,AHNEMAN_BH_P2_R25_C24,S5_cross_partition_group_tuple_cell
CondRxnBench-Benchmark-v0.1-splits-candidate.1,ahneman_doyle_buchwald_hartwig_2018,S5,AHNEMAN_BH_P2_R25_C25,S5_cross_partition_group_tuple_cell
CondRxnBench-Benchmark-v0.1-splits-candidate.1,ahneman_doyle_buchwald_hartwig_2018,S5,AHNEMAN_BH_P2_R25_C26,S5_cross_partition_group_tuple_cell
CondRxnBench-Benchmark-v0.1-splits-candidate.1,ahneman_doyle_buchwald_hartwig_2018,S5,AHNEMAN_BH_P2_R25_C27,S5_cross_partition_group_tuple_cell
CondRxnBench-Benchmark-v0.1-splits-candidate.1,ahneman_doyle_buchwald_hartwig_2018,S5,AHNEMAN_BH_P2_R25_C30,S5_cross_partition_group_tuple_cell
CondRxnBench-Benchmark-v0.1-splits-candidate.1,ahneman_doyle_buchwald_hartwig_2018,S5,AHNEMAN_BH_P2_R25_C31,S5_cross_partition_group_tuple_cell
CondRxnBench-Benchmark-v0.1-splits-candidate.1,ahneman_doyle_buchwald_hartwig_2018,S5,AHNEMAN_BH_P2_R25_C33,S5_cross_partition_group_tuple_cell
CondRxnBench-Benchmark-v0.1-splits-candidate.1,ahneman_doyle_buchwald_hartwig_2018,S5,AHNEMAN_BH_P2_R25_C35,S5_cross_partition_group_tuple_cell
CondRxnBench-Benchmark-v0.1-splits-candidate.1,ahneman_doyle_buchwald_hartwig_2018,S5,AHNEMAN_BH_P2_R25_C38,S5_cross_partition_group_tuple_cell
CondRxnBench-Benchmark-v0.1-splits-candidate.1,ahneman_doyle_buchwald_hartwig_2018,S5,AHNEMAN_BH_P2_R25_C44,S5_cross_partition_group_tuple_cell
CondRxnBench-Benchmark-v0.1-splits-candidate.1,ahneman_doyle_buchwald_hartwig_2018,S5,AHNEMAN_BH_P2_R25_C45,S5_cross_partition_group_tuple_cell
CondRxnBench-Benchmark-v0.1-splits-candidate.1,ahneman_doyle_buchwald_hartwig_2018,S5,AHNEMAN_BH_P2_R26_C02,S5_cross_partition_group_tuple_cell
CondRxnBench-Benchmark-v0.1-splits-candidate.1,ahneman_doyle_buchwald_hartwig_2018,S5,AHNEMAN_BH_P2_R26_C04,S5_cross_partition_group_tuple_cell
CondRxnBench-Benchmark-v0.1-splits-candidate.1,ahneman_doyle_buchwald_hartwig_2018,S5,AHNEMAN_BH_P2_R26_C05,S5_cross_partition_group_tuple_cell
CondRxnBench-Benchmark-v0.1-splits-candidate.1,ahneman_doyle_buchwald_hartwig_2018,S5,AHNEMAN_BH_P2_R26_C07,S5_cross_partition_group_tuple_cell
CondRxnBench-Benchmark-v0.1-splits-candidate.1,ahneman_doyle_buchwald_hartwig_2018,S5,AHNEMAN_BH_P2_R26_C08,S5_cross_partition_group_tuple_cell
CondRxnBench-Benchmark-v0.1-splits-candidate.1,ahneman_doyle_buchwald_hartwig_2018,S5,AHNEMAN_BH_P2_R26_C09,S5_cross_partition_group_tuple_cell
CondRxnBench-Benchmark-v0.1-splits-candidate.1,ahneman_doyle_buchwald_hartwig_2018,S5,AHNEMAN_BH_P2_R26_C10,S5_cross_partition_group_tuple_cell
CondRxnBench-Benchmark-v0.1-splits-candidate.1,ahneman_doyle_buchwald_hartwig_2018,S5,AHNEMAN_BH_P2_R26_C11,S5_cross_partition_group_tuple_cell
CondRxnBench-Benchmark-v0.1-splits-candidate.1,ahneman_doyle_buchwald_hartwig_2018,S5,AHNEMAN_BH_P2_R26_C12,S5_cross_partition_group_tuple_cell
CondRxnBench-Benchmark-v0.1-splits-candidate.1,ahneman_doyle_buchwald_hartwig_2018,S5,AHNEMAN_BH_P2_R26_C13,S5_cross_partition_group_tuple_cell
CondRxnBench-Benchmark-v0.1-splits-candidate.1,ahneman_doyle_buchwald_hartwig_2018,S5,AHNEMAN_BH_P2_R26_C14,S5_cross_partition_group_tuple_cell
CondRxnBench-Benchmark-v0.1-splits-candidate.1,ahneman_doyle_buchwald_hartwig_2018,S5,AHNEMAN_BH_P2_R26_C15,S5_cross_partition_group_tuple_cell
CondRxnBench-Benchmark-v0.1-splits-candidate.1,ahneman_doyle_buchwald_hartwig_2018,S5,AHNEMAN_BH_P2_R26_C17,S5_cross_partition_group_tuple_cell
CondRxnBench-Benchmark-v0.1-splits-candidate.1,ahneman_doyle_buchwald_hartwig_2018,S5,AHNEMAN_BH_P2_R26_C19,S5_cross_partition_group_tuple_cell
CondRxnBench-Benchmark-v0.1-splits-candidate.1,ahneman_doyle_buchwald_hartwig_2018,S5,AHNEMAN_BH_P2_R26_C22,S5_cross_partition_group_tuple_cell
CondRxnBench-Benchmark-v0.1-splits-candidate.1,ahneman_doyle_buchwald_hartwig_2018,S5,AHNEMAN_BH_P2_R26_C28,S5_cross_partition_group_tuple_cell
CondRxnBench-Benchmark-v0.1-splits-candidate.1,ahneman_doyle_buchwald_hartwig_2018,S5,AHNEMAN_BH_P2_R26_C29,S5_cross_partition_group_tuple_cell
CondRxnBench-Benchmark-v0.1-splits-candidate.1,ahneman_doyle_buchwald_hartwig_2018,S5,AHNEMAN_BH_P2_R26_C33,S5_cross_partition_group_tuple_cell
CondRxnBench-Benchmark-v0.1-splits-candidate.1,ahneman_doyle_buchwald_hartwig_2018,S5,AHNEMAN_BH_P2_R26_C35,S5_cross_partition_group_tuple_cell
CondRxnBench-Benchmark-v0.1-splits-candidate.1,ahneman_doyle_buchwald_hartwig_2018,S5,AHNEMAN_BH_P2_R26_C38,S5_cross_partition_group_tuple_cell
CondRxnBench-Benchmark-v0.1-splits-candidate.1,ahneman_doyle_buchwald_hartwig_2018,S5,AHNEMAN_BH_P2_R26_C44,S5_cross_partition_group_tuple_cell
CondRxnBench-Benchmark-v0.1-splits-candidate.1,ahneman_doyle_buchwald_hartwig_2018,S5,AHNEMAN_BH_P2_R26_C45,S5_cross_partition_group_tuple_cell
CondRxnBench-Benchmark-v0.1-splits-candidate.1,ahneman_doyle_buchwald_hartwig_2018,S5,AHNEMAN_BH_P2_R27_C01,S5_cross_partition_group_tuple_cell
CondRxnBench-Benchmark-v0.1-splits-candidate.1,ahneman_doyle_buchwald_hartwig_2018,S5,AHNEMAN_BH_P2_R27_C03,S5_cross_partition_group_tuple_cell
CondRxnBench-Benchmark-v0.1-splits-candidate.1,ahneman_doyle_buchwald_hartwig_2018,S5,AHNEMAN_BH_P2_R27_C06,S5_cross_partition_group_tuple_cell
CondRxnBench-Benchmark-v0.1-splits-candidate.1,ahneman_doyle_buchwald_hartwig_2018,S5,AHNEMAN_BH_P2_R27_C12,S5_cross_partition_group_tuple_cell
CondRxnBench-Benchmark-v0.1-splits-candidate.1,ahneman_doyle_buchwald_hartwig_2018,S5,AHNEMAN_BH_P2_R27_C13,S5_cross_partition_group_tuple_cell
CondRxnBench-Benchmark-v0.1-splits-candidate.1,ahneman_doyle_buchwald_hartwig_2018,S5,AHNEMAN_BH_P2_R27_C17,S5_cross_partition_group_tuple_cell
CondRxnBench-Benchmark-v0.1-splits-candidate.1,ahneman_doyle_buchwald_hartwig_2018,S5,AHNEMAN_BH_P2_R27_C19,S5_cross_partition_group_tuple_cell
CondRxnBench-Benchmark-v0.1-splits-candidate.1,ahneman_doyle_buchwald_hartwig_2018,S5,AHNEMAN_BH_P2_R27_C22,S5_cross_partition_group_tuple_cell
CondRxnBench-Benchmark-v0.1-splits-candidate.1,ahneman_doyle_buchwald_hartwig_2018,S5,AHNEMAN_BH_P2_R27_C28,S5_cross_partition_group_tuple_cell
CondRxnBench-Benchmark-v0.1-splits-candidate.1,ahneman_doyle_buchwald_hartwig_2018,S5,AHNEMAN_BH_P2_R27_C29,S5_cross_partition_group_tuple_cell
CondRxnBench-Benchmark-v0.1-splits-candidate.1,ahneman_doyle_buchwald_hartwig_2018,S5,AHNEMAN_BH_P2_R27_C33,S5_cross_partition_group_tuple_cell
CondRxnBench-Benchmark-v0.1-splits-candidate.1,ahneman_doyle_buchwald_hartwig_2018,S5,AHNEMAN_BH_P2_R27_C35,S5_cross_partition_group_tuple_cell
CondRxnBench-Benchmark-v0.1-splits-candidate.1,ahneman_doyle_buchwald_hartwig_2018,S5,AHNEMAN_BH_P2_R27_C38,S5_cross_partition_group_tuple_cell
CondRxnBench-Benchmark-v0.1-splits-candidate.1,ahneman_doyle_buchwald_hartwig_2018,S5,AHNEMAN_BH_P2_R27_C44,S5_cross_partition_group_tuple_cell
CondRxnBench-Benchmark-v0.1-splits-candidate.1,ahneman_doyle_buchwald_hartwig_2018,S5,AHNEMAN_BH_P2_R27_C45,S5_cross_partition_group_tuple_cell
CondRxnBench-Benchmark-v0.1-splits-candidate.1,ahneman_doyle_buchwald_hartwig_2018,S5,AHNEMAN_BH_P2_R28_C01,S5_cross_partition_group_tuple_cell
CondRxnBench-Benchmark-v0.1-splits-candidate.1,ahneman_doyle_buchwald_hartwig_2018,S5,AHNEMAN_BH_P2_R28_C03,S5_cross_partition_group_tuple_cell
CondRxnBench-Benchmark-v0.1-splits-candidate.1,ahneman_doyle_buchwald_hartwig_2018,S5,AHNEMAN_BH_P2_R28_C06,S5_cross_partition_group_tuple_cell
CondRxnBench-Benchmark-v0.1-splits-candidate.1,ahneman_doyle_buchwald_hartwig_2018,S5,AHNEMAN_BH_P2_R28_C12,S5_cross_partition_group_tuple_cell
CondRxnBench-Benchmark-v0.1-splits-candidate.1,ahneman_doyle_buchwald_hartwig_2018,S5,AHNEMAN_BH_P2_R28_C13,S5_cross_partition_group_tuple_cell
CondRxnBench-Benchmark-v0.1-splits-candidate.1,ahneman_doyle_buchwald_hartwig_2018,S5,AHNEMAN_BH_P2_R28_C17,S5_cross_partition_group_tuple_cell
CondRxnBench-Benchmark-v0.1-splits-candidate.1,ahneman_doyle_buchwald_hartwig_2018,S5,AHNEMAN_BH_P2_R28_C19,S5_cross_partition_group_tuple_cell
CondRxnBench-Benchmark-v0.1-splits-candidate.1,ahneman_doyle_buchwald_hartwig_2018,S5,AHNEMAN_BH_P2_R28_C22,S5_cross_partition_group_tuple_cell
CondRxnBench-Benchmark-v0.1-splits-candidate.1,ahneman_doyle_buchwald_hartwig_2018,S5,AHNEMAN_BH_P2_R28_C28,S5_cross_partition_group_tuple_cell
CondRxnBench-Benchmark-v0.1-splits-candidate.1,ahneman_doyle_buchwald_hartwig_2018,S5,AHNEMAN_BH_P2_R28_C29,S5_cross_partition_group_tuple_cell
CondRxnBench-Benchmark-v0.1-splits-candidate.1,ahneman_doyle_buchwald_hartwig_2018,S5,AHNEMAN_BH_P2_R28_C34,S5_cross_partition_group_tuple_cell
CondRxnBench-Benchmark-v0.1-splits-candidate.1,ahneman_doyle_buchwald_hartwig_2018,S5,AHNEMAN_BH_P2_R28_C36,S5_cross_partition_group_tuple_cell
CondRxnBench-Benchmark-v0.1-splits-candidate.1,ahneman_doyle_buchwald_hartwig_2018,S5,AHNEMAN_BH_P2_R28_C37,S5_cross_partition_group_tuple_cell
CondRxnBench-Benchmark-v0.1-splits-candidate.1,ahneman_doyle_buchwald_hartwig_2018,S5,AHNEMAN_BH_P2_R28_C39,S5_cross_partition_group_tuple_cell
CondRxnBench-Benchmark-v0.1-splits-candidate.1,ahneman_doyle_buchwald_hartwig_2018,S5,AHNEMAN_BH_P2_R28_C40,S5_cross_partition_group_tuple_cell
CondRxnBench-Benchmark-v0.1-splits-candidate.1,ahneman_doyle_buchwald_hartwig_2018,S5,AHNEMAN_BH_P2_R28_C41,S5_cross_partition_group_tuple_cell
CondRxnBench-Benchmark-v0.1-splits-candidate.1,ahneman_doyle_buchwald_hartwig_2018,S5,AHNEMAN_BH_P2_R28_C42,S5_cross_partition_group_tuple_cell
CondRxnBench-Benchmark-v0.1-splits-candidate.1,ahneman_doyle_buchwald_hartwig_2018,S5,AHNEMAN_BH_P2_R28_C43,S5_cross_partition_group_tuple_cell
CondRxnBench-Benchmark-v0.1-splits-candidate.1,ahneman_doyle_buchwald_hartwig_2018,S5,AHNEMAN_BH_P2_R28_C44,S5_cross_partition_group_tuple_cell
CondRxnBench-Benchmark-v0.1-splits-candidate.1,ahneman_doyle_buchwald_hartwig_2018,S5,AHNEMAN_BH_P2_R28_C45,S5_cross_partition_group_tuple_cell
CondRxnBench-Benchmark-v0.1-splits-candidate.1,ahneman_doyle_buchwald_hartwig_2018,S5,AHNEMAN_BH_P2_R28_C46,S5_cross_partition_group_tuple_cell
CondRxnBench-Benchmark-v0.1-splits-candidate.1,ahneman_doyle_buchwald_hartwig_2018,S5,AHNEMAN_BH_P2_R28_C47,S5_cross_partition_group_tuple_cell
CondRxnBench-Benchmark-v0.1-splits-candidate.1,ahneman_doyle_buchwald_hartwig_2018,S5,AHNEMAN_BH_P2_R29_C01,S5_cross_partition_group_tuple_cell
CondRxnBench-Benchmark-v0.1-splits-candidate.1,ahneman_doyle_buchwald_hartwig_2018,S5,AHNEMAN_BH_P2_R29_C03,S5_cross_partition_group_tuple_cell
CondRxnBench-Benchmark-v0.1-splits-candidate.1,ahneman_doyle_buchwald_hartwig_2018,S5,AHNEMAN_BH_P2_R29_C06,S5_cross_partition_group_tuple_cell
CondRxnBench-Benchmark-v0.1-splits-candidate.1,ahneman_doyle_buchwald_hartwig_2018,S5,AHNEMAN_BH_P2_R29_C12,S5_cross_partition_group_tuple_cell
CondRxnBench-Benchmark-v0.1-splits-candidate.1,ahneman_doyle_buchwald_hartwig_2018,S5,AHNEMAN_BH_P2_R29_C13,S5_cross_partition_group_tuple_cell
CondRxnBench-Benchmark-v0.1-splits-candidate.1,ahneman_doyle_buchwald_hartwig_2018,S5,AHNEMAN_BH_P2_R29_C17,S5_cross_partition_group_tuple_cell
CondRxnBench-Benchmark-v0.1-splits-candidate.1,ahneman_doyle_buchwald_hartwig_2018,S5,AHNEMAN_BH_P2_R29_C19,S5_cross_partition_group_tuple_cell
CondRxnBench-Benchmark-v0.1-splits-candidate.1,ahneman_doyle_buchwald_hartwig_2018,S5,AHNEMAN_BH_P2_R29_C22,S5_cross_partition_group_tuple_cell
CondRxnBench-Benchmark-v0.1-splits-candidate.1,ahneman_doyle_buchwald_hartwig_2018,S5,AHNEMAN_BH_P2_R29_C28,S5_cross_partition_group_tuple_cell
CondRxnBench-Benchmark-v0.1-splits-candidate.1,ahneman_doyle_buchwald_hartwig_2018,S5,AHNEMAN_BH_P2_R29_C29,S5_cross_partition_group_tuple_cell
CondRxnBench-Benchmark-v0.1-splits-candidate.1,ahneman_doyle_buchwald_hartwig_2018,S5,AHNEMAN_BH_P2_R29_C33,S5_cross_partition_group_tuple_cell
CondRxnBench-Benchmark-v0.1-splits-candidate.1,ahneman_doyle_buchwald_hartwig_2018,S5,AHNEMAN_BH_P2_R29_C35,S5_cross_partition_group_tuple_cell
CondRxnBench-Benchmark-v0.1-splits-candidate.1,ahneman_doyle_buchwald_hartwig_2018,S5,AHNEMAN_BH_P2_R29_C38,S5_cross_partition_group_tuple_cell
CondRxnBench-Benchmark-v0.1-splits-candidate.1,ahneman_doyle_buchwald_hartwig_2018,S5,AHNEMAN_BH_P2_R29_C44,S5_cross_partition_group_tuple_cell
CondRxnBench-Benchmark-v0.1-splits-candidate.1,ahneman_doyle_buchwald_hartwig_2018,S5,AHNEMAN_BH_P2_R29_C45,S5_cross_partition_group_tuple_cell
CondRxnBench-Benchmark-v0.1-splits-candidate.1,ahneman_doyle_buchwald_hartwig_2018,S5,AHNEMAN_BH_P2_R30_C01,S5_cross_partition_group_tuple_cell
CondRxnBench-Benchmark-v0.1-splits-candidate.1,ahneman_doyle_buchwald_hartwig_2018,S5,AHNEMAN_BH_P2_R30_C03,S5_cross_partition_group_tuple_cell
CondRxnBench-Benchmark-v0.1-splits-candidate.1,ahneman_doyle_buchwald_hartwig_2018,S5,AHNEMAN_BH_P2_R30_C06,S5_cross_partition_group_tuple_cell
CondRxnBench-Benchmark-v0.1-splits-candidate.1,ahneman_doyle_buchwald_hartwig_2018,S5,AHNEMAN_BH_P2_R30_C12,S5_cross_partition_group_tuple_cell
CondRxnBench-Benchmark-v0.1-splits-candidate.1,ahneman_doyle_buchwald_hartwig_2018,S5,AHNEMAN_BH_P2_R30_C13,S5_cross_partition_group_tuple_cell
CondRxnBench-Benchmark-v0.1-splits-candidate.1,ahneman_doyle_buchwald_hartwig_2018,S5,AHNEMAN_BH_P2_R30_C17,S5_cross_partition_group_tuple_cell
CondRxnBench-Benchmark-v0.1-splits-candidate.1,ahneman_doyle_buchwald_hartwig_2018,S5,AHNEMAN_BH_P2_R30_C19,S5_cross_partition_group_tuple_cell
CondRxnBench-Benchmark-v0.1-splits-candidate.1,ahneman_doyle_buchwald_hartwig_2018,S5,AHNEMAN_BH_P2_R30_C22,S5_cross_partition_group_tuple_cell
CondRxnBench-Benchmark-v0.1-splits-candidate.1,ahneman_doyle_buchwald_hartwig_2018,S5,AHNEMAN_BH_P2_R30_C28,S5_cross_partition_group_tuple_cell
CondRxnBench-Benchmark-v0.1-splits-candidate.1,ahneman_doyle_buchwald_hartwig_2018,S5,AHNEMAN_BH_P2_R30_C29,S5_cross_partition_group_tuple_cell
CondRxnBench-Benchmark-v0.1-splits-candidate.1,ahneman_doyle_buchwald_hartwig_2018,S5,AHNEMAN_BH_P2_R30_C33,S5_cross_partition_group_tuple_cell
CondRxnBench-Benchmark-v0.1-splits-candidate.1,ahneman_doyle_buchwald_hartwig_2018,S5,AHNEMAN_BH_P2_R30_C35,S5_cross_partition_group_tuple_cell
CondRxnBench-Benchmark-v0.1-splits-candidate.1,ahneman_doyle_buchwald_hartwig_2018,S5,AHNEMAN_BH_P2_R30_C38,S5_cross_partition_group_tuple_cell
CondRxnBench-Benchmark-v0.1-splits-candidate.1,ahneman_doyle_buchwald_hartwig_2018,S5,AHNEMAN_BH_P2_R30_C44,S5_cross_partition_group_tuple_cell
CondRxnBench-Benchmark-v0.1-splits-candidate.1,ahneman_doyle_buchwald_hartwig_2018,S5,AHNEMAN_BH_P2_R30_C45,S5_cross_partition_group_tuple_cell
CondRxnBench-Benchmark-v0.1-splits-candidate.1,ahneman_doyle_buchwald_hartwig_2018,S5,AHNEMAN_BH_P2_R31_C02,S5_cross_partition_group_tuple_cell
CondRxnBench-Benchmark-v0.1-splits-candidate.1,ahneman_doyle_buchwald_hartwig_2018,S5,AHNEMAN_BH_P2_R31_C04,S5_cross_partition_group_tuple_cell
CondRxnBench-Benchmark-v0.1-splits-candidate.1,ahneman_doyle_buchwald_hartwig_2018,S5,AHNEMAN_BH_P2_R31_C05,S5_cross_partition_group_tuple_cell
CondRxnBench-Benchmark-v0.1-splits-candidate.1,ahneman_doyle_buchwald_hartwig_2018,S5,AHNEMAN_BH_P2_R31_C07,S5_cross_partition_group_tuple_cell
CondRxnBench-Benchmark-v0.1-splits-candidate.1,ahneman_doyle_buchwald_hartwig_2018,S5,AHNEMAN_BH_P2_R31_C08,S5_cross_partition_group_tuple_cell
CondRxnBench-Benchmark-v0.1-splits-candidate.1,ahneman_doyle_buchwald_hartwig_2018,S5,AHNEMAN_BH_P2_R31_C09,S5_cross_partition_group_tuple_cell
CondRxnBench-Benchmark-v0.1-splits-candidate.1,ahneman_doyle_buchwald_hartwig_2018,S5,AHNEMAN_BH_P2_R31_C10,S5_cross_partition_group_tuple_cell
CondRxnBench-Benchmark-v0.1-splits-candidate.1,ahneman_doyle_buchwald_hartwig_2018,S5,AHNEMAN_BH_P2_R31_C11,S5_cross_partition_group_tuple_cell
CondRxnBench-Benchmark-v0.1-splits-candidate.1,ahneman_doyle_buchwald_hartwig_2018,S5,AHNEMAN_BH_P2_R31_C12,S5_cross_partition_group_tuple_cell
CondRxnBench-Benchmark-v0.1-splits-candidate.1,ahneman_doyle_buchwald_hartwig_2018,S5,AHNEMAN_BH_P2_R31_C13,S5_cross_partition_group_tuple_cell
CondRxnBench-Benchmark-v0.1-splits-candidate.1,ahneman_doyle_buchwald_hartwig_2018,S5,AHNEMAN_BH_P2_R31_C14,S5_cross_partition_group_tuple_cell
CondRxnBench-Benchmark-v0.1-splits-candidate.1,ahneman_doyle_buchwald_hartwig_2018,S5,AHNEMAN_BH_P2_R31_C15,S5_cross_partition_group_tuple_cell
CondRxnBench-Benchmark-v0.1-splits-candidate.1,ahneman_doyle_buchwald_hartwig_2018,S5,AHNEMAN_BH_P2_R31_C17,S5_cross_partition_group_tuple_cell
CondRxnBench-Benchmark-v0.1-splits-candidate.1,ahneman_doyle_buchwald_hartwig_2018,S5,AHNEMAN_BH_P2_R31_C19,S5_cross_partition_group_tuple_cell
CondRxnBench-Benchmark-v0.1-splits-candidate.1,ahneman_doyle_buchwald_hartwig_2018,S5,AHNEMAN_BH_P2_R31_C22,S5_cross_partition_group_tuple_cell
CondRxnBench-Benchmark-v0.1-splits-candidate.1,ahneman_doyle_buchwald_hartwig_2018,S5,AHNEMAN_BH_P2_R31_C28,S5_cross_partition_group_tuple_cell
CondRxnBench-Benchmark-v0.1-splits-candidate.1,ahneman_doyle_buchwald_hartwig_2018,S5,AHNEMAN_BH_P2_R31_C29,S5_cross_partition_group_tuple_cell
CondRxnBench-Benchmark-v0.1-splits-candidate.1,ahneman_doyle_buchwald_hartwig_2018,S5,AHNEMAN_BH_P2_R31_C33,S5_cross_partition_group_tuple_cell
CondRxnBench-Benchmark-v0.1-splits-candidate.1,ahneman_doyle_buchwald_hartwig_2018,S5,AHNEMAN_BH_P2_R31_C34,S5_cross_partition_group_tuple_cell
CondRxnBench-Benchmark-v0.1-splits-candidate.1,ahneman_doyle_buchwald_hartwig_2018,S5,AHNEMAN_BH_P2_R31_C35,S5_cross_partition_group_tuple_cell
CondRxnBench-Benchmark-v0.1-splits-candidate.1,ahneman_doyle_buchwald_hartwig_2018,S5,AHNEMAN_BH_P2_R31_C36,S5_cross_partition_group_tuple_cell
CondRxnBench-Benchmark-v0.1-splits-candidate.1,ahneman_doyle_buchwald_hartwig_2018,S5,AHNEMAN_BH_P2_R31_C37,S5_cross_partition_group_tuple_cell
CondRxnBench-Benchmark-v0.1-splits-candidate.1,ahneman_doyle_buchwald_hartwig_2018,S5,AHNEMAN_BH_P2_R31_C38,S5_cross_partition_group_tuple_cell
CondRxnBench-Benchmark-v0.1-splits-candidate.1,ahneman_doyle_buchwald_hartwig_2018,S5,AHNEMAN_BH_P2_R31_C39,S5_cross_partition_group_tuple_cell
CondRxnBench-Benchmark-v0.1-splits-candidate.1,ahneman_doyle_buchwald_hartwig_2018,S5,AHNEMAN_BH_P2_R31_C40,S5_cross_partition_group_tuple_cell
CondRxnBench-Benchmark-v0.1-splits-candidate.1,ahneman_doyle_buchwald_hartwig_2018,S5,AHNEMAN_BH_P2_R31_C41,S5_cross_partition_group_tuple_cell
CondRxnBench-Benchmark-v0.1-splits-candidate.1,ahneman_doyle_buchwald_hartwig_2018,S5,AHNEMAN_BH_P2_R31_C42,S5_cross_partition_group_tuple_cell
CondRxnBench-Benchmark-v0.1-splits-candidate.1,ahneman_doyle_buchwald_hartwig_2018,S5,AHNEMAN_BH_P2_R31_C43,S5_cross_partition_group_tuple_cell
CondRxnBench-Benchmark-v0.1-splits-candidate.1,ahneman_doyle_buchwald_hartwig_2018,S5,AHNEMAN_BH_P2_R31_C46,S5_cross_partition_group_tuple_cell
CondRxnBench-Benchmark-v0.1-splits-candidate.1,ahneman_doyle_buchwald_hartwig_2018,S5,AHNEMAN_BH_P2_R31_C47,S5_cross_partition_group_tuple_cell
CondRxnBench-Benchmark-v0.1-splits-candidate.1,ahneman_doyle_buchwald_hartwig_2018,S5,AHNEMAN_BH_P2_R32_C01,S5_cross_partition_group_tuple_cell
CondRxnBench-Benchmark-v0.1-splits-candidate.1,ahneman_doyle_buchwald_hartwig_2018,S5,AHNEMAN_BH_P2_R32_C03,S5_cross_partition_group_tuple_cell
CondRxnBench-Benchmark-v0.1-splits-candidate.1,ahneman_doyle_buchwald_hartwig_2018,S5,AHNEMAN_BH_P2_R32_C06,S5_cross_partition_group_tuple_cell
CondRxnBench-Benchmark-v0.1-splits-candidate.1,ahneman_doyle_buchwald_hartwig_2018,S5,AHNEMAN_BH_P2_R32_C12,S5_cross_partition_group_tuple_cell
CondRxnBench-Benchmark-v0.1-splits-candidate.1,ahneman_doyle_buchwald_hartwig_2018,S5,AHNEMAN_BH_P2_R32_C13,S5_cross_partition_group_tuple_cell
CondRxnBench-Benchmark-v0.1-splits-candidate.1,ahneman_doyle_buchwald_hartwig_2018,S5,AHNEMAN_BH_P2_R32_C18,S5_cross_partition_group_tuple_cell
CondRxnBench-Benchmark-v0.1-splits-candidate.1,ahneman_doyle_buchwald_hartwig_2018,S5,AHNEMAN_BH_P2_R32_C20,S5_cross_partition_group_tuple_cell
CondRxnBench-Benchmark-v0.1-splits-candidate.1,ahneman_doyle_buchwald_hartwig_2018,S5,AHNEMAN_BH_P2_R32_C21,S5_cross_partition_group_tuple_cell
CondRxnBench-Benchmark-v0.1-splits-candidate.1,ahneman_doyle_buchwald_hartwig_2018,S5,AHNEMAN_BH_P2_R32_C23,S5_cross_partition_group_tuple_cell
CondRxnBench-Benchmark-v0.1-splits-candidate.1,ahneman_doyle_buchwald_hartwig_2018,S5,AHNEMAN_BH_P2_R32_C24,S5_cross_partition_group_tuple_cell
CondRxnBench-Benchmark-v0.1-splits-candidate.1,ahneman_doyle_buchwald_hartwig_2018,S5,AHNEMAN_BH_P2_R32_C25,S5_cross_partition_group_tuple_cell
CondRxnBench-Benchmark-v0.1-splits-candidate.1,ahneman_doyle_buchwald_hartwig_2018,S5,AHNEMAN_BH_P2_R32_C26,S5_cross_partition_group_tuple_cell
CondRxnBench-Benchmark-v0.1-splits-candidate.1,ahneman_doyle_buchwald_hartwig_2018,S5,AHNEMAN_BH_P2_R32_C27,S5_cross_partition_group_tuple_cell
CondRxnBench-Benchmark-v0.1-splits-candidate.1,ahneman_doyle_buchwald_hartwig_2018,S5,AHNEMAN_BH_P2_R32_C28,S5_cross_partition_group_tuple_cell
CondRxnBench-Benchmark-v0.1-splits-candidate.1,ahneman_doyle_buchwald_hartwig_2018,S5,AHNEMAN_BH_P2_R32_C29,S5_cross_partition_group_tuple_cell
CondRxnBench-Benchmark-v0.1-splits-candidate.1,ahneman_doyle_buchwald_hartwig_2018,S5,AHNEMAN_BH_P2_R32_C30,S5_cross_partition_group_tuple_cell
CondRxnBench-Benchmark-v0.1-splits-candidate.1,ahneman_doyle_buchwald_hartwig_2018,S5,AHNEMAN_BH_P2_R32_C31,S5_cross_partition_group_tuple_cell
CondRxnBench-Benchmark-v0.1-splits-candidate.1,ahneman_doyle_buchwald_hartwig_2018,S5,AHNEMAN_BH_P2_R32_C33,S5_cross_partition_group_tuple_cell
CondRxnBench-Benchmark-v0.1-splits-candidate.1,ahneman_doyle_buchwald_hartwig_2018,S5,AHNEMAN_BH_P2_R32_C35,S5_cross_partition_group_tuple_cell
CondRxnBench-Benchmark-v0.1-splits-candidate.1,ahneman_doyle_buchwald_hartwig_2018,S5,AHNEMAN_BH_P2_R32_C38,S5_cross_partition_group_tuple_cell
CondRxnBench-Benchmark-v0.1-splits-candidate.1,ahneman_doyle_buchwald_hartwig_2018,S5,AHNEMAN_BH_P2_R32_C44,S5_cross_partition_group_tuple_cell
CondRxnBench-Benchmark-v0.1-splits-candidate.1,ahneman_doyle_buchwald_hartwig_2018,S5,AHNEMAN_BH_P2_R32_C45,S5_cross_partition_group_tuple_cell
CondRxnBench-Benchmark-v0.1-splits-candidate.1,ahneman_doyle_buchwald_hartwig_2018,S5,AHNEMAN_BH_P3_R01_C01,S5_cross_partition_group_tuple_cell
CondRxnBench-Benchmark-v0.1-splits-candidate.1,ahneman_doyle_buchwald_hartwig_2018,S5,AHNEMAN_BH_P3_R01_C03,S5_cross_partition_group_tuple_cell
CondRxnBench-Benchmark-v0.1-splits-candidate.1,ahneman_doyle_buchwald_hartwig_2018,S5,AHNEMAN_BH_P3_R01_C06,S5_cross_partition_group_tuple_cell
CondRxnBench-Benchmark-v0.1-splits-candidate.1,ahneman_doyle_buchwald_hartwig_2018,S5,AHNEMAN_BH_P3_R01_C12,S5_cross_partition_group_tuple_cell
CondRxnBench-Benchmark-v0.1-splits-candidate.1,ahneman_doyle_buchwald_hartwig_2018,S5,AHNEMAN_BH_P3_R01_C13,S5_cross_partition_group_tuple_cell
CondRxnBench-Benchmark-v0.1-splits-candidate.1,ahneman_doyle_buchwald_hartwig_2018,S5,AHNEMAN_BH_P3_R01_C17,S5_cross_partition_group_tuple_cell
CondRxnBench-Benchmark-v0.1-splits-candidate.1,ahneman_doyle_buchwald_hartwig_2018,S5,AHNEMAN_BH_P3_R01_C19,S5_cross_partition_group_tuple_cell
CondRxnBench-Benchmark-v0.1-splits-candidate.1,ahneman_doyle_buchwald_hartwig_2018,S5,AHNEMAN_BH_P3_R01_C22,S5_cross_partition_group_tuple_cell
CondRxnBench-Benchmark-v0.1-splits-candidate.1,ahneman_doyle_buchwald_hartwig_2018,S5,AHNEMAN_BH_P3_R01_C28,S5_cross_partition_group_tuple_cell
CondRxnBench-Benchmark-v0.1-splits-candidate.1,ahneman_doyle_buchwald_hartwig_2018,S5,AHNEMAN_BH_P3_R01_C29,S5_cross_partition_group_tuple_cell
CondRxnBench-Benchmark-v0.1-splits-candidate.1,ahneman_doyle_buchwald_hartwig_2018,S5,AHNEMAN_BH_P3_R01_C33,S5_cross_partition_group_tuple_cell
CondRxnBench-Benchmark-v0.1-splits-candidate.1,ahneman_doyle_buchwald_hartwig_2018,S5,AHNEMAN_BH_P3_R01_C35,S5_cross_partition_group_tuple_cell
CondRxnBench-Benchmark-v0.1-splits-candidate.1,ahneman_doyle_buchwald_hartwig_2018,S5,AHNEMAN_BH_P3_R01_C38,S5_cross_partition_group_tuple_cell
CondRxnBench-Benchmark-v0.1-splits-candidate.1,ahneman_doyle_buchwald_hartwig_2018,S5,AHNEMAN_BH_P3_R01_C44,S5_cross_partition_group_tuple_cell
CondRxnBench-Benchmark-v0.1-splits-candidate.1,ahneman_doyle_buchwald_hartwig_2018,S5,AHNEMAN_BH_P3_R01_C45,S5_cross_partition_group_tuple_cell
CondRxnBench-Benchmark-v0.1-splits-candidate.1,ahneman_doyle_buchwald_hartwig_2018,S5,AHNEMAN_BH_P3_R02_C01,S5_cross_partition_group_tuple_cell
CondRxnBench-Benchmark-v0.1-splits-candidate.1,ahneman_doyle_buchwald_hartwig_2018,S5,AHNEMAN_BH_P3_R02_C03,S5_cross_partition_group_tuple_cell
CondRxnBench-Benchmark-v0.1-splits-candidate.1,ahneman_doyle_buchwald_hartwig_2018,S5,AHNEMAN_BH_P3_R02_C06,S5_cross_partition_group_tuple_cell
CondRxnBench-Benchmark-v0.1-splits-candidate.1,ahneman_doyle_buchwald_hartwig_2018,S5,AHNEMAN_BH_P3_R02_C12,S5_cross_partition_group_tuple_cell
CondRxnBench-Benchmark-v0.1-splits-candidate.1,ahneman_doyle_buchwald_hartwig_2018,S5,AHNEMAN_BH_P3_R02_C13,S5_cross_partition_group_tuple_cell
CondRxnBench-Benchmark-v0.1-splits-candidate.1,ahneman_doyle_buchwald_hartwig_2018,S5,AHNEMAN_BH_P3_R02_C17,S5_cross_partition_group_tuple_cell
CondRxnBench-Benchmark-v0.1-splits-candidate.1,ahneman_doyle_buchwald_hartwig_2018,S5,AHNEMAN_BH_P3_R02_C19,S5_cross_partition_group_tuple_cell
CondRxnBench-Benchmark-v0.1-splits-candidate.1,ahneman_doyle_buchwald_hartwig_2018,S5,AHNEMAN_BH_P3_R02_C22,S5_cross_partition_group_tuple_cell
CondRxnBench-Benchmark-v0.1-splits-candidate.1,ahneman_doyle_buchwald_hartwig_2018,S5,AHNEMAN_BH_P3_R02_C28,S5_cross_partition_group_tuple_cell
CondRxnBench-Benchmark-v0.1-splits-candidate.1,ahneman_doyle_buchwald_hartwig_2018,S5,AHNEMAN_BH_P3_R02_C29,S5_cross_partition_group_tuple_cell
CondRxnBench-Benchmark-v0.1-splits-candidate.1,ahneman_doyle_buchwald_hartwig_2018,S5,AHNEMAN_BH_P3_R02_C33,S5_cross_partition_group_tuple_cell
CondRxnBench-Benchmark-v0.1-splits-candidate.1,ahneman_doyle_buchwald_hartwig_2018,S5,AHNEMAN_BH_P3_R02_C35,S5_cross_partition_group_tuple_cell
CondRxnBench-Benchmark-v0.1-splits-candidate.1,ahneman_doyle_buchwald_hartwig_2018,S5,AHNEMAN_BH_P3_R02_C38,S5_cross_partition_group_tuple_cell
CondRxnBench-Benchmark-v0.1-splits-candidate.1,ahneman_doyle_buchwald_hartwig_2018,S5,AHNEMAN_BH_P3_R02_C44,S5_cross_partition_group_tuple_cell
CondRxnBench-Benchmark-v0.1-splits-candidate.1,ahneman_doyle_buchwald_hartwig_2018,S5,AHNEMAN_BH_P3_R02_C45,S5_cross_partition_group_tuple_cell
CondRxnBench-Benchmark-v0.1-splits-candidate.1,ahneman_doyle_buchwald_hartwig_2018,S5,AHNEMAN_BH_P3_R03_C01,S5_cross_partition_group_tuple_cell
CondRxnBench-Benchmark-v0.1-splits-candidate.1,ahneman_doyle_buchwald_hartwig_2018,S5,AHNEMAN_BH_P3_R03_C03,S5_cross_partition_group_tuple_cell
CondRxnBench-Benchmark-v0.1-splits-candidate.1,ahneman_doyle_buchwald_hartwig_2018,S5,AHNEMAN_BH_P3_R03_C06,S5_cross_partition_group_tuple_cell
CondRxnBench-Benchmark-v0.1-splits-candidate.1,ahneman_doyle_buchwald_hartwig_2018,S5,AHNEMAN_BH_P3_R03_C12,S5_cross_partition_group_tuple_cell
CondRxnBench-Benchmark-v0.1-splits-candidate.1,ahneman_doyle_buchwald_hartwig_2018,S5,AHNEMAN_BH_P3_R03_C13,S5_cross_partition_group_tuple_cell
CondRxnBench-Benchmark-v0.1-splits-candidate.1,ahneman_doyle_buchwald_hartwig_2018,S5,AHNEMAN_BH_P3_R03_C17,S5_cross_partition_group_tuple_cell
CondRxnBench-Benchmark-v0.1-splits-candidate.1,ahneman_doyle_buchwald_hartwig_2018,S5,AHNEMAN_BH_P3_R03_C19,S5_cross_partition_group_tuple_cell
CondRxnBench-Benchmark-v0.1-splits-candidate.1,ahneman_doyle_buchwald_hartwig_2018,S5,AHNEMAN_BH_P3_R03_C22,S5_cross_partition_group_tuple_cell
CondRxnBench-Benchmark-v0.1-splits-candidate.1,ahneman_doyle_buchwald_hartwig_2018,S5,AHNEMAN_BH_P3_R03_C28,S5_cross_partition_group_tuple_cell
CondRxnBench-Benchmark-v0.1-splits-candidate.1,ahneman_doyle_buchwald_hartwig_2018,S5,AHNEMAN_BH_P3_R03_C29,S5_cross_partition_group_tuple_cell
CondRxnBench-Benchmark-v0.1-splits-candidate.1,ahneman_doyle_buchwald_hartwig_2018,S5,AHNEMAN_BH_P3_R03_C33,S5_cross_partition_group_tuple_cell
CondRxnBench-Benchmark-v0.1-splits-candidate.1,ahneman_doyle_buchwald_hartwig_2018,S5,AHNEMAN_BH_P3_R03_C35,S5_cross_partition_group_tuple_cell
CondRxnBench-Benchmark-v0.1-splits-candidate.1,ahneman_doyle_buchwald_hartwig_2018,S5,AHNEMAN_BH_P3_R03_C38,S5_cross_partition_group_tuple_cell
CondRxnBench-Benchmark-v0.1-splits-candidate.1,ahneman_doyle_buchwald_hartwig_2018,S5,AHNEMAN_BH_P3_R03_C44,S5_cross_partition_group_tuple_cell
CondRxnBench-Benchmark-v0.1-splits-candidate.1,ahneman_doyle_buchwald_hartwig_2018,S5,AHNEMAN_BH_P3_R03_C45,S5_cross_partition_group_tuple_cell
CondRxnBench-Benchmark-v0.1-splits-candidate.1,ahneman_doyle_buchwald_hartwig_2018,S5,AHNEMAN_BH_P3_R04_C02,S5_cross_partition_group_tuple_cell
CondRxnBench-Benchmark-v0.1-splits-candidate.1,ahneman_doyle_buchwald_hartwig_2018,S5,AHNEMAN_BH_P3_R04_C04,S5_cross_partition_group_tuple_cell
CondRxnBench-Benchmark-v0.1-splits-candidate.1,ahneman_doyle_buchwald_hartwig_2018,S5,AHNEMAN_BH_P3_R04_C05,S5_cross_partition_group_tuple_cell
CondRxnBench-Benchmark-v0.1-splits-candidate.1,ahneman_doyle_buchwald_hartwig_2018,S5,AHNEMAN_BH_P3_R04_C07,S5_cross_partition_group_tuple_cell
CondRxnBench-Benchmark-v0.1-splits-candidate.1,ahneman_doyle_buchwald_hartwig_2018,S5,AHNEMAN_BH_P3_R04_C08,S5_cross_partition_group_tuple_cell
CondRxnBench-Benchmark-v0.1-splits-candidate.1,ahneman_doyle_buchwald_hartwig_2018,S5,AHNEMAN_BH_P3_R04_C09,S5_cross_partition_group_tuple_cell
CondRxnBench-Benchmark-v0.1-splits-candidate.1,ahneman_doyle_buchwald_hartwig_2018,S5,AHNEMAN_BH_P3_R04_C10,S5_cross_partition_group_tuple_cell
CondRxnBench-Benchmark-v0.1-splits-candidate.1,ahneman_doyle_buchwald_hartwig_2018,S5,AHNEMAN_BH_P3_R04_C11,S5_cross_partition_group_tuple_cell
CondRxnBench-Benchmark-v0.1-splits-candidate.1,ahneman_doyle_buchwald_hartwig_2018,S5,AHNEMAN_BH_P3_R04_C12,S5_cross_partition_group_tuple_cell
CondRxnBench-Benchmark-v0.1-splits-candidate.1,ahneman_doyle_buchwald_hartwig_2018,S5,AHNEMAN_BH_P3_R04_C13,S5_cross_partition_group_tuple_cell
CondRxnBench-Benchmark-v0.1-splits-candidate.1,ahneman_doyle_buchwald_hartwig_2018,S5,AHNEMAN_BH_P3_R04_C14,S5_cross_partition_group_tuple_cell
CondRxnBench-Benchmark-v0.1-splits-candidate.1,ahneman_doyle_buchwald_hartwig_2018,S5,AHNEMAN_BH_P3_R04_C15,S5_cross_partition_group_tuple_cell
CondRxnBench-Benchmark-v0.1-splits-candidate.1,ahneman_doyle_buchwald_hartwig_2018,S5,AHNEMAN_BH_P3_R04_C17,S5_cross_partition_group_tuple_cell
CondRxnBench-Benchmark-v0.1-splits-candidate.1,ahneman_doyle_buchwald_hartwig_2018,S5,AHNEMAN_BH_P3_R04_C19,S5_cross_partition_group_tuple_cell
CondRxnBench-Benchmark-v0.1-splits-candidate.1,ahneman_doyle_buchwald_hartwig_2018,S5,AHNEMAN_BH_P3_R04_C22,S5_cross_partition_group_tuple_cell
CondRxnBench-Benchmark-v0.1-splits-candidate.1,ahneman_doyle_buchwald_hartwig_2018,S5,AHNEMAN_BH_P3_R04_C28,S5_cross_partition_group_tuple_cell
CondRxnBench-Benchmark-v0.1-splits-candidate.1,ahneman_doyle_buchwald_hartwig_2018,S5,AHNEMAN_BH_P3_R04_C29,S5_cross_partition_group_tuple_cell
CondRxnBench-Benchmark-v0.1-splits-candidate.1,ahneman_doyle_buchwald_hartwig_2018,S5,AHNEMAN_BH_P3_R04_C33,S5_cross_partition_group_tuple_cell
CondRxnBench-Benchmark-v0.1-splits-candidate.1,ahneman_doyle_buchwald_hartwig_2018,S5,AHNEMAN_BH_P3_R04_C35,S5_cross_partition_group_tuple_cell
CondRxnBench-Benchmark-v0.1-splits-candidate.1,ahneman_doyle_buchwald_hartwig_2018,S5,AHNEMAN_BH_P3_R04_C38,S5_cross_partition_group_tuple_cell
CondRxnBench-Benchmark-v0.1-splits-candidate.1,ahneman_doyle_buchwald_hartwig_2018,S5,AHNEMAN_BH_P3_R04_C44,S5_cross_partition_group_tuple_cell
CondRxnBench-Benchmark-v0.1-splits-candidate.1,ahneman_doyle_buchwald_hartwig_2018,S5,AHNEMAN_BH_P3_R04_C45,S5_cross_partition_group_tuple_cell
CondRxnBench-Benchmark-v0.1-splits-candidate.1,ahneman_doyle_buchwald_hartwig_2018,S5,AHNEMAN_BH_P3_R05_C01,S5_cross_partition_group_tuple_cell
CondRxnBench-Benchmark-v0.1-splits-candidate.1,ahneman_doyle_buchwald_hartwig_2018,S5,AHNEMAN_BH_P3_R05_C03,S5_cross_partition_group_tuple_cell
CondRxnBench-Benchmark-v0.1-splits-candidate.1,ahneman_doyle_buchwald_hartwig_2018,S5,AHNEMAN_BH_P3_R05_C06,S5_cross_partition_group_tuple_cell
CondRxnBench-Benchmark-v0.1-splits-candidate.1,ahneman_doyle_buchwald_hartwig_2018,S5,AHNEMAN_BH_P3_R05_C12,S5_cross_partition_group_tuple_cell
CondRxnBench-Benchmark-v0.1-splits-candidate.1,ahneman_doyle_buchwald_hartwig_2018,S5,AHNEMAN_BH_P3_R05_C13,S5_cross_partition_group_tuple_cell
CondRxnBench-Benchmark-v0.1-splits-candidate.1,ahneman_doyle_buchwald_hartwig_2018,S5,AHNEMAN_BH_P3_R05_C18,S5_cross_partition_group_tuple_cell
CondRxnBench-Benchmark-v0.1-splits-candidate.1,ahneman_doyle_buchwald_hartwig_2018,S5,AHNEMAN_BH_P3_R05_C20,S5_cross_partition_group_tuple_cell
CondRxnBench-Benchmark-v0.1-splits-candidate.1,ahneman_doyle_buchwald_hartwig_2018,S5,AHNEMAN_BH_P3_R05_C21,S5_cross_partition_group_tuple_cell
CondRxnBench-Benchmark-v0.1-splits-candidate.1,ahneman_doyle_buchwald_hartwig_2018,S5,AHNEMAN_BH_P3_R05_C23,S5_cross_partition_group_tuple_cell
CondRxnBench-Benchmark-v0.1-splits-candidate.1,ahneman_doyle_buchwald_hartwig_2018,S5,AHNEMAN_BH_P3_R05_C24,S5_cross_partition_group_tuple_cell
CondRxnBench-Benchmark-v0.1-splits-candidate.1,ahneman_doyle_buchwald_hartwig_2018,S5,AHNEMAN_BH_P3_R05_C25,S5_cross_partition_group_tuple_cell
CondRxnBench-Benchmark-v0.1-splits-candidate.1,ahneman_doyle_buchwald_hartwig_2018,S5,AHNEMAN_BH_P3_R05_C26,S5_cross_partition_group_tuple_cell
CondRxnBench-Benchmark-v0.1-splits-candidate.1,ahneman_doyle_buchwald_hartwig_2018,S5,AHNEMAN_BH_P3_R05_C27,S5_cross_partition_group_tuple_cell
CondRxnBench-Benchmark-v0.1-splits-candidate.1,ahneman_doyle_buchwald_hartwig_2018,S5,AHNEMAN_BH_P3_R05_C28,S5_cross_partition_group_tuple_cell
CondRxnBench-Benchmark-v0.1-splits-candidate.1,ahneman_doyle_buchwald_hartwig_2018,S5,AHNEMAN_BH_P3_R05_C29,S5_cross_partition_group_tuple_cell
CondRxnBench-Benchmark-v0.1-splits-candidate.1,ahneman_doyle_buchwald_hartwig_2018,S5,AHNEMAN_BH_P3_R05_C30,S5_cross_partition_group_tuple_cell
CondRxnBench-Benchmark-v0.1-splits-candidate.1,ahneman_doyle_buchwald_hartwig_2018,S5,AHNEMAN_BH_P3_R05_C31,S5_cross_partition_group_tuple_cell
CondRxnBench-Benchmark-v0.1-splits-candidate.1,ahneman_doyle_buchwald_hartwig_2018,S5,AHNEMAN_BH_P3_R05_C33,S5_cross_partition_group_tuple_cell
CondRxnBench-Benchmark-v0.1-splits-candidate.1,ahneman_doyle_buchwald_hartwig_2018,S5,AHNEMAN_BH_P3_R05_C35,S5_cross_partition_group_tuple_cell
CondRxnBench-Benchmark-v0.1-splits-candidate.1,ahneman_doyle_buchwald_hartwig_2018,S5,AHNEMAN_BH_P3_R05_C38,S5_cross_partition_group_tuple_cell
CondRxnBench-Benchmark-v0.1-splits-candidate.1,ahneman_doyle_buchwald_hartwig_2018,S5,AHNEMAN_BH_P3_R05_C44,S5_cross_partition_group_tuple_cell
CondRxnBench-Benchmark-v0.1-splits-candidate.1,ahneman_doyle_buchwald_hartwig_2018,S5,AHNEMAN_BH_P3_R05_C45,S5_cross_partition_group_tuple_cell
CondRxnBench-Benchmark-v0.1-splits-candidate.1,ahneman_doyle_buchwald_hartwig_2018,S5,AHNEMAN_BH_P3_R06_C01,S5_cross_partition_group_tuple_cell
CondRxnBench-Benchmark-v0.1-splits-candidate.1,ahneman_doyle_buchwald_hartwig_2018,S5,AHNEMAN_BH_P3_R06_C03,S5_cross_partition_group_tuple_cell
CondRxnBench-Benchmark-v0.1-splits-candidate.1,ahneman_doyle_buchwald_hartwig_2018,S5,AHNEMAN_BH_P3_R06_C06,S5_cross_partition_group_tuple_cell
CondRxnBench-Benchmark-v0.1-splits-candidate.1,ahneman_doyle_buchwald_hartwig_2018,S5,AHNEMAN_BH_P3_R06_C12,S5_cross_partition_group_tuple_cell
CondRxnBench-Benchmark-v0.1-splits-candidate.1,ahneman_doyle_buchwald_hartwig_2018,S5,AHNEMAN_BH_P3_R06_C13,S5_cross_partition_group_tuple_cell
CondRxnBench-Benchmark-v0.1-splits-candidate.1,ahneman_doyle_buchwald_hartwig_2018,S5,AHNEMAN_BH_P3_R06_C17,S5_cross_partition_group_tuple_cell
CondRxnBench-Benchmark-v0.1-splits-candidate.1,ahneman_doyle_buchwald_hartwig_2018,S5,AHNEMAN_BH_P3_R06_C19,S5_cross_partition_group_tuple_cell
CondRxnBench-Benchmark-v0.1-splits-candidate.1,ahneman_doyle_buchwald_hartwig_2018,S5,AHNEMAN_BH_P3_R06_C22,S5_cross_partition_group_tuple_cell
CondRxnBench-Benchmark-v0.1-splits-candidate.1,ahneman_doyle_buchwald_hartwig_2018,S5,AHNEMAN_BH_P3_R06_C28,S5_cross_partition_group_tuple_cell
CondRxnBench-Benchmark-v0.1-splits-candidate.1,ahneman_doyle_buchwald_hartwig_2018,S5,AHNEMAN_BH_P3_R06_C29,S5_cross_partition_group_tuple_cell
CondRxnBench-Benchmark-v0.1-splits-candidate.1,ahneman_doyle_buchwald_hartwig_2018,S5,AHNEMAN_BH_P3_R06_C33,S5_cross_partition_group_tuple_cell
CondRxnBench-Benchmark-v0.1-splits-candidate.1,ahneman_doyle_buchwald_hartwig_2018,S5,AHNEMAN_BH_P3_R06_C35,S5_cross_partition_group_tuple_cell
CondRxnBench-Benchmark-v0.1-splits-candidate.1,ahneman_doyle_buchwald_hartwig_2018,S5,AHNEMAN_BH_P3_R06_C38,S5_cross_partition_group_tuple_cell
CondRxnBench-Benchmark-v0.1-splits-candidate.1,ahneman_doyle_buchwald_hartwig_2018,S5,AHNEMAN_BH_P3_R06_C44,S5_cross_partition_group_tuple_cell
CondRxnBench-Benchmark-v0.1-splits-candidate.1,ahneman_doyle_buchwald_hartwig_2018,S5,AHNEMAN_BH_P3_R06_C45,S5_cross_partition_group_tuple_cell
CondRxnBench-Benchmark-v0.1-splits-candidate.1,ahneman_doyle_buchwald_hartwig_2018,S5,AHNEMAN_BH_P3_R07_C01,S5_cross_partition_group_tuple_cell
CondRxnBench-Benchmark-v0.1-splits-candidate.1,ahneman_doyle_buchwald_hartwig_2018,S5,AHNEMAN_BH_P3_R07_C02,S5_cross_partition_group_tuple_cell
CondRxnBench-Benchmark-v0.1-splits-candidate.1,ahneman_doyle_buchwald_hartwig_2018,S5,AHNEMAN_BH_P3_R07_C03,S5_cross_partition_group_tuple_cell
CondRxnBench-Benchmark-v0.1-splits-candidate.1,ahneman_doyle_buchwald_hartwig_2018,S5,AHNEMAN_BH_P3_R07_C04,S5_cross_partition_group_tuple_cell
CondRxnBench-Benchmark-v0.1-splits-candidate.1,ahneman_doyle_buchwald_hartwig_2018,S5,AHNEMAN_BH_P3_R07_C05,S5_cross_partition_group_tuple_cell
CondRxnBench-Benchmark-v0.1-splits-candidate.1,ahneman_doyle_buchwald_hartwig_2018,S5,AHNEMAN_BH_P3_R07_C06,S5_cross_partition_group_tuple_cell
CondRxnBench-Benchmark-v0.1-splits-candidate.1,ahneman_doyle_buchwald_hartwig_2018,S5,AHNEMAN_BH_P3_R07_C07,S5_cross_partition_group_tuple_cell
CondRxnBench-Benchmark-v0.1-splits-candidate.1,ahneman_doyle_buchwald_hartwig_2018,S5,AHNEMAN_BH_P3_R07_C08,S5_cross_partition_group_tuple_cell
CondRxnBench-Benchmark-v0.1-splits-candidate.1,ahneman_doyle_buchwald_hartwig_2018,S5,AHNEMAN_BH_P3_R07_C09,S5_cross_partition_group_tuple_cell
CondRxnBench-Benchmark-v0.1-splits-candidate.1,ahneman_doyle_buchwald_hartwig_2018,S5,AHNEMAN_BH_P3_R07_C10,S5_cross_partition_group_tuple_cell
CondRxnBench-Benchmark-v0.1-splits-candidate.1,ahneman_doyle_buchwald_hartwig_2018,S5,AHNEMAN_BH_P3_R07_C11,S5_cross_partition_group_tuple_cell
CondRxnBench-Benchmark-v0.1-splits-candidate.1,ahneman_doyle_buchwald_hartwig_2018,S5,AHNEMAN_BH_P3_R07_C14,S5_cross_partition_group_tuple_cell
CondRxnBench-Benchmark-v0.1-splits-candidate.1,ahneman_doyle_buchwald_hartwig_2018,S5,AHNEMAN_BH_P3_R07_C15,S5_cross_partition_group_tuple_cell
CondRxnBench-Benchmark-v0.1-splits-candidate.1,ahneman_doyle_buchwald_hartwig_2018,S5,AHNEMAN_BH_P3_R07_C17,S5_cross_partition_group_tuple_cell
CondRxnBench-Benchmark-v0.1-splits-candidate.1,ahneman_doyle_buchwald_hartwig_2018,S5,AHNEMAN_BH_P3_R07_C19,S5_cross_partition_group_tuple_cell
CondRxnBench-Benchmark-v0.1-splits-candidate.1,ahneman_doyle_buchwald_hartwig_2018,S5,AHNEMAN_BH_P3_R07_C22,S5_cross_partition_group_tuple_cell
CondRxnBench-Benchmark-v0.1-splits-candidate.1,ahneman_doyle_buchwald_hartwig_2018,S5,AHNEMAN_BH_P3_R07_C28,S5_cross_partition_group_tuple_cell
CondRxnBench-Benchmark-v0.1-splits-candidate.1,ahneman_doyle_buchwald_hartwig_2018,S5,AHNEMAN_BH_P3_R07_C29,S5_cross_partition_group_tuple_cell
CondRxnBench-Benchmark-v0.1-splits-candidate.1,ahneman_doyle_buchwald_hartwig_2018,S5,AHNEMAN_BH_P3_R07_C33,S5_cross_partition_group_tuple_cell
CondRxnBench-Benchmark-v0.1-splits-candidate.1,ahneman_doyle_buchwald_hartwig_2018,S5,AHNEMAN_BH_P3_R07_C35,S5_cross_partition_group_tuple_cell
CondRxnBench-Benchmark-v0.1-splits-candidate.1,ahneman_doyle_buchwald_hartwig_2018,S5,AHNEMAN_BH_P3_R07_C38,S5_cross_partition_group_tuple_cell
CondRxnBench-Benchmark-v0.1-splits-candidate.1,ahneman_doyle_buchwald_hartwig_2018,S5,AHNEMAN_BH_P3_R07_C44,S5_cross_partition_group_tuple_cell
CondRxnBench-Benchmark-v0.1-splits-candidate.1,ahneman_doyle_buchwald_hartwig_2018,S5,AHNEMAN_BH_P3_R07_C45,S5_cross_partition_group_tuple_cell
CondRxnBench-Benchmark-v0.1-splits-candidate.1,ahneman_doyle_buchwald_hartwig_2018,S5,AHNEMAN_BH_P3_R08_C01,S5_cross_partition_group_tuple_cell
CondRxnBench-Benchmark-v0.1-splits-candidate.1,ahneman_doyle_buchwald_hartwig_2018,S5,AHNEMAN_BH_P3_R08_C03,S5_cross_partition_group_tuple_cell
CondRxnBench-Benchmark-v0.1-splits-candidate.1,ahneman_doyle_buchwald_hartwig_2018,S5,AHNEMAN_BH_P3_R08_C06,S5_cross_partition_group_tuple_cell
CondRxnBench-Benchmark-v0.1-splits-candidate.1,ahneman_doyle_buchwald_hartwig_2018,S5,AHNEMAN_BH_P3_R08_C12,S5_cross_partition_group_tuple_cell
CondRxnBench-Benchmark-v0.1-splits-candidate.1,ahneman_doyle_buchwald_hartwig_2018,S5,AHNEMAN_BH_P3_R08_C13,S5_cross_partition_group_tuple_cell
CondRxnBench-Benchmark-v0.1-splits-candidate.1,ahneman_doyle_buchwald_hartwig_2018,S5,AHNEMAN_BH_P3_R08_C17,S5_cross_partition_group_tuple_cell
CondRxnBench-Benchmark-v0.1-splits-candidate.1,ahneman_doyle_buchwald_hartwig_2018,S5,AHNEMAN_BH_P3_R08_C18,S5_cross_partition_group_tuple_cell
CondRxnBench-Benchmark-v0.1-splits-candidate.1,ahneman_doyle_buchwald_hartwig_2018,S5,AHNEMAN_BH_P3_R08_C19,S5_cross_partition_group_tuple_cell
CondRxnBench-Benchmark-v0.1-splits-candidate.1,ahneman_doyle_buchwald_hartwig_2018,S5,AHNEMAN_BH_P3_R08_C20,S5_cross_partition_group_tuple_cell
CondRxnBench-Benchmark-v0.1-splits-candidate.1,ahneman_doyle_buchwald_hartwig_2018,S5,AHNEMAN_BH_P3_R08_C21,S5_cross_partition_group_tuple_cell
CondRxnBench-Benchmark-v0.1-splits-candidate.1,ahneman_doyle_buchwald_hartwig_2018,S5,AHNEMAN_BH_P3_R08_C22,S5_cross_partition_group_tuple_cell
CondRxnBench-Benchmark-v0.1-splits-candidate.1,ahneman_doyle_buchwald_hartwig_2018,S5,AHNEMAN_BH_P3_R08_C23,S5_cross_partition_group_tuple_cell
CondRxnBench-Benchmark-v0.1-splits-candidate.1,ahneman_doyle_buchwald_hartwig_2018,S5,AHNEMAN_BH_P3_R08_C24,S5_cross_partition_group_tuple_cell
CondRxnBench-Benchmark-v0.1-splits-candidate.1,ahneman_doyle_buchwald_hartwig_2018,S5,AHNEMAN_BH_P3_R08_C25,S5_cross_partition_group_tuple_cell
CondRxnBench-Benchmark-v0.1-splits-candidate.1,ahneman_doyle_buchwald_hartwig_2018,S5,AHNEMAN_BH_P3_R08_C26,S5_cross_partition_group_tuple_cell
CondRxnBench-Benchmark-v0.1-splits-candidate.1,ahneman_doyle_buchwald_hartwig_2018,S5,AHNEMAN_BH_P3_R08_C27,S5_cross_partition_group_tuple_cell
CondRxnBench-Benchmark-v0.1-splits-candidate.1,ahneman_doyle_buchwald_hartwig_2018,S5,AHNEMAN_BH_P3_R08_C30,S5_cross_partition_group_tuple_cell
CondRxnBench-Benchmark-v0.1-splits-candidate.1,ahneman_doyle_buchwald_hartwig_2018,S5,AHNEMAN_BH_P3_R08_C31,S5_cross_partition_group_tuple_cell
CondRxnBench-Benchmark-v0.1-splits-candidate.1,ahneman_doyle_buchwald_hartwig_2018,S5,AHNEMAN_BH_P3_R08_C33,S5_cross_partition_group_tuple_cell
CondRxnBench-Benchmark-v0.1-splits-candidate.1,ahneman_doyle_buchwald_hartwig_2018,S5,AHNEMAN_BH_P3_R08_C35,S5_cross_partition_group_tuple_cell
CondRxnBench-Benchmark-v0.1-splits-candidate.1,ahneman_doyle_buchwald_hartwig_2018,S5,AHNEMAN_BH_P3_R08_C38,S5_cross_partition_group_tuple_cell
CondRxnBench-Benchmark-v0.1-splits-candidate.1,ahneman_doyle_buchwald_hartwig_2018,S5,AHNEMAN_BH_P3_R08_C44,S5_cross_partition_group_tuple_cell
CondRxnBench-Benchmark-v0.1-splits-candidate.1,ahneman_doyle_buchwald_hartwig_2018,S5,AHNEMAN_BH_P3_R08_C45,S5_cross_partition_group_tuple_cell
CondRxnBench-Benchmark-v0.1-splits-candidate.1,ahneman_doyle_buchwald_hartwig_2018,S5,AHNEMAN_BH_P3_R09_C01,S5_cross_partition_group_tuple_cell
CondRxnBench-Benchmark-v0.1-splits-candidate.1,ahneman_doyle_buchwald_hartwig_2018,S5,AHNEMAN_BH_P3_R09_C03,S5_cross_partition_group_tuple_cell
CondRxnBench-Benchmark-v0.1-splits-candidate.1,ahneman_doyle_buchwald_hartwig_2018,S5,AHNEMAN_BH_P3_R09_C06,S5_cross_partition_group_tuple_cell
CondRxnBench-Benchmark-v0.1-splits-candidate.1,ahneman_doyle_buchwald_hartwig_2018,S5,AHNEMAN_BH_P3_R09_C12,S5_cross_partition_group_tuple_cell
CondRxnBench-Benchmark-v0.1-splits-candidate.1,ahneman_doyle_buchwald_hartwig_2018,S5,AHNEMAN_BH_P3_R09_C13,S5_cross_partition_group_tuple_cell
CondRxnBench-Benchmark-v0.1-splits-candidate.1,ahneman_doyle_buchwald_hartwig_2018,S5,AHNEMAN_BH_P3_R09_C18,S5_cross_partition_group_tuple_cell
CondRxnBench-Benchmark-v0.1-splits-candidate.1,ahneman_doyle_buchwald_hartwig_2018,S5,AHNEMAN_BH_P3_R09_C20,S5_cross_partition_group_tuple_cell
CondRxnBench-Benchmark-v0.1-splits-candidate.1,ahneman_doyle_buchwald_hartwig_2018,S5,AHNEMAN_BH_P3_R09_C21,S5_cross_partition_group_tuple_cell
CondRxnBench-Benchmark-v0.1-splits-candidate.1,ahneman_doyle_buchwald_hartwig_2018,S5,AHNEMAN_BH_P3_R09_C23,S5_cross_partition_group_tuple_cell
CondRxnBench-Benchmark-v0.1-splits-candidate.1,ahneman_doyle_buchwald_hartwig_2018,S5,AHNEMAN_BH_P3_R09_C24,S5_cross_partition_group_tuple_cell
CondRxnBench-Benchmark-v0.1-splits-candidate.1,ahneman_doyle_buchwald_hartwig_2018,S5,AHNEMAN_BH_P3_R09_C25,S5_cross_partition_group_tuple_cell
CondRxnBench-Benchmark-v0.1-splits-candidate.1,ahneman_doyle_buchwald_hartwig_2018,S5,AHNEMAN_BH_P3_R09_C26,S5_cross_partition_group_tuple_cell
CondRxnBench-Benchmark-v0.1-splits-candidate.1,ahneman_doyle_buchwald_hartwig_2018,S5,AHNEMAN_BH_P3_R09_C27,S5_cross_partition_group_tuple_cell
CondRxnBench-Benchmark-v0.1-splits-candidate.1,ahneman_doyle_buchwald_hartwig_2018,S5,AHNEMAN_BH_P3_R09_C28,S5_cross_partition_group_tuple_cell
CondRxnBench-Benchmark-v0.1-splits-candidate.1,ahneman_doyle_buchwald_hartwig_2018,S5,AHNEMAN_BH_P3_R09_C29,S5_cross_partition_group_tuple_cell
CondRxnBench-Benchmark-v0.1-splits-candidate.1,ahneman_doyle_buchwald_hartwig_2018,S5,AHNEMAN_BH_P3_R09_C30,S5_cross_partition_group_tuple_cell
CondRxnBench-Benchmark-v0.1-splits-candidate.1,ahneman_doyle_buchwald_hartwig_2018,S5,AHNEMAN_BH_P3_R09_C31,S5_cross_partition_group_tuple_cell
CondRxnBench-Benchmark-v0.1-splits-candidate.1,ahneman_doyle_buchwald_hartwig_2018,S5,AHNEMAN_BH_P3_R09_C33,S5_cross_partition_group_tuple_cell
CondRxnBench-Benchmark-v0.1-splits-candidate.1,ahneman_doyle_buchwald_hartwig_2018,S5,AHNEMAN_BH_P3_R09_C34,S5_cross_partition_group_tuple_cell
CondRxnBench-Benchmark-v0.1-splits-candidate.1,ahneman_doyle_buchwald_hartwig_2018,S5,AHNEMAN_BH_P3_R09_C35,S5_cross_partition_group_tuple_cell
CondRxnBench-Benchmark-v0.1-splits-candidate.1,ahneman_doyle_buchwald_hartwig_2018,S5,AHNEMAN_BH_P3_R09_C36,S5_cross_partition_group_tuple_cell
CondRxnBench-Benchmark-v0.1-splits-candidate.1,ahneman_doyle_buchwald_hartwig_2018,S5,AHNEMAN_BH_P3_R09_C37,S5_cross_partition_group_tuple_cell
CondRxnBench-Benchmark-v0.1-splits-candidate.1,ahneman_doyle_buchwald_hartwig_2018,S5,AHNEMAN_BH_P3_R09_C38,S5_cross_partition_group_tuple_cell
CondRxnBench-Benchmark-v0.1-splits-candidate.1,ahneman_doyle_buchwald_hartwig_2018,S5,AHNEMAN_BH_P3_R09_C39,S5_cross_partition_group_tuple_cell
CondRxnBench-Benchmark-v0.1-splits-candidate.1,ahneman_doyle_buchwald_hartwig_2018,S5,AHNEMAN_BH_P3_R09_C40,S5_cross_partition_group_tuple_cell
CondRxnBench-Benchmark-v0.1-splits-candidate.1,ahneman_doyle_buchwald_hartwig_2018,S5,AHNEMAN_BH_P3_R09_C41,S5_cross_partition_group_tuple_cell
CondRxnBench-Benchmark-v0.1-splits-candidate.1,ahneman_doyle_buchwald_hartwig_2018,S5,AHNEMAN_BH_P3_R09_C42,S5_cross_partition_group_tuple_cell
CondRxnBench-Benchmark-v0.1-splits-candidate.1,ahneman_doyle_buchwald_hartwig_2018,S5,AHNEMAN_BH_P3_R09_C43,S5_cross_partition_group_tuple_cell
CondRxnBench-Benchmark-v0.1-splits-candidate.1,ahneman_doyle_buchwald_hartwig_2018,S5,AHNEMAN_BH_P3_R09_C46,S5_cross_partition_group_tuple_cell
CondRxnBench-Benchmark-v0.1-splits-candidate.1,ahneman_doyle_buchwald_hartwig_2018,S5,AHNEMAN_BH_P3_R09_C47,S5_cross_partition_group_tuple_cell
CondRxnBench-Benchmark-v0.1-splits-candidate.1,ahneman_doyle_buchwald_hartwig_2018,S5,AHNEMAN_BH_P3_R10_C01,S5_cross_partition_group_tuple_cell
CondRxnBench-Benchmark-v0.1-splits-candidate.1,ahneman_doyle_buchwald_hartwig_2018,S5,AHNEMAN_BH_P3_R10_C03,S5_cross_partition_group_tuple_cell
CondRxnBench-Benchmark-v0.1-splits-candidate.1,ahneman_doyle_buchwald_hartwig_2018,S5,AHNEMAN_BH_P3_R10_C06,S5_cross_partition_group_tuple_cell
CondRxnBench-Benchmark-v0.1-splits-candidate.1,ahneman_doyle_buchwald_hartwig_2018,S5,AHNEMAN_BH_P3_R10_C12,S5_cross_partition_group_tuple_cell
CondRxnBench-Benchmark-v0.1-splits-candidate.1,ahneman_doyle_buchwald_hartwig_2018,S5,AHNEMAN_BH_P3_R10_C13,S5_cross_partition_group_tuple_cell
CondRxnBench-Benchmark-v0.1-splits-candidate.1,ahneman_doyle_buchwald_hartwig_2018,S5,AHNEMAN_BH_P3_R10_C17,S5_cross_partition_group_tuple_cell
CondRxnBench-Benchmark-v0.1-splits-candidate.1,ahneman_doyle_buchwald_hartwig_2018,S5,AHNEMAN_BH_P3_R10_C19,S5_cross_partition_group_tuple_cell
CondRxnBench-Benchmark-v0.1-splits-candidate.1,ahneman_doyle_buchwald_hartwig_2018,S5,AHNEMAN_BH_P3_R10_C22,S5_cross_partition_group_tuple_cell
CondRxnBench-Benchmark-v0.1-splits-candidate.1,ahneman_doyle_buchwald_hartwig_2018,S5,AHNEMAN_BH_P3_R10_C28,S5_cross_partition_group_tuple_cell
CondRxnBench-Benchmark-v0.1-splits-candidate.1,ahneman_doyle_buchwald_hartwig_2018,S5,AHNEMAN_BH_P3_R10_C29,S5_cross_partition_group_tuple_cell
CondRxnBench-Benchmark-v0.1-splits-candidate.1,ahneman_doyle_buchwald_hartwig_2018,S5,AHNEMAN_BH_P3_R10_C33,S5_cross_partition_group_tuple_cell
CondRxnBench-Benchmark-v0.1-splits-candidate.1,ahneman_doyle_buchwald_hartwig_2018,S5,AHNEMAN_BH_P3_R10_C34,S5_cross_partition_group_tuple_cell
CondRxnBench-Benchmark-v0.1-splits-candidate.1,ahneman_doyle_buchwald_hartwig_2018,S5,AHNEMAN_BH_P3_R10_C35,S5_cross_partition_group_tuple_cell
CondRxnBench-Benchmark-v0.1-splits-candidate.1,ahneman_doyle_buchwald_hartwig_2018,S5,AHNEMAN_BH_P3_R10_C36,S5_cross_partition_group_tuple_cell
CondRxnBench-Benchmark-v0.1-splits-candidate.1,ahneman_doyle_buchwald_hartwig_2018,S5,AHNEMAN_BH_P3_R10_C37,S5_cross_partition_group_tuple_cell
CondRxnBench-Benchmark-v0.1-splits-candidate.1,ahneman_doyle_buchwald_hartwig_2018,S5,AHNEMAN_BH_P3_R10_C38,S5_cross_partition_group_tuple_cell
CondRxnBench-Benchmark-v0.1-splits-candidate.1,ahneman_doyle_buchwald_hartwig_2018,S5,AHNEMAN_BH_P3_R10_C39,S5_cross_partition_group_tuple_cell
CondRxnBench-Benchmark-v0.1-splits-candidate.1,ahneman_doyle_buchwald_hartwig_2018,S5,AHNEMAN_BH_P3_R10_C40,S5_cross_partition_group_tuple_cell
CondRxnBench-Benchmark-v0.1-splits-candidate.1,ahneman_doyle_buchwald_hartwig_2018,S5,AHNEMAN_BH_P3_R10_C41,S5_cross_partition_group_tuple_cell
CondRxnBench-Benchmark-v0.1-splits-candidate.1,ahneman_doyle_buchwald_hartwig_2018,S5,AHNEMAN_BH_P3_R10_C42,S5_cross_partition_group_tuple_cell
CondRxnBench-Benchmark-v0.1-splits-candidate.1,ahneman_doyle_buchwald_hartwig_2018,S5,AHNEMAN_BH_P3_R10_C43,S5_cross_partition_group_tuple_cell
CondRxnBench-Benchmark-v0.1-splits-candidate.1,ahneman_doyle_buchwald_hartwig_2018,S5,AHNEMAN_BH_P3_R10_C46,S5_cross_partition_group_tuple_cell
CondRxnBench-Benchmark-v0.1-splits-candidate.1,ahneman_doyle_buchwald_hartwig_2018,S5,AHNEMAN_BH_P3_R10_C47,S5_cross_partition_group_tuple_cell
CondRxnBench-Benchmark-v0.1-splits-candidate.1,ahneman_doyle_buchwald_hartwig_2018,S5,AHNEMAN_BH_P3_R11_C01,S5_cross_partition_group_tuple_cell
CondRxnBench-Benchmark-v0.1-splits-candidate.1,ahneman_doyle_buchwald_hartwig_2018,S5,AHNEMAN_BH_P3_R11_C03,S5_cross_partition_group_tuple_cell
CondRxnBench-Benchmark-v0.1-splits-candidate.1,ahneman_doyle_buchwald_hartwig_2018,S5,AHNEMAN_BH_P3_R11_C06,S5_cross_partition_group_tuple_cell
CondRxnBench-Benchmark-v0.1-splits-candidate.1,ahneman_doyle_buchwald_hartwig_2018,S5,AHNEMAN_BH_P3_R11_C12,S5_cross_partition_group_tuple_cell
CondRxnBench-Benchmark-v0.1-splits-candidate.1,ahneman_doyle_buchwald_hartwig_2018,S5,AHNEMAN_BH_P3_R11_C13,S5_cross_partition_group_tuple_cell
CondRxnBench-Benchmark-v0.1-splits-candidate.1,ahneman_doyle_buchwald_hartwig_2018,S5,AHNEMAN_BH_P3_R11_C17,S5_cross_partition_group_tuple_cell
CondRxnBench-Benchmark-v0.1-splits-candidate.1,ahneman_doyle_buchwald_hartwig_2018,S5,AHNEMAN_BH_P3_R11_C19,S5_cross_partition_group_tuple_cell
CondRxnBench-Benchmark-v0.1-splits-candidate.1,ahneman_doyle_buchwald_hartwig_2018,S5,AHNEMAN_BH_P3_R11_C22,S5_cross_partition_group_tuple_cell
CondRxnBench-Benchmark-v0.1-splits-candidate.1,ahneman_doyle_buchwald_hartwig_2018,S5,AHNEMAN_BH_P3_R11_C28,S5_cross_partition_group_tuple_cell
CondRxnBench-Benchmark-v0.1-splits-candidate.1,ahneman_doyle_buchwald_hartwig_2018,S5,AHNEMAN_BH_P3_R11_C29,S5_cross_partition_group_tuple_cell
CondRxnBench-Benchmark-v0.1-splits-candidate.1,ahneman_doyle_buchwald_hartwig_2018,S5,AHNEMAN_BH_P3_R11_C33,S5_cross_partition_group_tuple_cell
CondRxnBench-Benchmark-v0.1-splits-candidate.1,ahneman_doyle_buchwald_hartwig_2018,S5,AHNEMAN_BH_P3_R11_C34,S5_cross_partition_group_tuple_cell
CondRxnBench-Benchmark-v0.1-splits-candidate.1,ahneman_doyle_buchwald_hartwig_2018,S5,AHNEMAN_BH_P3_R11_C35,S5_cross_partition_group_tuple_cell
CondRxnBench-Benchmark-v0.1-splits-candidate.1,ahneman_doyle_buchwald_hartwig_2018,S5,AHNEMAN_BH_P3_R11_C36,S5_cross_partition_group_tuple_cell
CondRxnBench-Benchmark-v0.1-splits-candidate.1,ahneman_doyle_buchwald_hartwig_2018,S5,AHNEMAN_BH_P3_R11_C37,S5_cross_partition_group_tuple_cell
CondRxnBench-Benchmark-v0.1-splits-candidate.1,ahneman_doyle_buchwald_hartwig_2018,S5,AHNEMAN_BH_P3_R11_C38,S5_cross_partition_group_tuple_cell
CondRxnBench-Benchmark-v0.1-splits-candidate.1,ahneman_doyle_buchwald_hartwig_2018,S5,AHNEMAN_BH_P3_R11_C39,S5_cross_partition_group_tuple_cell
CondRxnBench-Benchmark-v0.1-splits-candidate.1,ahneman_doyle_buchwald_hartwig_2018,S5,AHNEMAN_BH_P3_R11_C40,S5_cross_partition_group_tuple_cell
CondRxnBench-Benchmark-v0.1-splits-candidate.1,ahneman_doyle_buchwald_hartwig_2018,S5,AHNEMAN_BH_P3_R11_C41,S5_cross_partition_group_tuple_cell
CondRxnBench-Benchmark-v0.1-splits-candidate.1,ahneman_doyle_buchwald_hartwig_2018,S5,AHNEMAN_BH_P3_R11_C42,S5_cross_partition_group_tuple_cell
CondRxnBench-Benchmark-v0.1-splits-candidate.1,ahneman_doyle_buchwald_hartwig_2018,S5,AHNEMAN_BH_P3_R11_C43,S5_cross_partition_group_tuple_cell
CondRxnBench-Benchmark-v0.1-splits-candidate.1,ahneman_doyle_buchwald_hartwig_2018,S5,AHNEMAN_BH_P3_R11_C46,S5_cross_partition_group_tuple_cell
CondRxnBench-Benchmark-v0.1-splits-candidate.1,ahneman_doyle_buchwald_hartwig_2018,S5,AHNEMAN_BH_P3_R11_C47,S5_cross_partition_group_tuple_cell
CondRxnBench-Benchmark-v0.1-splits-candidate.1,ahneman_doyle_buchwald_hartwig_2018,S5,AHNEMAN_BH_P3_R12_C01,S5_cross_partition_group_tuple_cell
CondRxnBench-Benchmark-v0.1-splits-candidate.1,ahneman_doyle_buchwald_hartwig_2018,S5,AHNEMAN_BH_P3_R12_C03,S5_cross_partition_group_tuple_cell
CondRxnBench-Benchmark-v0.1-splits-candidate.1,ahneman_doyle_buchwald_hartwig_2018,S5,AHNEMAN_BH_P3_R12_C06,S5_cross_partition_group_tuple_cell
CondRxnBench-Benchmark-v0.1-splits-candidate.1,ahneman_doyle_buchwald_hartwig_2018,S5,AHNEMAN_BH_P3_R12_C12,S5_cross_partition_group_tuple_cell
CondRxnBench-Benchmark-v0.1-splits-candidate.1,ahneman_doyle_buchwald_hartwig_2018,S5,AHNEMAN_BH_P3_R12_C13,S5_cross_partition_group_tuple_cell
CondRxnBench-Benchmark-v0.1-splits-candidate.1,ahneman_doyle_buchwald_hartwig_2018,S5,AHNEMAN_BH_P3_R12_C17,S5_cross_partition_group_tuple_cell
CondRxnBench-Benchmark-v0.1-splits-candidate.1,ahneman_doyle_buchwald_hartwig_2018,S5,AHNEMAN_BH_P3_R12_C19,S5_cross_partition_group_tuple_cell
CondRxnBench-Benchmark-v0.1-splits-candidate.1,ahneman_doyle_buchwald_hartwig_2018,S5,AHNEMAN_BH_P3_R12_C22,S5_cross_partition_group_tuple_cell
CondRxnBench-Benchmark-v0.1-splits-candidate.1,ahneman_doyle_buchwald_hartwig_2018,S5,AHNEMAN_BH_P3_R12_C28,S5_cross_partition_group_tuple_cell
CondRxnBench-Benchmark-v0.1-splits-candidate.1,ahneman_doyle_buchwald_hartwig_2018,S5,AHNEMAN_BH_P3_R12_C29,S5_cross_partition_group_tuple_cell
CondRxnBench-Benchmark-v0.1-splits-candidate.1,ahneman_doyle_buchwald_hartwig_2018,S5,AHNEMAN_BH_P3_R12_C33,S5_cross_partition_group_tuple_cell
CondRxnBench-Benchmark-v0.1-splits-candidate.1,ahneman_doyle_buchwald_hartwig_2018,S5,AHNEMAN_BH_P3_R12_C34,S5_cross_partition_group_tuple_cell
CondRxnBench-Benchmark-v0.1-splits-candidate.1,ahneman_doyle_buchwald_hartwig_2018,S5,AHNEMAN_BH_P3_R12_C35,S5_cross_partition_group_tuple_cell
CondRxnBench-Benchmark-v0.1-splits-candidate.1,ahneman_doyle_buchwald_hartwig_2018,S5,AHNEMAN_BH_P3_R12_C36,S5_cross_partition_group_tuple_cell
CondRxnBench-Benchmark-v0.1-splits-candidate.1,ahneman_doyle_buchwald_hartwig_2018,S5,AHNEMAN_BH_P3_R12_C37,S5_cross_partition_group_tuple_cell
CondRxnBench-Benchmark-v0.1-splits-candidate.1,ahneman_doyle_buchwald_hartwig_2018,S5,AHNEMAN_BH_P3_R12_C38,S5_cross_partition_group_tuple_cell
CondRxnBench-Benchmark-v0.1-splits-candidate.1,ahneman_doyle_buchwald_hartwig_2018,S5,AHNEMAN_BH_P3_R12_C39,S5_cross_partition_group_tuple_cell
CondRxnBench-Benchmark-v0.1-splits-candidate.1,ahneman_doyle_buchwald_hartwig_2018,S5,AHNEMAN_BH_P3_R12_C40,S5_cross_partition_group_tuple_cell
CondRxnBench-Benchmark-v0.1-splits-candidate.1,ahneman_doyle_buchwald_hartwig_2018,S5,AHNEMAN_BH_P3_R12_C41,S5_cross_partition_group_tuple_cell
CondRxnBench-Benchmark-v0.1-splits-candidate.1,ahneman_doyle_buchwald_hartwig_2018,S5,AHNEMAN_BH_P3_R12_C42,S5_cross_partition_group_tuple_cell
CondRxnBench-Benchmark-v0.1-splits-candidate.1,ahneman_doyle_buchwald_hartwig_2018,S5,AHNEMAN_BH_P3_R12_C43,S5_cross_partition_group_tuple_cell
CondRxnBench-Benchmark-v0.1-splits-candidate.1,ahneman_doyle_buchwald_hartwig_2018,S5,AHNEMAN_BH_P3_R12_C46,S5_cross_partition_group_tuple_cell
CondRxnBench-Benchmark-v0.1-splits-candidate.1,ahneman_doyle_buchwald_hartwig_2018,S5,AHNEMAN_BH_P3_R12_C47,S5_cross_partition_group_tuple_cell
CondRxnBench-Benchmark-v0.1-splits-candidate.1,ahneman_doyle_buchwald_hartwig_2018,S5,AHNEMAN_BH_P3_R13_C01,S5_cross_partition_group_tuple_cell
CondRxnBench-Benchmark-v0.1-splits-candidate.1,ahneman_doyle_buchwald_hartwig_2018,S5,AHNEMAN_BH_P3_R13_C03,S5_cross_partition_group_tuple_cell
CondRxnBench-Benchmark-v0.1-splits-candidate.1,ahneman_doyle_buchwald_hartwig_2018,S5,AHNEMAN_BH_P3_R13_C06,S5_cross_partition_group_tuple_cell
CondRxnBench-Benchmark-v0.1-splits-candidate.1,ahneman_doyle_buchwald_hartwig_2018,S5,AHNEMAN_BH_P3_R13_C12,S5_cross_partition_group_tuple_cell
CondRxnBench-Benchmark-v0.1-splits-candidate.1,ahneman_doyle_buchwald_hartwig_2018,S5,AHNEMAN_BH_P3_R13_C13,S5_cross_partition_group_tuple_cell
CondRxnBench-Benchmark-v0.1-splits-candidate.1,ahneman_doyle_buchwald_hartwig_2018,S5,AHNEMAN_BH_P3_R13_C17,S5_cross_partition_group_tuple_cell
CondRxnBench-Benchmark-v0.1-splits-candidate.1,ahneman_doyle_buchwald_hartwig_2018,S5,AHNEMAN_BH_P3_R13_C19,S5_cross_partition_group_tuple_cell
CondRxnBench-Benchmark-v0.1-splits-candidate.1,ahneman_doyle_buchwald_hartwig_2018,S5,AHNEMAN_BH_P3_R13_C22,S5_cross_partition_group_tuple_cell
CondRxnBench-Benchmark-v0.1-splits-candidate.1,ahneman_doyle_buchwald_hartwig_2018,S5,AHNEMAN_BH_P3_R13_C28,S5_cross_partition_group_tuple_cell
CondRxnBench-Benchmark-v0.1-splits-candidate.1,ahneman_doyle_buchwald_hartwig_2018,S5,AHNEMAN_BH_P3_R13_C29,S5_cross_partition_group_tuple_cell
CondRxnBench-Benchmark-v0.1-splits-candidate.1,ahneman_doyle_buchwald_hartwig_2018,S5,AHNEMAN_BH_P3_R13_C33,S5_cross_partition_group_tuple_cell
CondRxnBench-Benchmark-v0.1-splits-candidate.1,ahneman_doyle_buchwald_hartwig_2018,S5,AHNEMAN_BH_P3_R13_C35,S5_cross_partition_group_tuple_cell
CondRxnBench-Benchmark-v0.1-splits-candidate.1,ahneman_doyle_buchwald_hartwig_2018,S5,AHNEMAN_BH_P3_R13_C38,S5_cross_partition_group_tuple_cell
CondRxnBench-Benchmark-v0.1-splits-candidate.1,ahneman_doyle_buchwald_hartwig_2018,S5,AHNEMAN_BH_P3_R13_C44,S5_cross_partition_group_tuple_cell
CondRxnBench-Benchmark-v0.1-splits-candidate.1,ahneman_doyle_buchwald_hartwig_2018,S5,AHNEMAN_BH_P3_R13_C45,S5_cross_partition_group_tuple_cell
CondRxnBench-Benchmark-v0.1-splits-candidate.1,ahneman_doyle_buchwald_hartwig_2018,S5,AHNEMAN_BH_P3_R14_C01,S5_cross_partition_group_tuple_cell
CondRxnBench-Benchmark-v0.1-splits-candidate.1,ahneman_doyle_buchwald_hartwig_2018,S5,AHNEMAN_BH_P3_R14_C03,S5_cross_partition_group_tuple_cell
CondRxnBench-Benchmark-v0.1-splits-candidate.1,ahneman_doyle_buchwald_hartwig_2018,S5,AHNEMAN_BH_P3_R14_C06,S5_cross_partition_group_tuple_cell
CondRxnBench-Benchmark-v0.1-splits-candidate.1,ahneman_doyle_buchwald_hartwig_2018,S5,AHNEMAN_BH_P3_R14_C12,S5_cross_partition_group_tuple_cell
CondRxnBench-Benchmark-v0.1-splits-candidate.1,ahneman_doyle_buchwald_hartwig_2018,S5,AHNEMAN_BH_P3_R14_C13,S5_cross_partition_group_tuple_cell
CondRxnBench-Benchmark-v0.1-splits-candidate.1,ahneman_doyle_buchwald_hartwig_2018,S5,AHNEMAN_BH_P3_R14_C17,S5_cross_partition_group_tuple_cell
CondRxnBench-Benchmark-v0.1-splits-candidate.1,ahneman_doyle_buchwald_hartwig_2018,S5,AHNEMAN_BH_P3_R14_C18,S5_cross_partition_group_tuple_cell
CondRxnBench-Benchmark-v0.1-splits-candidate.1,ahneman_doyle_buchwald_hartwig_2018,S5,AHNEMAN_BH_P3_R14_C19,S5_cross_partition_group_tuple_cell
CondRxnBench-Benchmark-v0.1-splits-candidate.1,ahneman_doyle_buchwald_hartwig_2018,S5,AHNEMAN_BH_P3_R14_C20,S5_cross_partition_group_tuple_cell
CondRxnBench-Benchmark-v0.1-splits-candidate.1,ahneman_doyle_buchwald_hartwig_2018,S5,AHNEMAN_BH_P3_R14_C21,S5_cross_partition_group_tuple_cell
CondRxnBench-Benchmark-v0.1-splits-candidate.1,ahneman_doyle_buchwald_hartwig_2018,S5,AHNEMAN_BH_P3_R14_C22,S5_cross_partition_group_tuple_cell
CondRxnBench-Benchmark-v0.1-splits-candidate.1,ahneman_doyle_buchwald_hartwig_2018,S5,AHNEMAN_BH_P3_R14_C23,S5_cross_partition_group_tuple_cell
CondRxnBench-Benchmark-v0.1-splits-candidate.1,ahneman_doyle_buchwald_hartwig_2018,S5,AHNEMAN_BH_P3_R14_C24,S5_cross_partition_group_tuple_cell
CondRxnBench-Benchmark-v0.1-splits-candidate.1,ahneman_doyle_buchwald_hartwig_2018,S5,AHNEMAN_BH_P3_R14_C25,S5_cross_partition_group_tuple_cell
CondRxnBench-Benchmark-v0.1-splits-candidate.1,ahneman_doyle_buchwald_hartwig_2018,S5,AHNEMAN_BH_P3_R14_C26,S5_cross_partition_group_tuple_cell
CondRxnBench-Benchmark-v0.1-splits-candidate.1,ahneman_doyle_buchwald_hartwig_2018,S5,AHNEMAN_BH_P3_R14_C27,S5_cross_partition_group_tuple_cell
CondRxnBench-Benchmark-v0.1-splits-candidate.1,ahneman_doyle_buchwald_hartwig_2018,S5,AHNEMAN_BH_P3_R14_C30,S5_cross_partition_group_tuple_cell
CondRxnBench-Benchmark-v0.1-splits-candidate.1,ahneman_doyle_buchwald_hartwig_2018,S5,AHNEMAN_BH_P3_R14_C31,S5_cross_partition_group_tuple_cell
CondRxnBench-Benchmark-v0.1-splits-candidate.1,ahneman_doyle_buchwald_hartwig_2018,S5,AHNEMAN_BH_P3_R14_C34,S5_cross_partition_group_tuple_cell
CondRxnBench-Benchmark-v0.1-splits-candidate.1,ahneman_doyle_buchwald_hartwig_2018,S5,AHNEMAN_BH_P3_R14_C36,S5_cross_partition_group_tuple_cell
CondRxnBench-Benchmark-v0.1-splits-candidate.1,ahneman_doyle_buchwald_hartwig_2018,S5,AHNEMAN_BH_P3_R14_C37,S5_cross_partition_group_tuple_cell
CondRxnBench-Benchmark-v0.1-splits-candidate.1,ahneman_doyle_buchwald_hartwig_2018,S5,AHNEMAN_BH_P3_R14_C39,S5_cross_partition_group_tuple_cell
CondRxnBench-Benchmark-v0.1-splits-candidate.1,ahneman_doyle_buchwald_hartwig_2018,S5,AHNEMAN_BH_P3_R14_C40,S5_cross_partition_group_tuple_cell
CondRxnBench-Benchmark-v0.1-splits-candidate.1,ahneman_doyle_buchwald_hartwig_2018,S5,AHNEMAN_BH_P3_R14_C41,S5_cross_partition_group_tuple_cell
CondRxnBench-Benchmark-v0.1-splits-candidate.1,ahneman_doyle_buchwald_hartwig_2018,S5,AHNEMAN_BH_P3_R14_C42,S5_cross_partition_group_tuple_cell
CondRxnBench-Benchmark-v0.1-splits-candidate.1,ahneman_doyle_buchwald_hartwig_2018,S5,AHNEMAN_BH_P3_R14_C43,S5_cross_partition_group_tuple_cell
CondRxnBench-Benchmark-v0.1-splits-candidate.1,ahneman_doyle_buchwald_hartwig_2018,S5,AHNEMAN_BH_P3_R14_C44,S5_cross_partition_group_tuple_cell
CondRxnBench-Benchmark-v0.1-splits-candidate.1,ahneman_doyle_buchwald_hartwig_2018,S5,AHNEMAN_BH_P3_R14_C45,S5_cross_partition_group_tuple_cell
CondRxnBench-Benchmark-v0.1-splits-candidate.1,ahneman_doyle_buchwald_hartwig_2018,S5,AHNEMAN_BH_P3_R14_C46,S5_cross_partition_group_tuple_cell
CondRxnBench-Benchmark-v0.1-splits-candidate.1,ahneman_doyle_buchwald_hartwig_2018,S5,AHNEMAN_BH_P3_R14_C47,S5_cross_partition_group_tuple_cell
CondRxnBench-Benchmark-v0.1-splits-candidate.1,ahneman_doyle_buchwald_hartwig_2018,S5,AHNEMAN_BH_P3_R15_C01,S5_cross_partition_group_tuple_cell
CondRxnBench-Benchmark-v0.1-splits-candidate.1,ahneman_doyle_buchwald_hartwig_2018,S5,AHNEMAN_BH_P3_R15_C03,S5_cross_partition_group_tuple_cell
CondRxnBench-Benchmark-v0.1-splits-candidate.1,ahneman_doyle_buchwald_hartwig_2018,S5,AHNEMAN_BH_P3_R15_C06,S5_cross_partition_group_tuple_cell
CondRxnBench-Benchmark-v0.1-splits-candidate.1,ahneman_doyle_buchwald_hartwig_2018,S5,AHNEMAN_BH_P3_R15_C12,S5_cross_partition_group_tuple_cell
CondRxnBench-Benchmark-v0.1-splits-candidate.1,ahneman_doyle_buchwald_hartwig_2018,S5,AHNEMAN_BH_P3_R15_C13,S5_cross_partition_group_tuple_cell
CondRxnBench-Benchmark-v0.1-splits-candidate.1,ahneman_doyle_buchwald_hartwig_2018,S5,AHNEMAN_BH_P3_R15_C18,S5_cross_partition_group_tuple_cell
CondRxnBench-Benchmark-v0.1-splits-candidate.1,ahneman_doyle_buchwald_hartwig_2018,S5,AHNEMAN_BH_P3_R15_C20,S5_cross_partition_group_tuple_cell
CondRxnBench-Benchmark-v0.1-splits-candidate.1,ahneman_doyle_buchwald_hartwig_2018,S5,AHNEMAN_BH_P3_R15_C21,S5_cross_partition_group_tuple_cell
CondRxnBench-Benchmark-v0.1-splits-candidate.1,ahneman_doyle_buchwald_hartwig_2018,S5,AHNEMAN_BH_P3_R15_C23,S5_cross_partition_group_tuple_cell
CondRxnBench-Benchmark-v0.1-splits-candidate.1,ahneman_doyle_buchwald_hartwig_2018,S5,AHNEMAN_BH_P3_R15_C24,S5_cross_partition_group_tuple_cell
CondRxnBench-Benchmark-v0.1-splits-candidate.1,ahneman_doyle_buchwald_hartwig_2018,S5,AHNEMAN_BH_P3_R15_C25,S5_cross_partition_group_tuple_cell
CondRxnBench-Benchmark-v0.1-splits-candidate.1,ahneman_doyle_buchwald_hartwig_2018,S5,AHNEMAN_BH_P3_R15_C26,S5_cross_partition_group_tuple_cell
CondRxnBench-Benchmark-v0.1-splits-candidate.1,ahneman_doyle_buchwald_hartwig_2018,S5,AHNEMAN_BH_P3_R15_C27,S5_cross_partition_group_tuple_cell
CondRxnBench-Benchmark-v0.1-splits-candidate.1,ahneman_doyle_buchwald_hartwig_2018,S5,AHNEMAN_BH_P3_R15_C28,S5_cross_partition_group_tuple_cell
CondRxnBench-Benchmark-v0.1-splits-candidate.1,ahneman_doyle_buchwald_hartwig_2018,S5,AHNEMAN_BH_P3_R15_C29,S5_cross_partition_group_tuple_cell
CondRxnBench-Benchmark-v0.1-splits-candidate.1,ahneman_doyle_buchwald_hartwig_2018,S5,AHNEMAN_BH_P3_R15_C30,S5_cross_partition_group_tuple_cell
CondRxnBench-Benchmark-v0.1-splits-candidate.1,ahneman_doyle_buchwald_hartwig_2018,S5,AHNEMAN_BH_P3_R15_C31,S5_cross_partition_group_tuple_cell
CondRxnBench-Benchmark-v0.1-splits-candidate.1,ahneman_doyle_buchwald_hartwig_2018,S5,AHNEMAN_BH_P3_R15_C33,S5_cross_partition_group_tuple_cell
CondRxnBench-Benchmark-v0.1-splits-candidate.1,ahneman_doyle_buchwald_hartwig_2018,S5,AHNEMAN_BH_P3_R15_C35,S5_cross_partition_group_tuple_cell
CondRxnBench-Benchmark-v0.1-splits-candidate.1,ahneman_doyle_buchwald_hartwig_2018,S5,AHNEMAN_BH_P3_R15_C38,S5_cross_partition_group_tuple_cell
CondRxnBench-Benchmark-v0.1-splits-candidate.1,ahneman_doyle_buchwald_hartwig_2018,S5,AHNEMAN_BH_P3_R15_C44,S5_cross_partition_group_tuple_cell
CondRxnBench-Benchmark-v0.1-splits-candidate.1,ahneman_doyle_buchwald_hartwig_2018,S5,AHNEMAN_BH_P3_R15_C45,S5_cross_partition_group_tuple_cell
CondRxnBench-Benchmark-v0.1-splits-candidate.1,ahneman_doyle_buchwald_hartwig_2018,S5,AHNEMAN_BH_P3_R16_C01,S5_cross_partition_group_tuple_cell
CondRxnBench-Benchmark-v0.1-splits-candidate.1,ahneman_doyle_buchwald_hartwig_2018,S5,AHNEMAN_BH_P3_R16_C03,S5_cross_partition_group_tuple_cell
CondRxnBench-Benchmark-v0.1-splits-candidate.1,ahneman_doyle_buchwald_hartwig_2018,S5,AHNEMAN_BH_P3_R16_C06,S5_cross_partition_group_tuple_cell
CondRxnBench-Benchmark-v0.1-splits-candidate.1,ahneman_doyle_buchwald_hartwig_2018,S5,AHNEMAN_BH_P3_R16_C12,S5_cross_partition_group_tuple_cell
CondRxnBench-Benchmark-v0.1-splits-candidate.1,ahneman_doyle_buchwald_hartwig_2018,S5,AHNEMAN_BH_P3_R16_C13,S5_cross_partition_group_tuple_cell
CondRxnBench-Benchmark-v0.1-splits-candidate.1,ahneman_doyle_buchwald_hartwig_2018,S5,AHNEMAN_BH_P3_R16_C17,S5_cross_partition_group_tuple_cell
CondRxnBench-Benchmark-v0.1-splits-candidate.1,ahneman_doyle_buchwald_hartwig_2018,S5,AHNEMAN_BH_P3_R16_C18,S5_cross_partition_group_tuple_cell
CondRxnBench-Benchmark-v0.1-splits-candidate.1,ahneman_doyle_buchwald_hartwig_2018,S5,AHNEMAN_BH_P3_R16_C19,S5_cross_partition_group_tuple_cell
CondRxnBench-Benchmark-v0.1-splits-candidate.1,ahneman_doyle_buchwald_hartwig_2018,S5,AHNEMAN_BH_P3_R16_C20,S5_cross_partition_group_tuple_cell
CondRxnBench-Benchmark-v0.1-splits-candidate.1,ahneman_doyle_buchwald_hartwig_2018,S5,AHNEMAN_BH_P3_R16_C21,S5_cross_partition_group_tuple_cell
CondRxnBench-Benchmark-v0.1-splits-candidate.1,ahneman_doyle_buchwald_hartwig_2018,S5,AHNEMAN_BH_P3_R16_C22,S5_cross_partition_group_tuple_cell
CondRxnBench-Benchmark-v0.1-splits-candidate.1,ahneman_doyle_buchwald_hartwig_2018,S5,AHNEMAN_BH_P3_R16_C23,S5_cross_partition_group_tuple_cell
CondRxnBench-Benchmark-v0.1-splits-candidate.1,ahneman_doyle_buchwald_hartwig_2018,S5,AHNEMAN_BH_P3_R16_C24,S5_cross_partition_group_tuple_cell
CondRxnBench-Benchmark-v0.1-splits-candidate.1,ahneman_doyle_buchwald_hartwig_2018,S5,AHNEMAN_BH_P3_R16_C25,S5_cross_partition_group_tuple_cell
CondRxnBench-Benchmark-v0.1-splits-candidate.1,ahneman_doyle_buchwald_hartwig_2018,S5,AHNEMAN_BH_P3_R16_C26,S5_cross_partition_group_tuple_cell
CondRxnBench-Benchmark-v0.1-splits-candidate.1,ahneman_doyle_buchwald_hartwig_2018,S5,AHNEMAN_BH_P3_R16_C27,S5_cross_partition_group_tuple_cell
CondRxnBench-Benchmark-v0.1-splits-candidate.1,ahneman_doyle_buchwald_hartwig_2018,S5,AHNEMAN_BH_P3_R16_C30,S5_cross_partition_group_tuple_cell
CondRxnBench-Benchmark-v0.1-splits-candidate.1,ahneman_doyle_buchwald_hartwig_2018,S5,AHNEMAN_BH_P3_R16_C31,S5_cross_partition_group_tuple_cell
CondRxnBench-Benchmark-v0.1-splits-candidate.1,ahneman_doyle_buchwald_hartwig_2018,S5,AHNEMAN_BH_P3_R16_C33,S5_cross_partition_group_tuple_cell
CondRxnBench-Benchmark-v0.1-splits-candidate.1,ahneman_doyle_buchwald_hartwig_2018,S5,AHNEMAN_BH_P3_R16_C35,S5_cross_partition_group_tuple_cell
CondRxnBench-Benchmark-v0.1-splits-candidate.1,ahneman_doyle_buchwald_hartwig_2018,S5,AHNEMAN_BH_P3_R16_C38,S5_cross_partition_group_tuple_cell
CondRxnBench-Benchmark-v0.1-splits-candidate.1,ahneman_doyle_buchwald_hartwig_2018,S5,AHNEMAN_BH_P3_R16_C44,S5_cross_partition_group_tuple_cell
CondRxnBench-Benchmark-v0.1-splits-candidate.1,ahneman_doyle_buchwald_hartwig_2018,S5,AHNEMAN_BH_P3_R16_C45,S5_cross_partition_group_tuple_cell
CondRxnBench-Benchmark-v0.1-splits-candidate.1,ahneman_doyle_buchwald_hartwig_2018,S5,AHNEMAN_BH_P3_R17_C02,S5_cross_partition_group_tuple_cell
CondRxnBench-Benchmark-v0.1-splits-candidate.1,ahneman_doyle_buchwald_hartwig_2018,S5,AHNEMAN_BH_P3_R17_C04,S5_cross_partition_group_tuple_cell
CondRxnBench-Benchmark-v0.1-splits-candidate.1,ahneman_doyle_buchwald_hartwig_2018,S5,AHNEMAN_BH_P3_R17_C05,S5_cross_partition_group_tuple_cell
CondRxnBench-Benchmark-v0.1-splits-candidate.1,ahneman_doyle_buchwald_hartwig_2018,S5,AHNEMAN_BH_P3_R17_C07,S5_cross_partition_group_tuple_cell
CondRxnBench-Benchmark-v0.1-splits-candidate.1,ahneman_doyle_buchwald_hartwig_2018,S5,AHNEMAN_BH_P3_R17_C08,S5_cross_partition_group_tuple_cell
CondRxnBench-Benchmark-v0.1-splits-candidate.1,ahneman_doyle_buchwald_hartwig_2018,S5,AHNEMAN_BH_P3_R17_C09,S5_cross_partition_group_tuple_cell
CondRxnBench-Benchmark-v0.1-splits-candidate.1,ahneman_doyle_buchwald_hartwig_2018,S5,AHNEMAN_BH_P3_R17_C10,S5_cross_partition_group_tuple_cell
CondRxnBench-Benchmark-v0.1-splits-candidate.1,ahneman_doyle_buchwald_hartwig_2018,S5,AHNEMAN_BH_P3_R17_C11,S5_cross_partition_group_tuple_cell
CondRxnBench-Benchmark-v0.1-splits-candidate.1,ahneman_doyle_buchwald_hartwig_2018,S5,AHNEMAN_BH_P3_R17_C12,S5_cross_partition_group_tuple_cell
CondRxnBench-Benchmark-v0.1-splits-candidate.1,ahneman_doyle_buchwald_hartwig_2018,S5,AHNEMAN_BH_P3_R17_C13,S5_cross_partition_group_tuple_cell
CondRxnBench-Benchmark-v0.1-splits-candidate.1,ahneman_doyle_buchwald_hartwig_2018,S5,AHNEMAN_BH_P3_R17_C14,S5_cross_partition_group_tuple_cell
CondRxnBench-Benchmark-v0.1-splits-candidate.1,ahneman_doyle_buchwald_hartwig_2018,S5,AHNEMAN_BH_P3_R17_C15,S5_cross_partition_group_tuple_cell
CondRxnBench-Benchmark-v0.1-splits-candidate.1,ahneman_doyle_buchwald_hartwig_2018,S5,AHNEMAN_BH_P3_R17_C18,S5_cross_partition_group_tuple_cell
CondRxnBench-Benchmark-v0.1-splits-candidate.1,ahneman_doyle_buchwald_hartwig_2018,S5,AHNEMAN_BH_P3_R17_C20,S5_cross_partition_group_tuple_cell
CondRxnBench-Benchmark-v0.1-splits-candidate.1,ahneman_doyle_buchwald_hartwig_2018,S5,AHNEMAN_BH_P3_R17_C21,S5_cross_partition_group_tuple_cell
CondRxnBench-Benchmark-v0.1-splits-candidate.1,ahneman_doyle_buchwald_hartwig_2018,S5,AHNEMAN_BH_P3_R17_C23,S5_cross_partition_group_tuple_cell
CondRxnBench-Benchmark-v0.1-splits-candidate.1,ahneman_doyle_buchwald_hartwig_2018,S5,AHNEMAN_BH_P3_R17_C24,S5_cross_partition_group_tuple_cell
CondRxnBench-Benchmark-v0.1-splits-candidate.1,ahneman_doyle_buchwald_hartwig_2018,S5,AHNEMAN_BH_P3_R17_C25,S5_cross_partition_group_tuple_cell
CondRxnBench-Benchmark-v0.1-splits-candidate.1,ahneman_doyle_buchwald_hartwig_2018,S5,AHNEMAN_BH_P3_R17_C26,S5_cross_partition_group_tuple_cell
CondRxnBench-Benchmark-v0.1-splits-candidate.1,ahneman_doyle_buchwald_hartwig_2018,S5,AHNEMAN_BH_P3_R17_C27,S5_cross_partition_group_tuple_cell
CondRxnBench-Benchmark-v0.1-splits-candidate.1,ahneman_doyle_buchwald_hartwig_2018,S5,AHNEMAN_BH_P3_R17_C28,S5_cross_partition_group_tuple_cell
CondRxnBench-Benchmark-v0.1-splits-candidate.1,ahneman_doyle_buchwald_hartwig_2018,S5,AHNEMAN_BH_P3_R17_C29,S5_cross_partition_group_tuple_cell
CondRxnBench-Benchmark-v0.1-splits-candidate.1,ahneman_doyle_buchwald_hartwig_2018,S5,AHNEMAN_BH_P3_R17_C30,S5_cross_partition_group_tuple_cell
CondRxnBench-Benchmark-v0.1-splits-candidate.1,ahneman_doyle_buchwald_hartwig_2018,S5,AHNEMAN_BH_P3_R17_C31,S5_cross_partition_group_tuple_cell
CondRxnBench-Benchmark-v0.1-splits-candidate.1,ahneman_doyle_buchwald_hartwig_2018,S5,AHNEMAN_BH_P3_R17_C33,S5_cross_partition_group_tuple_cell
CondRxnBench-Benchmark-v0.1-splits-candidate.1,ahneman_doyle_buchwald_hartwig_2018,S5,AHNEMAN_BH_P3_R17_C35,S5_cross_partition_group_tuple_cell
CondRxnBench-Benchmark-v0.1-splits-candidate.1,ahneman_doyle_buchwald_hartwig_2018,S5,AHNEMAN_BH_P3_R17_C38,S5_cross_partition_group_tuple_cell
CondRxnBench-Benchmark-v0.1-splits-candidate.1,ahneman_doyle_buchwald_hartwig_2018,S5,AHNEMAN_BH_P3_R17_C44,S5_cross_partition_group_tuple_cell
CondRxnBench-Benchmark-v0.1-splits-candidate.1,ahneman_doyle_buchwald_hartwig_2018,S5,AHNEMAN_BH_P3_R17_C45,S5_cross_partition_group_tuple_cell
CondRxnBench-Benchmark-v0.1-splits-candidate.1,ahneman_doyle_buchwald_hartwig_2018,S5,AHNEMAN_BH_P3_R18_C01,S5_cross_partition_group_tuple_cell
CondRxnBench-Benchmark-v0.1-splits-candidate.1,ahneman_doyle_buchwald_hartwig_2018,S5,AHNEMAN_BH_P3_R18_C03,S5_cross_partition_group_tuple_cell
CondRxnBench-Benchmark-v0.1-splits-candidate.1,ahneman_doyle_buchwald_hartwig_2018,S5,AHNEMAN_BH_P3_R18_C06,S5_cross_partition_group_tuple_cell
CondRxnBench-Benchmark-v0.1-splits-candidate.1,ahneman_doyle_buchwald_hartwig_2018,S5,AHNEMAN_BH_P3_R18_C12,S5_cross_partition_group_tuple_cell
CondRxnBench-Benchmark-v0.1-splits-candidate.1,ahneman_doyle_buchwald_hartwig_2018,S5,AHNEMAN_BH_P3_R18_C13,S5_cross_partition_group_tuple_cell
CondRxnBench-Benchmark-v0.1-splits-candidate.1,ahneman_doyle_buchwald_hartwig_2018,S5,AHNEMAN_BH_P3_R18_C17,S5_cross_partition_group_tuple_cell
CondRxnBench-Benchmark-v0.1-splits-candidate.1,ahneman_doyle_buchwald_hartwig_2018,S5,AHNEMAN_BH_P3_R18_C19,S5_cross_partition_group_tuple_cell
CondRxnBench-Benchmark-v0.1-splits-candidate.1,ahneman_doyle_buchwald_hartwig_2018,S5,AHNEMAN_BH_P3_R18_C22,S5_cross_partition_group_tuple_cell
CondRxnBench-Benchmark-v0.1-splits-candidate.1,ahneman_doyle_buchwald_hartwig_2018,S5,AHNEMAN_BH_P3_R18_C28,S5_cross_partition_group_tuple_cell
CondRxnBench-Benchmark-v0.1-splits-candidate.1,ahneman_doyle_buchwald_hartwig_2018,S5,AHNEMAN_BH_P3_R18_C29,S5_cross_partition_group_tuple_cell
CondRxnBench-Benchmark-v0.1-splits-candidate.1,ahneman_doyle_buchwald_hartwig_2018,S5,AHNEMAN_BH_P3_R18_C33,S5_cross_partition_group_tuple_cell
CondRxnBench-Benchmark-v0.1-splits-candidate.1,ahneman_doyle_buchwald_hartwig_2018,S5,AHNEMAN_BH_P3_R18_C35,S5_cross_partition_group_tuple_cell
CondRxnBench-Benchmark-v0.1-splits-candidate.1,ahneman_doyle_buchwald_hartwig_2018,S5,AHNEMAN_BH_P3_R18_C38,S5_cross_partition_group_tuple_cell
CondRxnBench-Benchmark-v0.1-splits-candidate.1,ahneman_doyle_buchwald_hartwig_2018,S5,AHNEMAN_BH_P3_R18_C44,S5_cross_partition_group_tuple_cell
CondRxnBench-Benchmark-v0.1-splits-candidate.1,ahneman_doyle_buchwald_hartwig_2018,S5,AHNEMAN_BH_P3_R18_C45,S5_cross_partition_group_tuple_cell
CondRxnBench-Benchmark-v0.1-splits-candidate.1,ahneman_doyle_buchwald_hartwig_2018,S5,AHNEMAN_BH_P3_R19_C01,S5_cross_partition_group_tuple_cell
CondRxnBench-Benchmark-v0.1-splits-candidate.1,ahneman_doyle_buchwald_hartwig_2018,S5,AHNEMAN_BH_P3_R19_C03,S5_cross_partition_group_tuple_cell
CondRxnBench-Benchmark-v0.1-splits-candidate.1,ahneman_doyle_buchwald_hartwig_2018,S5,AHNEMAN_BH_P3_R19_C06,S5_cross_partition_group_tuple_cell
CondRxnBench-Benchmark-v0.1-splits-candidate.1,ahneman_doyle_buchwald_hartwig_2018,S5,AHNEMAN_BH_P3_R19_C12,S5_cross_partition_group_tuple_cell
CondRxnBench-Benchmark-v0.1-splits-candidate.1,ahneman_doyle_buchwald_hartwig_2018,S5,AHNEMAN_BH_P3_R19_C13,S5_cross_partition_group_tuple_cell
CondRxnBench-Benchmark-v0.1-splits-candidate.1,ahneman_doyle_buchwald_hartwig_2018,S5,AHNEMAN_BH_P3_R19_C18,S5_cross_partition_group_tuple_cell
CondRxnBench-Benchmark-v0.1-splits-candidate.1,ahneman_doyle_buchwald_hartwig_2018,S5,AHNEMAN_BH_P3_R19_C20,S5_cross_partition_group_tuple_cell
CondRxnBench-Benchmark-v0.1-splits-candidate.1,ahneman_doyle_buchwald_hartwig_2018,S5,AHNEMAN_BH_P3_R19_C21,S5_cross_partition_group_tuple_cell
CondRxnBench-Benchmark-v0.1-splits-candidate.1,ahneman_doyle_buchwald_hartwig_2018,S5,AHNEMAN_BH_P3_R19_C23,S5_cross_partition_group_tuple_cell
CondRxnBench-Benchmark-v0.1-splits-candidate.1,ahneman_doyle_buchwald_hartwig_2018,S5,AHNEMAN_BH_P3_R19_C24,S5_cross_partition_group_tuple_cell
CondRxnBench-Benchmark-v0.1-splits-candidate.1,ahneman_doyle_buchwald_hartwig_2018,S5,AHNEMAN_BH_P3_R19_C25,S5_cross_partition_group_tuple_cell
CondRxnBench-Benchmark-v0.1-splits-candidate.1,ahneman_doyle_buchwald_hartwig_2018,S5,AHNEMAN_BH_P3_R19_C26,S5_cross_partition_group_tuple_cell
CondRxnBench-Benchmark-v0.1-splits-candidate.1,ahneman_doyle_buchwald_hartwig_2018,S5,AHNEMAN_BH_P3_R19_C27,S5_cross_partition_group_tuple_cell
CondRxnBench-Benchmark-v0.1-splits-candidate.1,ahneman_doyle_buchwald_hartwig_2018,S5,AHNEMAN_BH_P3_R19_C28,S5_cross_partition_group_tuple_cell
CondRxnBench-Benchmark-v0.1-splits-candidate.1,ahneman_doyle_buchwald_hartwig_2018,S5,AHNEMAN_BH_P3_R19_C29,S5_cross_partition_group_tuple_cell
CondRxnBench-Benchmark-v0.1-splits-candidate.1,ahneman_doyle_buchwald_hartwig_2018,S5,AHNEMAN_BH_P3_R19_C30,S5_cross_partition_group_tuple_cell
CondRxnBench-Benchmark-v0.1-splits-candidate.1,ahneman_doyle_buchwald_hartwig_2018,S5,AHNEMAN_BH_P3_R19_C31,S5_cross_partition_group_tuple_cell
CondRxnBench-Benchmark-v0.1-splits-candidate.1,ahneman_doyle_buchwald_hartwig_2018,S5,AHNEMAN_BH_P3_R19_C34,S5_cross_partition_group_tuple_cell
CondRxnBench-Benchmark-v0.1-splits-candidate.1,ahneman_doyle_buchwald_hartwig_2018,S5,AHNEMAN_BH_P3_R19_C36,S5_cross_partition_group_tuple_cell
CondRxnBench-Benchmark-v0.1-splits-candidate.1,ahneman_doyle_buchwald_hartwig_2018,S5,AHNEMAN_BH_P3_R19_C37,S5_cross_partition_group_tuple_cell
CondRxnBench-Benchmark-v0.1-splits-candidate.1,ahneman_doyle_buchwald_hartwig_2018,S5,AHNEMAN_BH_P3_R19_C39,S5_cross_partition_group_tuple_cell
CondRxnBench-Benchmark-v0.1-splits-candidate.1,ahneman_doyle_buchwald_hartwig_2018,S5,AHNEMAN_BH_P3_R19_C40,S5_cross_partition_group_tuple_cell
CondRxnBench-Benchmark-v0.1-splits-candidate.1,ahneman_doyle_buchwald_hartwig_2018,S5,AHNEMAN_BH_P3_R19_C41,S5_cross_partition_group_tuple_cell
CondRxnBench-Benchmark-v0.1-splits-candidate.1,ahneman_doyle_buchwald_hartwig_2018,S5,AHNEMAN_BH_P3_R19_C42,S5_cross_partition_group_tuple_cell
CondRxnBench-Benchmark-v0.1-splits-candidate.1,ahneman_doyle_buchwald_hartwig_2018,S5,AHNEMAN_BH_P3_R19_C43,S5_cross_partition_group_tuple_cell
CondRxnBench-Benchmark-v0.1-splits-candidate.1,ahneman_doyle_buchwald_hartwig_2018,S5,AHNEMAN_BH_P3_R19_C44,S5_cross_partition_group_tuple_cell
CondRxnBench-Benchmark-v0.1-splits-candidate.1,ahneman_doyle_buchwald_hartwig_2018,S5,AHNEMAN_BH_P3_R19_C45,S5_cross_partition_group_tuple_cell
CondRxnBench-Benchmark-v0.1-splits-candidate.1,ahneman_doyle_buchwald_hartwig_2018,S5,AHNEMAN_BH_P3_R19_C46,S5_cross_partition_group_tuple_cell
CondRxnBench-Benchmark-v0.1-splits-candidate.1,ahneman_doyle_buchwald_hartwig_2018,S5,AHNEMAN_BH_P3_R19_C47,S5_cross_partition_group_tuple_cell
CondRxnBench-Benchmark-v0.1-splits-candidate.1,ahneman_doyle_buchwald_hartwig_2018,S5,AHNEMAN_BH_P3_R20_C01,S5_cross_partition_group_tuple_cell
CondRxnBench-Benchmark-v0.1-splits-candidate.1,ahneman_doyle_buchwald_hartwig_2018,S5,AHNEMAN_BH_P3_R20_C03,S5_cross_partition_group_tuple_cell
CondRxnBench-Benchmark-v0.1-splits-candidate.1,ahneman_doyle_buchwald_hartwig_2018,S5,AHNEMAN_BH_P3_R20_C06,S5_cross_partition_group_tuple_cell
CondRxnBench-Benchmark-v0.1-splits-candidate.1,ahneman_doyle_buchwald_hartwig_2018,S5,AHNEMAN_BH_P3_R20_C12,S5_cross_partition_group_tuple_cell
CondRxnBench-Benchmark-v0.1-splits-candidate.1,ahneman_doyle_buchwald_hartwig_2018,S5,AHNEMAN_BH_P3_R20_C13,S5_cross_partition_group_tuple_cell
CondRxnBench-Benchmark-v0.1-splits-candidate.1,ahneman_doyle_buchwald_hartwig_2018,S5,AHNEMAN_BH_P3_R20_C17,S5_cross_partition_group_tuple_cell
CondRxnBench-Benchmark-v0.1-splits-candidate.1,ahneman_doyle_buchwald_hartwig_2018,S5,AHNEMAN_BH_P3_R20_C19,S5_cross_partition_group_tuple_cell
CondRxnBench-Benchmark-v0.1-splits-candidate.1,ahneman_doyle_buchwald_hartwig_2018,S5,AHNEMAN_BH_P3_R20_C22,S5_cross_partition_group_tuple_cell
CondRxnBench-Benchmark-v0.1-splits-candidate.1,ahneman_doyle_buchwald_hartwig_2018,S5,AHNEMAN_BH_P3_R20_C28,S5_cross_partition_group_tuple_cell
CondRxnBench-Benchmark-v0.1-splits-candidate.1,ahneman_doyle_buchwald_hartwig_2018,S5,AHNEMAN_BH_P3_R20_C29,S5_cross_partition_group_tuple_cell
CondRxnBench-Benchmark-v0.1-splits-candidate.1,ahneman_doyle_buchwald_hartwig_2018,S5,AHNEMAN_BH_P3_R20_C33,S5_cross_partition_group_tuple_cell
CondRxnBench-Benchmark-v0.1-splits-candidate.1,ahneman_doyle_buchwald_hartwig_2018,S5,AHNEMAN_BH_P3_R20_C35,S5_cross_partition_group_tuple_cell
CondRxnBench-Benchmark-v0.1-splits-candidate.1,ahneman_doyle_buchwald_hartwig_2018,S5,AHNEMAN_BH_P3_R20_C38,S5_cross_partition_group_tuple_cell
CondRxnBench-Benchmark-v0.1-splits-candidate.1,ahneman_doyle_buchwald_hartwig_2018,S5,AHNEMAN_BH_P3_R20_C44,S5_cross_partition_group_tuple_cell
CondRxnBench-Benchmark-v0.1-splits-candidate.1,ahneman_doyle_buchwald_hartwig_2018,S5,AHNEMAN_BH_P3_R20_C45,S5_cross_partition_group_tuple_cell
CondRxnBench-Benchmark-v0.1-splits-candidate.1,ahneman_doyle_buchwald_hartwig_2018,S5,AHNEMAN_BH_P3_R21_C02,S5_cross_partition_group_tuple_cell
CondRxnBench-Benchmark-v0.1-splits-candidate.1,ahneman_doyle_buchwald_hartwig_2018,S5,AHNEMAN_BH_P3_R21_C04,S5_cross_partition_group_tuple_cell
CondRxnBench-Benchmark-v0.1-splits-candidate.1,ahneman_doyle_buchwald_hartwig_2018,S5,AHNEMAN_BH_P3_R21_C05,S5_cross_partition_group_tuple_cell
CondRxnBench-Benchmark-v0.1-splits-candidate.1,ahneman_doyle_buchwald_hartwig_2018,S5,AHNEMAN_BH_P3_R21_C07,S5_cross_partition_group_tuple_cell
CondRxnBench-Benchmark-v0.1-splits-candidate.1,ahneman_doyle_buchwald_hartwig_2018,S5,AHNEMAN_BH_P3_R21_C08,S5_cross_partition_group_tuple_cell
CondRxnBench-Benchmark-v0.1-splits-candidate.1,ahneman_doyle_buchwald_hartwig_2018,S5,AHNEMAN_BH_P3_R21_C09,S5_cross_partition_group_tuple_cell
CondRxnBench-Benchmark-v0.1-splits-candidate.1,ahneman_doyle_buchwald_hartwig_2018,S5,AHNEMAN_BH_P3_R21_C10,S5_cross_partition_group_tuple_cell
CondRxnBench-Benchmark-v0.1-splits-candidate.1,ahneman_doyle_buchwald_hartwig_2018,S5,AHNEMAN_BH_P3_R21_C11,S5_cross_partition_group_tuple_cell
CondRxnBench-Benchmark-v0.1-splits-candidate.1,ahneman_doyle_buchwald_hartwig_2018,S5,AHNEMAN_BH_P3_R21_C12,S5_cross_partition_group_tuple_cell
CondRxnBench-Benchmark-v0.1-splits-candidate.1,ahneman_doyle_buchwald_hartwig_2018,S5,AHNEMAN_BH_P3_R21_C13,S5_cross_partition_group_tuple_cell
CondRxnBench-Benchmark-v0.1-splits-candidate.1,ahneman_doyle_buchwald_hartwig_2018,S5,AHNEMAN_BH_P3_R21_C14,S5_cross_partition_group_tuple_cell
CondRxnBench-Benchmark-v0.1-splits-candidate.1,ahneman_doyle_buchwald_hartwig_2018,S5,AHNEMAN_BH_P3_R21_C15,S5_cross_partition_group_tuple_cell
CondRxnBench-Benchmark-v0.1-splits-candidate.1,ahneman_doyle_buchwald_hartwig_2018,S5,AHNEMAN_BH_P3_R21_C17,S5_cross_partition_group_tuple_cell
CondRxnBench-Benchmark-v0.1-splits-candidate.1,ahneman_doyle_buchwald_hartwig_2018,S5,AHNEMAN_BH_P3_R21_C19,S5_cross_partition_group_tuple_cell
CondRxnBench-Benchmark-v0.1-splits-candidate.1,ahneman_doyle_buchwald_hartwig_2018,S5,AHNEMAN_BH_P3_R21_C22,S5_cross_partition_group_tuple_cell
CondRxnBench-Benchmark-v0.1-splits-candidate.1,ahneman_doyle_buchwald_hartwig_2018,S5,AHNEMAN_BH_P3_R21_C28,S5_cross_partition_group_tuple_cell
CondRxnBench-Benchmark-v0.1-splits-candidate.1,ahneman_doyle_buchwald_hartwig_2018,S5,AHNEMAN_BH_P3_R21_C29,S5_cross_partition_group_tuple_cell
CondRxnBench-Benchmark-v0.1-splits-candidate.1,ahneman_doyle_buchwald_hartwig_2018,S5,AHNEMAN_BH_P3_R21_C33,S5_cross_partition_group_tuple_cell
CondRxnBench-Benchmark-v0.1-splits-candidate.1,ahneman_doyle_buchwald_hartwig_2018,S5,AHNEMAN_BH_P3_R21_C34,S5_cross_partition_group_tuple_cell
CondRxnBench-Benchmark-v0.1-splits-candidate.1,ahneman_doyle_buchwald_hartwig_2018,S5,AHNEMAN_BH_P3_R21_C35,S5_cross_partition_group_tuple_cell
CondRxnBench-Benchmark-v0.1-splits-candidate.1,ahneman_doyle_buchwald_hartwig_2018,S5,AHNEMAN_BH_P3_R21_C36,S5_cross_partition_group_tuple_cell
CondRxnBench-Benchmark-v0.1-splits-candidate.1,ahneman_doyle_buchwald_hartwig_2018,S5,AHNEMAN_BH_P3_R21_C37,S5_cross_partition_group_tuple_cell
CondRxnBench-Benchmark-v0.1-splits-candidate.1,ahneman_doyle_buchwald_hartwig_2018,S5,AHNEMAN_BH_P3_R21_C38,S5_cross_partition_group_tuple_cell
CondRxnBench-Benchmark-v0.1-splits-candidate.1,ahneman_doyle_buchwald_hartwig_2018,S5,AHNEMAN_BH_P3_R21_C39,S5_cross_partition_group_tuple_cell
CondRxnBench-Benchmark-v0.1-splits-candidate.1,ahneman_doyle_buchwald_hartwig_2018,S5,AHNEMAN_BH_P3_R21_C40,S5_cross_partition_group_tuple_cell
CondRxnBench-Benchmark-v0.1-splits-candidate.1,ahneman_doyle_buchwald_hartwig_2018,S5,AHNEMAN_BH_P3_R21_C41,S5_cross_partition_group_tuple_cell
CondRxnBench-Benchmark-v0.1-splits-candidate.1,ahneman_doyle_buchwald_hartwig_2018,S5,AHNEMAN_BH_P3_R21_C42,S5_cross_partition_group_tuple_cell
CondRxnBench-Benchmark-v0.1-splits-candidate.1,ahneman_doyle_buchwald_hartwig_2018,S5,AHNEMAN_BH_P3_R21_C43,S5_cross_partition_group_tuple_cell
CondRxnBench-Benchmark-v0.1-splits-candidate.1,ahneman_doyle_buchwald_hartwig_2018,S5,AHNEMAN_BH_P3_R21_C46,S5_cross_partition_group_tuple_cell
CondRxnBench-Benchmark-v0.1-splits-candidate.1,ahneman_doyle_buchwald_hartwig_2018,S5,AHNEMAN_BH_P3_R21_C47,S5_cross_partition_group_tuple_cell
CondRxnBench-Benchmark-v0.1-splits-candidate.1,ahneman_doyle_buchwald_hartwig_2018,S5,AHNEMAN_BH_P3_R22_C01,S5_cross_partition_group_tuple_cell
CondRxnBench-Benchmark-v0.1-splits-candidate.1,ahneman_doyle_buchwald_hartwig_2018,S5,AHNEMAN_BH_P3_R22_C03,S5_cross_partition_group_tuple_cell
CondRxnBench-Benchmark-v0.1-splits-candidate.1,ahneman_doyle_buchwald_hartwig_2018,S5,AHNEMAN_BH_P3_R22_C06,S5_cross_partition_group_tuple_cell
CondRxnBench-Benchmark-v0.1-splits-candidate.1,ahneman_doyle_buchwald_hartwig_2018,S5,AHNEMAN_BH_P3_R22_C12,S5_cross_partition_group_tuple_cell
CondRxnBench-Benchmark-v0.1-splits-candidate.1,ahneman_doyle_buchwald_hartwig_2018,S5,AHNEMAN_BH_P3_R22_C13,S5_cross_partition_group_tuple_cell
CondRxnBench-Benchmark-v0.1-splits-candidate.1,ahneman_doyle_buchwald_hartwig_2018,S5,AHNEMAN_BH_P3_R22_C17,S5_cross_partition_group_tuple_cell
CondRxnBench-Benchmark-v0.1-splits-candidate.1,ahneman_doyle_buchwald_hartwig_2018,S5,AHNEMAN_BH_P3_R22_C18,S5_cross_partition_group_tuple_cell
CondRxnBench-Benchmark-v0.1-splits-candidate.1,ahneman_doyle_buchwald_hartwig_2018,S5,AHNEMAN_BH_P3_R22_C19,S5_cross_partition_group_tuple_cell
CondRxnBench-Benchmark-v0.1-splits-candidate.1,ahneman_doyle_buchwald_hartwig_2018,S5,AHNEMAN_BH_P3_R22_C20,S5_cross_partition_group_tuple_cell
CondRxnBench-Benchmark-v0.1-splits-candidate.1,ahneman_doyle_buchwald_hartwig_2018,S5,AHNEMAN_BH_P3_R22_C21,S5_cross_partition_group_tuple_cell
CondRxnBench-Benchmark-v0.1-splits-candidate.1,ahneman_doyle_buchwald_hartwig_2018,S5,AHNEMAN_BH_P3_R22_C22,S5_cross_partition_group_tuple_cell
CondRxnBench-Benchmark-v0.1-splits-candidate.1,ahneman_doyle_buchwald_hartwig_2018,S5,AHNEMAN_BH_P3_R22_C23,S5_cross_partition_group_tuple_cell
CondRxnBench-Benchmark-v0.1-splits-candidate.1,ahneman_doyle_buchwald_hartwig_2018,S5,AHNEMAN_BH_P3_R22_C24,S5_cross_partition_group_tuple_cell
CondRxnBench-Benchmark-v0.1-splits-candidate.1,ahneman_doyle_buchwald_hartwig_2018,S5,AHNEMAN_BH_P3_R22_C25,S5_cross_partition_group_tuple_cell
CondRxnBench-Benchmark-v0.1-splits-candidate.1,ahneman_doyle_buchwald_hartwig_2018,S5,AHNEMAN_BH_P3_R22_C26,S5_cross_partition_group_tuple_cell
CondRxnBench-Benchmark-v0.1-splits-candidate.1,ahneman_doyle_buchwald_hartwig_2018,S5,AHNEMAN_BH_P3_R22_C27,S5_cross_partition_group_tuple_cell
CondRxnBench-Benchmark-v0.1-splits-candidate.1,ahneman_doyle_buchwald_hartwig_2018,S5,AHNEMAN_BH_P3_R22_C30,S5_cross_partition_group_tuple_cell
CondRxnBench-Benchmark-v0.1-splits-candidate.1,ahneman_doyle_buchwald_hartwig_2018,S5,AHNEMAN_BH_P3_R22_C31,S5_cross_partition_group_tuple_cell
CondRxnBench-Benchmark-v0.1-splits-candidate.1,ahneman_doyle_buchwald_hartwig_2018,S5,AHNEMAN_BH_P3_R22_C33,S5_cross_partition_group_tuple_cell
CondRxnBench-Benchmark-v0.1-splits-candidate.1,ahneman_doyle_buchwald_hartwig_2018,S5,AHNEMAN_BH_P3_R22_C34,S5_cross_partition_group_tuple_cell
CondRxnBench-Benchmark-v0.1-splits-candidate.1,ahneman_doyle_buchwald_hartwig_2018,S5,AHNEMAN_BH_P3_R22_C35,S5_cross_partition_group_tuple_cell
CondRxnBench-Benchmark-v0.1-splits-candidate.1,ahneman_doyle_buchwald_hartwig_2018,S5,AHNEMAN_BH_P3_R22_C36,S5_cross_partition_group_tuple_cell
CondRxnBench-Benchmark-v0.1-splits-candidate.1,ahneman_doyle_buchwald_hartwig_2018,S5,AHNEMAN_BH_P3_R22_C37,S5_cross_partition_group_tuple_cell
CondRxnBench-Benchmark-v0.1-splits-candidate.1,ahneman_doyle_buchwald_hartwig_2018,S5,AHNEMAN_BH_P3_R22_C38,S5_cross_partition_group_tuple_cell
CondRxnBench-Benchmark-v0.1-splits-candidate.1,ahneman_doyle_buchwald_hartwig_2018,S5,AHNEMAN_BH_P3_R22_C39,S5_cross_partition_group_tuple_cell
CondRxnBench-Benchmark-v0.1-splits-candidate.1,ahneman_doyle_buchwald_hartwig_2018,S5,AHNEMAN_BH_P3_R22_C40,S5_cross_partition_group_tuple_cell
CondRxnBench-Benchmark-v0.1-splits-candidate.1,ahneman_doyle_buchwald_hartwig_2018,S5,AHNEMAN_BH_P3_R22_C41,S5_cross_partition_group_tuple_cell
CondRxnBench-Benchmark-v0.1-splits-candidate.1,ahneman_doyle_buchwald_hartwig_2018,S5,AHNEMAN_BH_P3_R22_C42,S5_cross_partition_group_tuple_cell
CondRxnBench-Benchmark-v0.1-splits-candidate.1,ahneman_doyle_buchwald_hartwig_2018,S5,AHNEMAN_BH_P3_R22_C43,S5_cross_partition_group_tuple_cell
CondRxnBench-Benchmark-v0.1-splits-candidate.1,ahneman_doyle_buchwald_hartwig_2018,S5,AHNEMAN_BH_P3_R22_C46,S5_cross_partition_group_tuple_cell
CondRxnBench-Benchmark-v0.1-splits-candidate.1,ahneman_doyle_buchwald_hartwig_2018,S5,AHNEMAN_BH_P3_R22_C47,S5_cross_partition_group_tuple_cell
CondRxnBench-Benchmark-v0.1-splits-candidate.1,ahneman_doyle_buchwald_hartwig_2018,S5,AHNEMAN_BH_P3_R23_C01,S5_cross_partition_group_tuple_cell
CondRxnBench-Benchmark-v0.1-splits-candidate.1,ahneman_doyle_buchwald_hartwig_2018,S5,AHNEMAN_BH_P3_R23_C03,S5_cross_partition_group_tuple_cell
CondRxnBench-Benchmark-v0.1-splits-candidate.1,ahneman_doyle_buchwald_hartwig_2018,S5,AHNEMAN_BH_P3_R23_C06,S5_cross_partition_group_tuple_cell
CondRxnBench-Benchmark-v0.1-splits-candidate.1,ahneman_doyle_buchwald_hartwig_2018,S5,AHNEMAN_BH_P3_R23_C12,S5_cross_partition_group_tuple_cell
CondRxnBench-Benchmark-v0.1-splits-candidate.1,ahneman_doyle_buchwald_hartwig_2018,S5,AHNEMAN_BH_P3_R23_C13,S5_cross_partition_group_tuple_cell
CondRxnBench-Benchmark-v0.1-splits-candidate.1,ahneman_doyle_buchwald_hartwig_2018,S5,AHNEMAN_BH_P3_R23_C17,S5_cross_partition_group_tuple_cell
CondRxnBench-Benchmark-v0.1-splits-candidate.1,ahneman_doyle_buchwald_hartwig_2018,S5,AHNEMAN_BH_P3_R23_C19,S5_cross_partition_group_tuple_cell
CondRxnBench-Benchmark-v0.1-splits-candidate.1,ahneman_doyle_buchwald_hartwig_2018,S5,AHNEMAN_BH_P3_R23_C22,S5_cross_partition_group_tuple_cell
CondRxnBench-Benchmark-v0.1-splits-candidate.1,ahneman_doyle_buchwald_hartwig_2018,S5,AHNEMAN_BH_P3_R23_C28,S5_cross_partition_group_tuple_cell
CondRxnBench-Benchmark-v0.1-splits-candidate.1,ahneman_doyle_buchwald_hartwig_2018,S5,AHNEMAN_BH_P3_R23_C29,S5_cross_partition_group_tuple_cell
CondRxnBench-Benchmark-v0.1-splits-candidate.1,ahneman_doyle_buchwald_hartwig_2018,S5,AHNEMAN_BH_P3_R23_C33,S5_cross_partition_group_tuple_cell
CondRxnBench-Benchmark-v0.1-splits-candidate.1,ahneman_doyle_buchwald_hartwig_2018,S5,AHNEMAN_BH_P3_R23_C35,S5_cross_partition_group_tuple_cell
CondRxnBench-Benchmark-v0.1-splits-candidate.1,ahneman_doyle_buchwald_hartwig_2018,S5,AHNEMAN_BH_P3_R23_C38,S5_cross_partition_group_tuple_cell
CondRxnBench-Benchmark-v0.1-splits-candidate.1,ahneman_doyle_buchwald_hartwig_2018,S5,AHNEMAN_BH_P3_R23_C44,S5_cross_partition_group_tuple_cell
CondRxnBench-Benchmark-v0.1-splits-candidate.1,ahneman_doyle_buchwald_hartwig_2018,S5,AHNEMAN_BH_P3_R23_C45,S5_cross_partition_group_tuple_cell
CondRxnBench-Benchmark-v0.1-splits-candidate.1,ahneman_doyle_buchwald_hartwig_2018,S5,AHNEMAN_BH_P3_R24_C01,S5_cross_partition_group_tuple_cell
CondRxnBench-Benchmark-v0.1-splits-candidate.1,ahneman_doyle_buchwald_hartwig_2018,S5,AHNEMAN_BH_P3_R24_C03,S5_cross_partition_group_tuple_cell
CondRxnBench-Benchmark-v0.1-splits-candidate.1,ahneman_doyle_buchwald_hartwig_2018,S5,AHNEMAN_BH_P3_R24_C06,S5_cross_partition_group_tuple_cell
CondRxnBench-Benchmark-v0.1-splits-candidate.1,ahneman_doyle_buchwald_hartwig_2018,S5,AHNEMAN_BH_P3_R24_C12,S5_cross_partition_group_tuple_cell
CondRxnBench-Benchmark-v0.1-splits-candidate.1,ahneman_doyle_buchwald_hartwig_2018,S5,AHNEMAN_BH_P3_R24_C13,S5_cross_partition_group_tuple_cell
CondRxnBench-Benchmark-v0.1-splits-candidate.1,ahneman_doyle_buchwald_hartwig_2018,S5,AHNEMAN_BH_P3_R24_C17,S5_cross_partition_group_tuple_cell
CondRxnBench-Benchmark-v0.1-splits-candidate.1,ahneman_doyle_buchwald_hartwig_2018,S5,AHNEMAN_BH_P3_R24_C19,S5_cross_partition_group_tuple_cell
CondRxnBench-Benchmark-v0.1-splits-candidate.1,ahneman_doyle_buchwald_hartwig_2018,S5,AHNEMAN_BH_P3_R24_C22,S5_cross_partition_group_tuple_cell
CondRxnBench-Benchmark-v0.1-splits-candidate.1,ahneman_doyle_buchwald_hartwig_2018,S5,AHNEMAN_BH_P3_R24_C28,S5_cross_partition_group_tuple_cell
CondRxnBench-Benchmark-v0.1-splits-candidate.1,ahneman_doyle_buchwald_hartwig_2018,S5,AHNEMAN_BH_P3_R24_C29,S5_cross_partition_group_tuple_cell
CondRxnBench-Benchmark-v0.1-splits-candidate.1,ahneman_doyle_buchwald_hartwig_2018,S5,AHNEMAN_BH_P3_R24_C34,S5_cross_partition_group_tuple_cell
CondRxnBench-Benchmark-v0.1-splits-candidate.1,ahneman_doyle_buchwald_hartwig_2018,S5,AHNEMAN_BH_P3_R24_C36,S5_cross_partition_group_tuple_cell
CondRxnBench-Benchmark-v0.1-splits-candidate.1,ahneman_doyle_buchwald_hartwig_2018,S5,AHNEMAN_BH_P3_R24_C37,S5_cross_partition_group_tuple_cell
CondRxnBench-Benchmark-v0.1-splits-candidate.1,ahneman_doyle_buchwald_hartwig_2018,S5,AHNEMAN_BH_P3_R24_C39,S5_cross_partition_group_tuple_cell
CondRxnBench-Benchmark-v0.1-splits-candidate.1,ahneman_doyle_buchwald_hartwig_2018,S5,AHNEMAN_BH_P3_R24_C40,S5_cross_partition_group_tuple_cell
CondRxnBench-Benchmark-v0.1-splits-candidate.1,ahneman_doyle_buchwald_hartwig_2018,S5,AHNEMAN_BH_P3_R24_C41,S5_cross_partition_group_tuple_cell
CondRxnBench-Benchmark-v0.1-splits-candidate.1,ahneman_doyle_buchwald_hartwig_2018,S5,AHNEMAN_BH_P3_R24_C42,S5_cross_partition_group_tuple_cell
CondRxnBench-Benchmark-v0.1-splits-candidate.1,ahneman_doyle_buchwald_hartwig_2018,S5,AHNEMAN_BH_P3_R24_C43,S5_cross_partition_group_tuple_cell
CondRxnBench-Benchmark-v0.1-splits-candidate.1,ahneman_doyle_buchwald_hartwig_2018,S5,AHNEMAN_BH_P3_R24_C44,S5_cross_partition_group_tuple_cell
CondRxnBench-Benchmark-v0.1-splits-candidate.1,ahneman_doyle_buchwald_hartwig_2018,S5,AHNEMAN_BH_P3_R24_C45,S5_cross_partition_group_tuple_cell
CondRxnBench-Benchmark-v0.1-splits-candidate.1,ahneman_doyle_buchwald_hartwig_2018,S5,AHNEMAN_BH_P3_R24_C46,S5_cross_partition_group_tuple_cell
CondRxnBench-Benchmark-v0.1-splits-candidate.1,ahneman_doyle_buchwald_hartwig_2018,S5,AHNEMAN_BH_P3_R24_C47,S5_cross_partition_group_tuple_cell
CondRxnBench-Benchmark-v0.1-splits-candidate.1,ahneman_doyle_buchwald_hartwig_2018,S5,AHNEMAN_BH_P3_R25_C01,S5_cross_partition_group_tuple_cell
CondRxnBench-Benchmark-v0.1-splits-candidate.1,ahneman_doyle_buchwald_hartwig_2018,S5,AHNEMAN_BH_P3_R25_C02,S5_cross_partition_group_tuple_cell
CondRxnBench-Benchmark-v0.1-splits-candidate.1,ahneman_doyle_buchwald_hartwig_2018,S5,AHNEMAN_BH_P3_R25_C03,S5_cross_partition_group_tuple_cell
CondRxnBench-Benchmark-v0.1-splits-candidate.1,ahneman_doyle_buchwald_hartwig_2018,S5,AHNEMAN_BH_P3_R25_C04,S5_cross_partition_group_tuple_cell
CondRxnBench-Benchmark-v0.1-splits-candidate.1,ahneman_doyle_buchwald_hartwig_2018,S5,AHNEMAN_BH_P3_R25_C05,S5_cross_partition_group_tuple_cell
CondRxnBench-Benchmark-v0.1-splits-candidate.1,ahneman_doyle_buchwald_hartwig_2018,S5,AHNEMAN_BH_P3_R25_C06,S5_cross_partition_group_tuple_cell
CondRxnBench-Benchmark-v0.1-splits-candidate.1,ahneman_doyle_buchwald_hartwig_2018,S5,AHNEMAN_BH_P3_R25_C07,S5_cross_partition_group_tuple_cell
CondRxnBench-Benchmark-v0.1-splits-candidate.1,ahneman_doyle_buchwald_hartwig_2018,S5,AHNEMAN_BH_P3_R25_C08,S5_cross_partition_group_tuple_cell
CondRxnBench-Benchmark-v0.1-splits-candidate.1,ahneman_doyle_buchwald_hartwig_2018,S5,AHNEMAN_BH_P3_R25_C09,S5_cross_partition_group_tuple_cell
CondRxnBench-Benchmark-v0.1-splits-candidate.1,ahneman_doyle_buchwald_hartwig_2018,S5,AHNEMAN_BH_P3_R25_C10,S5_cross_partition_group_tuple_cell
CondRxnBench-Benchmark-v0.1-splits-candidate.1,ahneman_doyle_buchwald_hartwig_2018,S5,AHNEMAN_BH_P3_R25_C11,S5_cross_partition_group_tuple_cell
CondRxnBench-Benchmark-v0.1-splits-candidate.1,ahneman_doyle_buchwald_hartwig_2018,S5,AHNEMAN_BH_P3_R25_C14,S5_cross_partition_group_tuple_cell
CondRxnBench-Benchmark-v0.1-splits-candidate.1,ahneman_doyle_buchwald_hartwig_2018,S5,AHNEMAN_BH_P3_R25_C15,S5_cross_partition_group_tuple_cell
CondRxnBench-Benchmark-v0.1-splits-candidate.1,ahneman_doyle_buchwald_hartwig_2018,S5,AHNEMAN_BH_P3_R25_C17,S5_cross_partition_group_tuple_cell
CondRxnBench-Benchmark-v0.1-splits-candidate.1,ahneman_doyle_buchwald_hartwig_2018,S5,AHNEMAN_BH_P3_R25_C19,S5_cross_partition_group_tuple_cell
CondRxnBench-Benchmark-v0.1-splits-candidate.1,ahneman_doyle_buchwald_hartwig_2018,S5,AHNEMAN_BH_P3_R25_C22,S5_cross_partition_group_tuple_cell
CondRxnBench-Benchmark-v0.1-splits-candidate.1,ahneman_doyle_buchwald_hartwig_2018,S5,AHNEMAN_BH_P3_R25_C28,S5_cross_partition_group_tuple_cell
CondRxnBench-Benchmark-v0.1-splits-candidate.1,ahneman_doyle_buchwald_hartwig_2018,S5,AHNEMAN_BH_P3_R25_C29,S5_cross_partition_group_tuple_cell
CondRxnBench-Benchmark-v0.1-splits-candidate.1,ahneman_doyle_buchwald_hartwig_2018,S5,AHNEMAN_BH_P3_R25_C33,S5_cross_partition_group_tuple_cell
CondRxnBench-Benchmark-v0.1-splits-candidate.1,ahneman_doyle_buchwald_hartwig_2018,S5,AHNEMAN_BH_P3_R25_C35,S5_cross_partition_group_tuple_cell
CondRxnBench-Benchmark-v0.1-splits-candidate.1,ahneman_doyle_buchwald_hartwig_2018,S5,AHNEMAN_BH_P3_R25_C38,S5_cross_partition_group_tuple_cell
CondRxnBench-Benchmark-v0.1-splits-candidate.1,ahneman_doyle_buchwald_hartwig_2018,S5,AHNEMAN_BH_P3_R25_C44,S5_cross_partition_group_tuple_cell
CondRxnBench-Benchmark-v0.1-splits-candidate.1,ahneman_doyle_buchwald_hartwig_2018,S5,AHNEMAN_BH_P3_R25_C45,S5_cross_partition_group_tuple_cell
CondRxnBench-Benchmark-v0.1-splits-candidate.1,ahneman_doyle_buchwald_hartwig_2018,S5,AHNEMAN_BH_P3_R26_C01,S5_cross_partition_group_tuple_cell
CondRxnBench-Benchmark-v0.1-splits-candidate.1,ahneman_doyle_buchwald_hartwig_2018,S5,AHNEMAN_BH_P3_R26_C02,S5_cross_partition_group_tuple_cell
CondRxnBench-Benchmark-v0.1-splits-candidate.1,ahneman_doyle_buchwald_hartwig_2018,S5,AHNEMAN_BH_P3_R26_C03,S5_cross_partition_group_tuple_cell
CondRxnBench-Benchmark-v0.1-splits-candidate.1,ahneman_doyle_buchwald_hartwig_2018,S5,AHNEMAN_BH_P3_R26_C04,S5_cross_partition_group_tuple_cell
CondRxnBench-Benchmark-v0.1-splits-candidate.1,ahneman_doyle_buchwald_hartwig_2018,S5,AHNEMAN_BH_P3_R26_C05,S5_cross_partition_group_tuple_cell
CondRxnBench-Benchmark-v0.1-splits-candidate.1,ahneman_doyle_buchwald_hartwig_2018,S5,AHNEMAN_BH_P3_R26_C06,S5_cross_partition_group_tuple_cell
CondRxnBench-Benchmark-v0.1-splits-candidate.1,ahneman_doyle_buchwald_hartwig_2018,S5,AHNEMAN_BH_P3_R26_C07,S5_cross_partition_group_tuple_cell
CondRxnBench-Benchmark-v0.1-splits-candidate.1,ahneman_doyle_buchwald_hartwig_2018,S5,AHNEMAN_BH_P3_R26_C08,S5_cross_partition_group_tuple_cell
CondRxnBench-Benchmark-v0.1-splits-candidate.1,ahneman_doyle_buchwald_hartwig_2018,S5,AHNEMAN_BH_P3_R26_C09,S5_cross_partition_group_tuple_cell
CondRxnBench-Benchmark-v0.1-splits-candidate.1,ahneman_doyle_buchwald_hartwig_2018,S5,AHNEMAN_BH_P3_R26_C10,S5_cross_partition_group_tuple_cell
CondRxnBench-Benchmark-v0.1-splits-candidate.1,ahneman_doyle_buchwald_hartwig_2018,S5,AHNEMAN_BH_P3_R26_C11,S5_cross_partition_group_tuple_cell
CondRxnBench-Benchmark-v0.1-splits-candidate.1,ahneman_doyle_buchwald_hartwig_2018,S5,AHNEMAN_BH_P3_R26_C14,S5_cross_partition_group_tuple_cell
CondRxnBench-Benchmark-v0.1-splits-candidate.1,ahneman_doyle_buchwald_hartwig_2018,S5,AHNEMAN_BH_P3_R26_C15,S5_cross_partition_group_tuple_cell
CondRxnBench-Benchmark-v0.1-splits-candidate.1,ahneman_doyle_buchwald_hartwig_2018,S5,AHNEMAN_BH_P3_R26_C17,S5_cross_partition_group_tuple_cell
CondRxnBench-Benchmark-v0.1-splits-candidate.1,ahneman_doyle_buchwald_hartwig_2018,S5,AHNEMAN_BH_P3_R26_C19,S5_cross_partition_group_tuple_cell
CondRxnBench-Benchmark-v0.1-splits-candidate.1,ahneman_doyle_buchwald_hartwig_2018,S5,AHNEMAN_BH_P3_R26_C22,S5_cross_partition_group_tuple_cell
CondRxnBench-Benchmark-v0.1-splits-candidate.1,ahneman_doyle_buchwald_hartwig_2018,S5,AHNEMAN_BH_P3_R26_C28,S5_cross_partition_group_tuple_cell
CondRxnBench-Benchmark-v0.1-splits-candidate.1,ahneman_doyle_buchwald_hartwig_2018,S5,AHNEMAN_BH_P3_R26_C29,S5_cross_partition_group_tuple_cell
CondRxnBench-Benchmark-v0.1-splits-candidate.1,ahneman_doyle_buchwald_hartwig_2018,S5,AHNEMAN_BH_P3_R26_C33,S5_cross_partition_group_tuple_cell
CondRxnBench-Benchmark-v0.1-splits-candidate.1,ahneman_doyle_buchwald_hartwig_2018,S5,AHNEMAN_BH_P3_R26_C35,S5_cross_partition_group_tuple_cell
CondRxnBench-Benchmark-v0.1-splits-candidate.1,ahneman_doyle_buchwald_hartwig_2018,S5,AHNEMAN_BH_P3_R26_C38,S5_cross_partition_group_tuple_cell
CondRxnBench-Benchmark-v0.1-splits-candidate.1,ahneman_doyle_buchwald_hartwig_2018,S5,AHNEMAN_BH_P3_R26_C44,S5_cross_partition_group_tuple_cell
CondRxnBench-Benchmark-v0.1-splits-candidate.1,ahneman_doyle_buchwald_hartwig_2018,S5,AHNEMAN_BH_P3_R26_C45,S5_cross_partition_group_tuple_cell
CondRxnBench-Benchmark-v0.1-splits-candidate.1,ahneman_doyle_buchwald_hartwig_2018,S5,AHNEMAN_BH_P3_R27_C01,S5_cross_partition_group_tuple_cell
CondRxnBench-Benchmark-v0.1-splits-candidate.1,ahneman_doyle_buchwald_hartwig_2018,S5,AHNEMAN_BH_P3_R27_C03,S5_cross_partition_group_tuple_cell
CondRxnBench-Benchmark-v0.1-splits-candidate.1,ahneman_doyle_buchwald_hartwig_2018,S5,AHNEMAN_BH_P3_R27_C06,S5_cross_partition_group_tuple_cell
CondRxnBench-Benchmark-v0.1-splits-candidate.1,ahneman_doyle_buchwald_hartwig_2018,S5,AHNEMAN_BH_P3_R27_C12,S5_cross_partition_group_tuple_cell
CondRxnBench-Benchmark-v0.1-splits-candidate.1,ahneman_doyle_buchwald_hartwig_2018,S5,AHNEMAN_BH_P3_R27_C13,S5_cross_partition_group_tuple_cell
CondRxnBench-Benchmark-v0.1-splits-candidate.1,ahneman_doyle_buchwald_hartwig_2018,S5,AHNEMAN_BH_P3_R27_C17,S5_cross_partition_group_tuple_cell
CondRxnBench-Benchmark-v0.1-splits-candidate.1,ahneman_doyle_buchwald_hartwig_2018,S5,AHNEMAN_BH_P3_R27_C19,S5_cross_partition_group_tuple_cell
CondRxnBench-Benchmark-v0.1-splits-candidate.1,ahneman_doyle_buchwald_hartwig_2018,S5,AHNEMAN_BH_P3_R27_C22,S5_cross_partition_group_tuple_cell
CondRxnBench-Benchmark-v0.1-splits-candidate.1,ahneman_doyle_buchwald_hartwig_2018,S5,AHNEMAN_BH_P3_R27_C28,S5_cross_partition_group_tuple_cell
CondRxnBench-Benchmark-v0.1-splits-candidate.1,ahneman_doyle_buchwald_hartwig_2018,S5,AHNEMAN_BH_P3_R27_C29,S5_cross_partition_group_tuple_cell
CondRxnBench-Benchmark-v0.1-splits-candidate.1,ahneman_doyle_buchwald_hartwig_2018,S5,AHNEMAN_BH_P3_R27_C33,S5_cross_partition_group_tuple_cell
CondRxnBench-Benchmark-v0.1-splits-candidate.1,ahneman_doyle_buchwald_hartwig_2018,S5,AHNEMAN_BH_P3_R27_C35,S5_cross_partition_group_tuple_cell
CondRxnBench-Benchmark-v0.1-splits-candidate.1,ahneman_doyle_buchwald_hartwig_2018,S5,AHNEMAN_BH_P3_R27_C38,S5_cross_partition_group_tuple_cell
CondRxnBench-Benchmark-v0.1-splits-candidate.1,ahneman_doyle_buchwald_hartwig_2018,S5,AHNEMAN_BH_P3_R27_C44,S5_cross_partition_group_tuple_cell
CondRxnBench-Benchmark-v0.1-splits-candidate.1,ahneman_doyle_buchwald_hartwig_2018,S5,AHNEMAN_BH_P3_R27_C45,S5_cross_partition_group_tuple_cell
CondRxnBench-Benchmark-v0.1-splits-candidate.1,ahneman_doyle_buchwald_hartwig_2018,S5,AHNEMAN_BH_P3_R28_C01,S5_cross_partition_group_tuple_cell
CondRxnBench-Benchmark-v0.1-splits-candidate.1,ahneman_doyle_buchwald_hartwig_2018,S5,AHNEMAN_BH_P3_R28_C03,S5_cross_partition_group_tuple_cell
CondRxnBench-Benchmark-v0.1-splits-candidate.1,ahneman_doyle_buchwald_hartwig_2018,S5,AHNEMAN_BH_P3_R28_C06,S5_cross_partition_group_tuple_cell
CondRxnBench-Benchmark-v0.1-splits-candidate.1,ahneman_doyle_buchwald_hartwig_2018,S5,AHNEMAN_BH_P3_R28_C12,S5_cross_partition_group_tuple_cell
CondRxnBench-Benchmark-v0.1-splits-candidate.1,ahneman_doyle_buchwald_hartwig_2018,S5,AHNEMAN_BH_P3_R28_C13,S5_cross_partition_group_tuple_cell
CondRxnBench-Benchmark-v0.1-splits-candidate.1,ahneman_doyle_buchwald_hartwig_2018,S5,AHNEMAN_BH_P3_R28_C17,S5_cross_partition_group_tuple_cell
CondRxnBench-Benchmark-v0.1-splits-candidate.1,ahneman_doyle_buchwald_hartwig_2018,S5,AHNEMAN_BH_P3_R28_C18,S5_cross_partition_group_tuple_cell
CondRxnBench-Benchmark-v0.1-splits-candidate.1,ahneman_doyle_buchwald_hartwig_2018,S5,AHNEMAN_BH_P3_R28_C19,S5_cross_partition_group_tuple_cell
CondRxnBench-Benchmark-v0.1-splits-candidate.1,ahneman_doyle_buchwald_hartwig_2018,S5,AHNEMAN_BH_P3_R28_C20,S5_cross_partition_group_tuple_cell
CondRxnBench-Benchmark-v0.1-splits-candidate.1,ahneman_doyle_buchwald_hartwig_2018,S5,AHNEMAN_BH_P3_R28_C21,S5_cross_partition_group_tuple_cell
CondRxnBench-Benchmark-v0.1-splits-candidate.1,ahneman_doyle_buchwald_hartwig_2018,S5,AHNEMAN_BH_P3_R28_C22,S5_cross_partition_group_tuple_cell
CondRxnBench-Benchmark-v0.1-splits-candidate.1,ahneman_doyle_buchwald_hartwig_2018,S5,AHNEMAN_BH_P3_R28_C23,S5_cross_partition_group_tuple_cell
CondRxnBench-Benchmark-v0.1-splits-candidate.1,ahneman_doyle_buchwald_hartwig_2018,S5,AHNEMAN_BH_P3_R28_C24,S5_cross_partition_group_tuple_cell
CondRxnBench-Benchmark-v0.1-splits-candidate.1,ahneman_doyle_buchwald_hartwig_2018,S5,AHNEMAN_BH_P3_R28_C25,S5_cross_partition_group_tuple_cell
CondRxnBench-Benchmark-v0.1-splits-candidate.1,ahneman_doyle_buchwald_hartwig_2018,S5,AHNEMAN_BH_P3_R28_C26,S5_cross_partition_group_tuple_cell
CondRxnBench-Benchmark-v0.1-splits-candidate.1,ahneman_doyle_buchwald_hartwig_2018,S5,AHNEMAN_BH_P3_R28_C27,S5_cross_partition_group_tuple_cell
CondRxnBench-Benchmark-v0.1-splits-candidate.1,ahneman_doyle_buchwald_hartwig_2018,S5,AHNEMAN_BH_P3_R28_C30,S5_cross_partition_group_tuple_cell
CondRxnBench-Benchmark-v0.1-splits-candidate.1,ahneman_doyle_buchwald_hartwig_2018,S5,AHNEMAN_BH_P3_R28_C31,S5_cross_partition_group_tuple_cell
CondRxnBench-Benchmark-v0.1-splits-candidate.1,ahneman_doyle_buchwald_hartwig_2018,S5,AHNEMAN_BH_P3_R28_C33,S5_cross_partition_group_tuple_cell
CondRxnBench-Benchmark-v0.1-splits-candidate.1,ahneman_doyle_buchwald_hartwig_2018,S5,AHNEMAN_BH_P3_R28_C35,S5_cross_partition_group_tuple_cell
CondRxnBench-Benchmark-v0.1-splits-candidate.1,ahneman_doyle_buchwald_hartwig_2018,S5,AHNEMAN_BH_P3_R28_C38,S5_cross_partition_group_tuple_cell
CondRxnBench-Benchmark-v0.1-splits-candidate.1,ahneman_doyle_buchwald_hartwig_2018,S5,AHNEMAN_BH_P3_R28_C44,S5_cross_partition_group_tuple_cell
CondRxnBench-Benchmark-v0.1-splits-candidate.1,ahneman_doyle_buchwald_hartwig_2018,S5,AHNEMAN_BH_P3_R28_C45,S5_cross_partition_group_tuple_cell
CondRxnBench-Benchmark-v0.1-splits-candidate.1,ahneman_doyle_buchwald_hartwig_2018,S5,AHNEMAN_BH_P3_R29_C02,S5_cross_partition_group_tuple_cell
CondRxnBench-Benchmark-v0.1-splits-candidate.1,ahneman_doyle_buchwald_hartwig_2018,S5,AHNEMAN_BH_P3_R29_C04,S5_cross_partition_group_tuple_cell
CondRxnBench-Benchmark-v0.1-splits-candidate.1,ahneman_doyle_buchwald_hartwig_2018,S5,AHNEMAN_BH_P3_R29_C05,S5_cross_partition_group_tuple_cell
CondRxnBench-Benchmark-v0.1-splits-candidate.1,ahneman_doyle_buchwald_hartwig_2018,S5,AHNEMAN_BH_P3_R29_C07,S5_cross_partition_group_tuple_cell
CondRxnBench-Benchmark-v0.1-splits-candidate.1,ahneman_doyle_buchwald_hartwig_2018,S5,AHNEMAN_BH_P3_R29_C08,S5_cross_partition_group_tuple_cell
CondRxnBench-Benchmark-v0.1-splits-candidate.1,ahneman_doyle_buchwald_hartwig_2018,S5,AHNEMAN_BH_P3_R29_C09,S5_cross_partition_group_tuple_cell
CondRxnBench-Benchmark-v0.1-splits-candidate.1,ahneman_doyle_buchwald_hartwig_2018,S5,AHNEMAN_BH_P3_R29_C10,S5_cross_partition_group_tuple_cell
CondRxnBench-Benchmark-v0.1-splits-candidate.1,ahneman_doyle_buchwald_hartwig_2018,S5,AHNEMAN_BH_P3_R29_C11,S5_cross_partition_group_tuple_cell
CondRxnBench-Benchmark-v0.1-splits-candidate.1,ahneman_doyle_buchwald_hartwig_2018,S5,AHNEMAN_BH_P3_R29_C12,S5_cross_partition_group_tuple_cell
CondRxnBench-Benchmark-v0.1-splits-candidate.1,ahneman_doyle_buchwald_hartwig_2018,S5,AHNEMAN_BH_P3_R29_C13,S5_cross_partition_group_tuple_cell
CondRxnBench-Benchmark-v0.1-splits-candidate.1,ahneman_doyle_buchwald_hartwig_2018,S5,AHNEMAN_BH_P3_R29_C14,S5_cross_partition_group_tuple_cell
CondRxnBench-Benchmark-v0.1-splits-candidate.1,ahneman_doyle_buchwald_hartwig_2018,S5,AHNEMAN_BH_P3_R29_C15,S5_cross_partition_group_tuple_cell
CondRxnBench-Benchmark-v0.1-splits-candidate.1,ahneman_doyle_buchwald_hartwig_2018,S5,AHNEMAN_BH_P3_R29_C18,S5_cross_partition_group_tuple_cell
CondRxnBench-Benchmark-v0.1-splits-candidate.1,ahneman_doyle_buchwald_hartwig_2018,S5,AHNEMAN_BH_P3_R29_C20,S5_cross_partition_group_tuple_cell
CondRxnBench-Benchmark-v0.1-splits-candidate.1,ahneman_doyle_buchwald_hartwig_2018,S5,AHNEMAN_BH_P3_R29_C21,S5_cross_partition_group_tuple_cell
CondRxnBench-Benchmark-v0.1-splits-candidate.1,ahneman_doyle_buchwald_hartwig_2018,S5,AHNEMAN_BH_P3_R29_C23,S5_cross_partition_group_tuple_cell
CondRxnBench-Benchmark-v0.1-splits-candidate.1,ahneman_doyle_buchwald_hartwig_2018,S5,AHNEMAN_BH_P3_R29_C24,S5_cross_partition_group_tuple_cell
CondRxnBench-Benchmark-v0.1-splits-candidate.1,ahneman_doyle_buchwald_hartwig_2018,S5,AHNEMAN_BH_P3_R29_C25,S5_cross_partition_group_tuple_cell
CondRxnBench-Benchmark-v0.1-splits-candidate.1,ahneman_doyle_buchwald_hartwig_2018,S5,AHNEMAN_BH_P3_R29_C26,S5_cross_partition_group_tuple_cell
CondRxnBench-Benchmark-v0.1-splits-candidate.1,ahneman_doyle_buchwald_hartwig_2018,S5,AHNEMAN_BH_P3_R29_C27,S5_cross_partition_group_tuple_cell
CondRxnBench-Benchmark-v0.1-splits-candidate.1,ahneman_doyle_buchwald_hartwig_2018,S5,AHNEMAN_BH_P3_R29_C28,S5_cross_partition_group_tuple_cell
CondRxnBench-Benchmark-v0.1-splits-candidate.1,ahneman_doyle_buchwald_hartwig_2018,S5,AHNEMAN_BH_P3_R29_C29,S5_cross_partition_group_tuple_cell
CondRxnBench-Benchmark-v0.1-splits-candidate.1,ahneman_doyle_buchwald_hartwig_2018,S5,AHNEMAN_BH_P3_R29_C30,S5_cross_partition_group_tuple_cell
CondRxnBench-Benchmark-v0.1-splits-candidate.1,ahneman_doyle_buchwald_hartwig_2018,S5,AHNEMAN_BH_P3_R29_C31,S5_cross_partition_group_tuple_cell
CondRxnBench-Benchmark-v0.1-splits-candidate.1,ahneman_doyle_buchwald_hartwig_2018,S5,AHNEMAN_BH_P3_R29_C34,S5_cross_partition_group_tuple_cell
CondRxnBench-Benchmark-v0.1-splits-candidate.1,ahneman_doyle_buchwald_hartwig_2018,S5,AHNEMAN_BH_P3_R29_C36,S5_cross_partition_group_tuple_cell
CondRxnBench-Benchmark-v0.1-splits-candidate.1,ahneman_doyle_buchwald_hartwig_2018,S5,AHNEMAN_BH_P3_R29_C37,S5_cross_partition_group_tuple_cell
CondRxnBench-Benchmark-v0.1-splits-candidate.1,ahneman_doyle_buchwald_hartwig_2018,S5,AHNEMAN_BH_P3_R29_C39,S5_cross_partition_group_tuple_cell
CondRxnBench-Benchmark-v0.1-splits-candidate.1,ahneman_doyle_buchwald_hartwig_2018,S5,AHNEMAN_BH_P3_R29_C40,S5_cross_partition_group_tuple_cell
CondRxnBench-Benchmark-v0.1-splits-candidate.1,ahneman_doyle_buchwald_hartwig_2018,S5,AHNEMAN_BH_P3_R29_C41,S5_cross_partition_group_tuple_cell
CondRxnBench-Benchmark-v0.1-splits-candidate.1,ahneman_doyle_buchwald_hartwig_2018,S5,AHNEMAN_BH_P3_R29_C42,S5_cross_partition_group_tuple_cell
CondRxnBench-Benchmark-v0.1-splits-candidate.1,ahneman_doyle_buchwald_hartwig_2018,S5,AHNEMAN_BH_P3_R29_C43,S5_cross_partition_group_tuple_cell
CondRxnBench-Benchmark-v0.1-splits-candidate.1,ahneman_doyle_buchwald_hartwig_2018,S5,AHNEMAN_BH_P3_R29_C44,S5_cross_partition_group_tuple_cell
CondRxnBench-Benchmark-v0.1-splits-candidate.1,ahneman_doyle_buchwald_hartwig_2018,S5,AHNEMAN_BH_P3_R29_C45,S5_cross_partition_group_tuple_cell
CondRxnBench-Benchmark-v0.1-splits-candidate.1,ahneman_doyle_buchwald_hartwig_2018,S5,AHNEMAN_BH_P3_R29_C46,S5_cross_partition_group_tuple_cell
CondRxnBench-Benchmark-v0.1-splits-candidate.1,ahneman_doyle_buchwald_hartwig_2018,S5,AHNEMAN_BH_P3_R29_C47,S5_cross_partition_group_tuple_cell
CondRxnBench-Benchmark-v0.1-splits-candidate.1,ahneman_doyle_buchwald_hartwig_2018,S5,AHNEMAN_BH_P3_R30_C01,S5_cross_partition_group_tuple_cell
CondRxnBench-Benchmark-v0.1-splits-candidate.1,ahneman_doyle_buchwald_hartwig_2018,S5,AHNEMAN_BH_P3_R30_C03,S5_cross_partition_group_tuple_cell
CondRxnBench-Benchmark-v0.1-splits-candidate.1,ahneman_doyle_buchwald_hartwig_2018,S5,AHNEMAN_BH_P3_R30_C06,S5_cross_partition_group_tuple_cell
CondRxnBench-Benchmark-v0.1-splits-candidate.1,ahneman_doyle_buchwald_hartwig_2018,S5,AHNEMAN_BH_P3_R30_C12,S5_cross_partition_group_tuple_cell
CondRxnBench-Benchmark-v0.1-splits-candidate.1,ahneman_doyle_buchwald_hartwig_2018,S5,AHNEMAN_BH_P3_R30_C13,S5_cross_partition_group_tuple_cell
CondRxnBench-Benchmark-v0.1-splits-candidate.1,ahneman_doyle_buchwald_hartwig_2018,S5,AHNEMAN_BH_P3_R30_C18,S5_cross_partition_group_tuple_cell
CondRxnBench-Benchmark-v0.1-splits-candidate.1,ahneman_doyle_buchwald_hartwig_2018,S5,AHNEMAN_BH_P3_R30_C20,S5_cross_partition_group_tuple_cell
CondRxnBench-Benchmark-v0.1-splits-candidate.1,ahneman_doyle_buchwald_hartwig_2018,S5,AHNEMAN_BH_P3_R30_C21,S5_cross_partition_group_tuple_cell
CondRxnBench-Benchmark-v0.1-splits-candidate.1,ahneman_doyle_buchwald_hartwig_2018,S5,AHNEMAN_BH_P3_R30_C23,S5_cross_partition_group_tuple_cell
CondRxnBench-Benchmark-v0.1-splits-candidate.1,ahneman_doyle_buchwald_hartwig_2018,S5,AHNEMAN_BH_P3_R30_C24,S5_cross_partition_group_tuple_cell
CondRxnBench-Benchmark-v0.1-splits-candidate.1,ahneman_doyle_buchwald_hartwig_2018,S5,AHNEMAN_BH_P3_R30_C25,S5_cross_partition_group_tuple_cell
CondRxnBench-Benchmark-v0.1-splits-candidate.1,ahneman_doyle_buchwald_hartwig_2018,S5,AHNEMAN_BH_P3_R30_C26,S5_cross_partition_group_tuple_cell
CondRxnBench-Benchmark-v0.1-splits-candidate.1,ahneman_doyle_buchwald_hartwig_2018,S5,AHNEMAN_BH_P3_R30_C27,S5_cross_partition_group_tuple_cell
CondRxnBench-Benchmark-v0.1-splits-candidate.1,ahneman_doyle_buchwald_hartwig_2018,S5,AHNEMAN_BH_P3_R30_C28,S5_cross_partition_group_tuple_cell
CondRxnBench-Benchmark-v0.1-splits-candidate.1,ahneman_doyle_buchwald_hartwig_2018,S5,AHNEMAN_BH_P3_R30_C29,S5_cross_partition_group_tuple_cell
CondRxnBench-Benchmark-v0.1-splits-candidate.1,ahneman_doyle_buchwald_hartwig_2018,S5,AHNEMAN_BH_P3_R30_C30,S5_cross_partition_group_tuple_cell
CondRxnBench-Benchmark-v0.1-splits-candidate.1,ahneman_doyle_buchwald_hartwig_2018,S5,AHNEMAN_BH_P3_R30_C31,S5_cross_partition_group_tuple_cell
CondRxnBench-Benchmark-v0.1-splits-candidate.1,ahneman_doyle_buchwald_hartwig_2018,S5,AHNEMAN_BH_P3_R30_C34,S5_cross_partition_group_tuple_cell
CondRxnBench-Benchmark-v0.1-splits-candidate.1,ahneman_doyle_buchwald_hartwig_2018,S5,AHNEMAN_BH_P3_R30_C36,S5_cross_partition_group_tuple_cell
CondRxnBench-Benchmark-v0.1-splits-candidate.1,ahneman_doyle_buchwald_hartwig_2018,S5,AHNEMAN_BH_P3_R30_C37,S5_cross_partition_group_tuple_cell
CondRxnBench-Benchmark-v0.1-splits-candidate.1,ahneman_doyle_buchwald_hartwig_2018,S5,AHNEMAN_BH_P3_R30_C39,S5_cross_partition_group_tuple_cell
CondRxnBench-Benchmark-v0.1-splits-candidate.1,ahneman_doyle_buchwald_hartwig_2018,S5,AHNEMAN_BH_P3_R30_C40,S5_cross_partition_group_tuple_cell
CondRxnBench-Benchmark-v0.1-splits-candidate.1,ahneman_doyle_buchwald_hartwig_2018,S5,AHNEMAN_BH_P3_R30_C41,S5_cross_partition_group_tuple_cell
CondRxnBench-Benchmark-v0.1-splits-candidate.1,ahneman_doyle_buchwald_hartwig_2018,S5,AHNEMAN_BH_P3_R30_C42,S5_cross_partition_group_tuple_cell
CondRxnBench-Benchmark-v0.1-splits-candidate.1,ahneman_doyle_buchwald_hartwig_2018,S5,AHNEMAN_BH_P3_R30_C43,S5_cross_partition_group_tuple_cell
CondRxnBench-Benchmark-v0.1-splits-candidate.1,ahneman_doyle_buchwald_hartwig_2018,S5,AHNEMAN_BH_P3_R30_C44,S5_cross_partition_group_tuple_cell
CondRxnBench-Benchmark-v0.1-splits-candidate.1,ahneman_doyle_buchwald_hartwig_2018,S5,AHNEMAN_BH_P3_R30_C45,S5_cross_partition_group_tuple_cell
CondRxnBench-Benchmark-v0.1-splits-candidate.1,ahneman_doyle_buchwald_hartwig_2018,S5,AHNEMAN_BH_P3_R30_C46,S5_cross_partition_group_tuple_cell
CondRxnBench-Benchmark-v0.1-splits-candidate.1,ahneman_doyle_buchwald_hartwig_2018,S5,AHNEMAN_BH_P3_R30_C47,S5_cross_partition_group_tuple_cell
CondRxnBench-Benchmark-v0.1-splits-candidate.1,ahneman_doyle_buchwald_hartwig_2018,S5,AHNEMAN_BH_P3_R31_C02,S5_cross_partition_group_tuple_cell
CondRxnBench-Benchmark-v0.1-splits-candidate.1,ahneman_doyle_buchwald_hartwig_2018,S5,AHNEMAN_BH_P3_R31_C04,S5_cross_partition_group_tuple_cell
CondRxnBench-Benchmark-v0.1-splits-candidate.1,ahneman_doyle_buchwald_hartwig_2018,S5,AHNEMAN_BH_P3_R31_C05,S5_cross_partition_group_tuple_cell
CondRxnBench-Benchmark-v0.1-splits-candidate.1,ahneman_doyle_buchwald_hartwig_2018,S5,AHNEMAN_BH_P3_R31_C07,S5_cross_partition_group_tuple_cell
CondRxnBench-Benchmark-v0.1-splits-candidate.1,ahneman_doyle_buchwald_hartwig_2018,S5,AHNEMAN_BH_P3_R31_C08,S5_cross_partition_group_tuple_cell
CondRxnBench-Benchmark-v0.1-splits-candidate.1,ahneman_doyle_buchwald_hartwig_2018,S5,AHNEMAN_BH_P3_R31_C09,S5_cross_partition_group_tuple_cell
CondRxnBench-Benchmark-v0.1-splits-candidate.1,ahneman_doyle_buchwald_hartwig_2018,S5,AHNEMAN_BH_P3_R31_C10,S5_cross_partition_group_tuple_cell
CondRxnBench-Benchmark-v0.1-splits-candidate.1,ahneman_doyle_buchwald_hartwig_2018,S5,AHNEMAN_BH_P3_R31_C11,S5_cross_partition_group_tuple_cell
CondRxnBench-Benchmark-v0.1-splits-candidate.1,ahneman_doyle_buchwald_hartwig_2018,S5,AHNEMAN_BH_P3_R31_C12,S5_cross_partition_group_tuple_cell
CondRxnBench-Benchmark-v0.1-splits-candidate.1,ahneman_doyle_buchwald_hartwig_2018,S5,AHNEMAN_BH_P3_R31_C13,S5_cross_partition_group_tuple_cell
CondRxnBench-Benchmark-v0.1-splits-candidate.1,ahneman_doyle_buchwald_hartwig_2018,S5,AHNEMAN_BH_P3_R31_C14,S5_cross_partition_group_tuple_cell
CondRxnBench-Benchmark-v0.1-splits-candidate.1,ahneman_doyle_buchwald_hartwig_2018,S5,AHNEMAN_BH_P3_R31_C15,S5_cross_partition_group_tuple_cell
CondRxnBench-Benchmark-v0.1-splits-candidate.1,ahneman_doyle_buchwald_hartwig_2018,S5,AHNEMAN_BH_P3_R31_C17,S5_cross_partition_group_tuple_cell
CondRxnBench-Benchmark-v0.1-splits-candidate.1,ahneman_doyle_buchwald_hartwig_2018,S5,AHNEMAN_BH_P3_R31_C19,S5_cross_partition_group_tuple_cell
CondRxnBench-Benchmark-v0.1-splits-candidate.1,ahneman_doyle_buchwald_hartwig_2018,S5,AHNEMAN_BH_P3_R31_C22,S5_cross_partition_group_tuple_cell
CondRxnBench-Benchmark-v0.1-splits-candidate.1,ahneman_doyle_buchwald_hartwig_2018,S5,AHNEMAN_BH_P3_R31_C28,S5_cross_partition_group_tuple_cell
CondRxnBench-Benchmark-v0.1-splits-candidate.1,ahneman_doyle_buchwald_hartwig_2018,S5,AHNEMAN_BH_P3_R31_C29,S5_cross_partition_group_tuple_cell
CondRxnBench-Benchmark-v0.1-splits-candidate.1,ahneman_doyle_buchwald_hartwig_2018,S5,AHNEMAN_BH_P3_R31_C33,S5_cross_partition_group_tuple_cell
CondRxnBench-Benchmark-v0.1-splits-candidate.1,ahneman_doyle_buchwald_hartwig_2018,S5,AHNEMAN_BH_P3_R31_C35,S5_cross_partition_group_tuple_cell
CondRxnBench-Benchmark-v0.1-splits-candidate.1,ahneman_doyle_buchwald_hartwig_2018,S5,AHNEMAN_BH_P3_R31_C38,S5_cross_partition_group_tuple_cell
CondRxnBench-Benchmark-v0.1-splits-candidate.1,ahneman_doyle_buchwald_hartwig_2018,S5,AHNEMAN_BH_P3_R31_C44,S5_cross_partition_group_tuple_cell
CondRxnBench-Benchmark-v0.1-splits-candidate.1,ahneman_doyle_buchwald_hartwig_2018,S5,AHNEMAN_BH_P3_R31_C45,S5_cross_partition_group_tuple_cell
CondRxnBench-Benchmark-v0.1-splits-candidate.1,ahneman_doyle_buchwald_hartwig_2018,S5,AHNEMAN_BH_P3_R32_C01,S5_cross_partition_group_tuple_cell
CondRxnBench-Benchmark-v0.1-splits-candidate.1,ahneman_doyle_buchwald_hartwig_2018,S5,AHNEMAN_BH_P3_R32_C03,S5_cross_partition_group_tuple_cell
CondRxnBench-Benchmark-v0.1-splits-candidate.1,ahneman_doyle_buchwald_hartwig_2018,S5,AHNEMAN_BH_P3_R32_C06,S5_cross_partition_group_tuple_cell
CondRxnBench-Benchmark-v0.1-splits-candidate.1,ahneman_doyle_buchwald_hartwig_2018,S5,AHNEMAN_BH_P3_R32_C12,S5_cross_partition_group_tuple_cell
CondRxnBench-Benchmark-v0.1-splits-candidate.1,ahneman_doyle_buchwald_hartwig_2018,S5,AHNEMAN_BH_P3_R32_C13,S5_cross_partition_group_tuple_cell
CondRxnBench-Benchmark-v0.1-splits-candidate.1,ahneman_doyle_buchwald_hartwig_2018,S5,AHNEMAN_BH_P3_R32_C17,S5_cross_partition_group_tuple_cell
CondRxnBench-Benchmark-v0.1-splits-candidate.1,ahneman_doyle_buchwald_hartwig_2018,S5,AHNEMAN_BH_P3_R32_C19,S5_cross_partition_group_tuple_cell
CondRxnBench-Benchmark-v0.1-splits-candidate.1,ahneman_doyle_buchwald_hartwig_2018,S5,AHNEMAN_BH_P3_R32_C22,S5_cross_partition_group_tuple_cell
CondRxnBench-Benchmark-v0.1-splits-candidate.1,ahneman_doyle_buchwald_hartwig_2018,S5,AHNEMAN_BH_P3_R32_C28,S5_cross_partition_group_tuple_cell
CondRxnBench-Benchmark-v0.1-splits-candidate.1,ahneman_doyle_buchwald_hartwig_2018,S5,AHNEMAN_BH_P3_R32_C29,S5_cross_partition_group_tuple_cell
CondRxnBench-Benchmark-v0.1-splits-candidate.1,ahneman_doyle_buchwald_hartwig_2018,S5,AHNEMAN_BH_P3_R32_C33,S5_cross_partition_group_tuple_cell
CondRxnBench-Benchmark-v0.1-splits-candidate.1,ahneman_doyle_buchwald_hartwig_2018,S5,AHNEMAN_BH_P3_R32_C34,S5_cross_partition_group_tuple_cell
CondRxnBench-Benchmark-v0.1-splits-candidate.1,ahneman_doyle_buchwald_hartwig_2018,S5,AHNEMAN_BH_P3_R32_C35,S5_cross_partition_group_tuple_cell
CondRxnBench-Benchmark-v0.1-splits-candidate.1,ahneman_doyle_buchwald_hartwig_2018,S5,AHNEMAN_BH_P3_R32_C36,S5_cross_partition_group_tuple_cell
CondRxnBench-Benchmark-v0.1-splits-candidate.1,ahneman_doyle_buchwald_hartwig_2018,S5,AHNEMAN_BH_P3_R32_C37,S5_cross_partition_group_tuple_cell
CondRxnBench-Benchmark-v0.1-splits-candidate.1,ahneman_doyle_buchwald_hartwig_2018,S5,AHNEMAN_BH_P3_R32_C38,S5_cross_partition_group_tuple_cell
CondRxnBench-Benchmark-v0.1-splits-candidate.1,ahneman_doyle_buchwald_hartwig_2018,S5,AHNEMAN_BH_P3_R32_C39,S5_cross_partition_group_tuple_cell
CondRxnBench-Benchmark-v0.1-splits-candidate.1,ahneman_doyle_buchwald_hartwig_2018,S5,AHNEMAN_BH_P3_R32_C40,S5_cross_partition_group_tuple_cell
CondRxnBench-Benchmark-v0.1-splits-candidate.1,ahneman_doyle_buchwald_hartwig_2018,S5,AHNEMAN_BH_P3_R32_C41,S5_cross_partition_group_tuple_cell
CondRxnBench-Benchmark-v0.1-splits-candidate.1,ahneman_doyle_buchwald_hartwig_2018,S5,AHNEMAN_BH_P3_R32_C42,S5_cross_partition_group_tuple_cell
CondRxnBench-Benchmark-v0.1-splits-candidate.1,ahneman_doyle_buchwald_hartwig_2018,S5,AHNEMAN_BH_P3_R32_C43,S5_cross_partition_group_tuple_cell
CondRxnBench-Benchmark-v0.1-splits-candidate.1,ahneman_doyle_buchwald_hartwig_2018,S5,AHNEMAN_BH_P3_R32_C46,S5_cross_partition_group_tuple_cell
CondRxnBench-Benchmark-v0.1-splits-candidate.1,ahneman_doyle_buchwald_hartwig_2018,S5,AHNEMAN_BH_P3_R32_C47,S5_cross_partition_group_tuple_cell
CondRxnBench-Benchmark-v0.1-splits-candidate.1,perera_suzuki_miyaura_2018,S5,PERERA_SM_0009,S5_cross_partition_group_tuple_cell
CondRxnBench-Benchmark-v0.1-splits-candidate.1,perera_suzuki_miyaura_2018,S5,PERERA_SM_0012,S5_cross_partition_group_tuple_cell
CondRxnBench-Benchmark-v0.1-splits-candidate.1,perera_suzuki_miyaura_2018,S5,PERERA_SM_0018,S5_cross_partition_group_tuple_cell
CondRxnBench-Benchmark-v0.1-splits-candidate.1,perera_suzuki_miyaura_2018,S5,PERERA_SM_0023,S5_cross_partition_group_tuple_cell
CondRxnBench-Benchmark-v0.1-splits-candidate.1,perera_suzuki_miyaura_2018,S5,PERERA_SM_0025,S5_cross_partition_group_tuple_cell
CondRxnBench-Benchmark-v0.1-splits-candidate.1,perera_suzuki_miyaura_2018,S5,PERERA_SM_0036,S5_cross_partition_group_tuple_cell
CondRxnBench-Benchmark-v0.1-splits-candidate.1,perera_suzuki_miyaura_2018,S5,PERERA_SM_0043,S5_cross_partition_group_tuple_cell
CondRxnBench-Benchmark-v0.1-splits-candidate.1,perera_suzuki_miyaura_2018,S5,PERERA_SM_0051,S5_cross_partition_group_tuple_cell
CondRxnBench-Benchmark-v0.1-splits-candidate.1,perera_suzuki_miyaura_2018,S5,PERERA_SM_0052,S5_cross_partition_group_tuple_cell
CondRxnBench-Benchmark-v0.1-splits-candidate.1,perera_suzuki_miyaura_2018,S5,PERERA_SM_0053,S5_cross_partition_group_tuple_cell
CondRxnBench-Benchmark-v0.1-splits-candidate.1,perera_suzuki_miyaura_2018,S5,PERERA_SM_0056,S5_cross_partition_group_tuple_cell
CondRxnBench-Benchmark-v0.1-splits-candidate.1,perera_suzuki_miyaura_2018,S5,PERERA_SM_0059,S5_cross_partition_group_tuple_cell
CondRxnBench-Benchmark-v0.1-splits-candidate.1,perera_suzuki_miyaura_2018,S5,PERERA_SM_0063,S5_cross_partition_group_tuple_cell
CondRxnBench-Benchmark-v0.1-splits-candidate.1,perera_suzuki_miyaura_2018,S5,PERERA_SM_0067,S5_cross_partition_group_tuple_cell
CondRxnBench-Benchmark-v0.1-splits-candidate.1,perera_suzuki_miyaura_2018,S5,PERERA_SM_0069,S5_cross_partition_group_tuple_cell
CondRxnBench-Benchmark-v0.1-splits-candidate.1,perera_suzuki_miyaura_2018,S5,PERERA_SM_0070,S5_cross_partition_group_tuple_cell
CondRxnBench-Benchmark-v0.1-splits-candidate.1,perera_suzuki_miyaura_2018,S5,PERERA_SM_0072,S5_cross_partition_group_tuple_cell
CondRxnBench-Benchmark-v0.1-splits-candidate.1,perera_suzuki_miyaura_2018,S5,PERERA_SM_0079,S5_cross_partition_group_tuple_cell
CondRxnBench-Benchmark-v0.1-splits-candidate.1,perera_suzuki_miyaura_2018,S5,PERERA_SM_0090,S5_cross_partition_group_tuple_cell
CondRxnBench-Benchmark-v0.1-splits-candidate.1,perera_suzuki_miyaura_2018,S5,PERERA_SM_0091,S5_cross_partition_group_tuple_cell
CondRxnBench-Benchmark-v0.1-splits-candidate.1,perera_suzuki_miyaura_2018,S5,PERERA_SM_0092,S5_cross_partition_group_tuple_cell
CondRxnBench-Benchmark-v0.1-splits-candidate.1,perera_suzuki_miyaura_2018,S5,PERERA_SM_0093,S5_cross_partition_group_tuple_cell
CondRxnBench-Benchmark-v0.1-splits-candidate.1,perera_suzuki_miyaura_2018,S5,PERERA_SM_0095,S5_cross_partition_group_tuple_cell
CondRxnBench-Benchmark-v0.1-splits-candidate.1,perera_suzuki_miyaura_2018,S5,PERERA_SM_0097,S5_cross_partition_group_tuple_cell
CondRxnBench-Benchmark-v0.1-splits-candidate.1,perera_suzuki_miyaura_2018,S5,PERERA_SM_0098,S5_cross_partition_group_tuple_cell
CondRxnBench-Benchmark-v0.1-splits-candidate.1,perera_suzuki_miyaura_2018,S5,PERERA_SM_0099,S5_cross_partition_group_tuple_cell
CondRxnBench-Benchmark-v0.1-splits-candidate.1,perera_suzuki_miyaura_2018,S5,PERERA_SM_0103,S5_cross_partition_group_tuple_cell
CondRxnBench-Benchmark-v0.1-splits-candidate.1,perera_suzuki_miyaura_2018,S5,PERERA_SM_0108,S5_cross_partition_group_tuple_cell
CondRxnBench-Benchmark-v0.1-splits-candidate.1,perera_suzuki_miyaura_2018,S5,PERERA_SM_0111,S5_cross_partition_group_tuple_cell
CondRxnBench-Benchmark-v0.1-splits-candidate.1,perera_suzuki_miyaura_2018,S5,PERERA_SM_0113,S5_cross_partition_group_tuple_cell
CondRxnBench-Benchmark-v0.1-splits-candidate.1,perera_suzuki_miyaura_2018,S5,PERERA_SM_0114,S5_cross_partition_group_tuple_cell
CondRxnBench-Benchmark-v0.1-splits-candidate.1,perera_suzuki_miyaura_2018,S5,PERERA_SM_0115,S5_cross_partition_group_tuple_cell
CondRxnBench-Benchmark-v0.1-splits-candidate.1,perera_suzuki_miyaura_2018,S5,PERERA_SM_0119,S5_cross_partition_group_tuple_cell
CondRxnBench-Benchmark-v0.1-splits-candidate.1,perera_suzuki_miyaura_2018,S5,PERERA_SM_0124,S5_cross_partition_group_tuple_cell
CondRxnBench-Benchmark-v0.1-splits-candidate.1,perera_suzuki_miyaura_2018,S5,PERERA_SM_0127,S5_cross_partition_group_tuple_cell
CondRxnBench-Benchmark-v0.1-splits-candidate.1,perera_suzuki_miyaura_2018,S5,PERERA_SM_0131,S5_cross_partition_group_tuple_cell
CondRxnBench-Benchmark-v0.1-splits-candidate.1,perera_suzuki_miyaura_2018,S5,PERERA_SM_0132,S5_cross_partition_group_tuple_cell
CondRxnBench-Benchmark-v0.1-splits-candidate.1,perera_suzuki_miyaura_2018,S5,PERERA_SM_0134,S5_cross_partition_group_tuple_cell
CondRxnBench-Benchmark-v0.1-splits-candidate.1,perera_suzuki_miyaura_2018,S5,PERERA_SM_0140,S5_cross_partition_group_tuple_cell
CondRxnBench-Benchmark-v0.1-splits-candidate.1,perera_suzuki_miyaura_2018,S5,PERERA_SM_0147,S5_cross_partition_group_tuple_cell
CondRxnBench-Benchmark-v0.1-splits-candidate.1,perera_suzuki_miyaura_2018,S5,PERERA_SM_0148,S5_cross_partition_group_tuple_cell
CondRxnBench-Benchmark-v0.1-splits-candidate.1,perera_suzuki_miyaura_2018,S5,PERERA_SM_0152,S5_cross_partition_group_tuple_cell
CondRxnBench-Benchmark-v0.1-splits-candidate.1,perera_suzuki_miyaura_2018,S5,PERERA_SM_0159,S5_cross_partition_group_tuple_cell
CondRxnBench-Benchmark-v0.1-splits-candidate.1,perera_suzuki_miyaura_2018,S5,PERERA_SM_0161,S5_cross_partition_group_tuple_cell
CondRxnBench-Benchmark-v0.1-splits-candidate.1,perera_suzuki_miyaura_2018,S5,PERERA_SM_0162,S5_cross_partition_group_tuple_cell
CondRxnBench-Benchmark-v0.1-splits-candidate.1,perera_suzuki_miyaura_2018,S5,PERERA_SM_0163,S5_cross_partition_group_tuple_cell
CondRxnBench-Benchmark-v0.1-splits-candidate.1,perera_suzuki_miyaura_2018,S5,PERERA_SM_0164,S5_cross_partition_group_tuple_cell
CondRxnBench-Benchmark-v0.1-splits-candidate.1,perera_suzuki_miyaura_2018,S5,PERERA_SM_0165,S5_cross_partition_group_tuple_cell
CondRxnBench-Benchmark-v0.1-splits-candidate.1,perera_suzuki_miyaura_2018,S5,PERERA_SM_0167,S5_cross_partition_group_tuple_cell
CondRxnBench-Benchmark-v0.1-splits-candidate.1,perera_suzuki_miyaura_2018,S5,PERERA_SM_0171,S5_cross_partition_group_tuple_cell
CondRxnBench-Benchmark-v0.1-splits-candidate.1,perera_suzuki_miyaura_2018,S5,PERERA_SM_0174,S5_cross_partition_group_tuple_cell
CondRxnBench-Benchmark-v0.1-splits-candidate.1,perera_suzuki_miyaura_2018,S5,PERERA_SM_0175,S5_cross_partition_group_tuple_cell
CondRxnBench-Benchmark-v0.1-splits-candidate.1,perera_suzuki_miyaura_2018,S5,PERERA_SM_0176,S5_cross_partition_group_tuple_cell
CondRxnBench-Benchmark-v0.1-splits-candidate.1,perera_suzuki_miyaura_2018,S5,PERERA_SM_0180,S5_cross_partition_group_tuple_cell
CondRxnBench-Benchmark-v0.1-splits-candidate.1,perera_suzuki_miyaura_2018,S5,PERERA_SM_0187,S5_cross_partition_group_tuple_cell
CondRxnBench-Benchmark-v0.1-splits-candidate.1,perera_suzuki_miyaura_2018,S5,PERERA_SM_0190,S5_cross_partition_group_tuple_cell
CondRxnBench-Benchmark-v0.1-splits-candidate.1,perera_suzuki_miyaura_2018,S5,PERERA_SM_0191,S5_cross_partition_group_tuple_cell
CondRxnBench-Benchmark-v0.1-splits-candidate.1,perera_suzuki_miyaura_2018,S5,PERERA_SM_0192,S5_cross_partition_group_tuple_cell
CondRxnBench-Benchmark-v0.1-splits-candidate.1,perera_suzuki_miyaura_2018,S5,PERERA_SM_0193,S5_cross_partition_group_tuple_cell
CondRxnBench-Benchmark-v0.1-splits-candidate.1,perera_suzuki_miyaura_2018,S5,PERERA_SM_0195,S5_cross_partition_group_tuple_cell
CondRxnBench-Benchmark-v0.1-splits-candidate.1,perera_suzuki_miyaura_2018,S5,PERERA_SM_0200,S5_cross_partition_group_tuple_cell
CondRxnBench-Benchmark-v0.1-splits-candidate.1,perera_suzuki_miyaura_2018,S5,PERERA_SM_0204,S5_cross_partition_group_tuple_cell
CondRxnBench-Benchmark-v0.1-splits-candidate.1,perera_suzuki_miyaura_2018,S5,PERERA_SM_0205,S5_cross_partition_group_tuple_cell
CondRxnBench-Benchmark-v0.1-splits-candidate.1,perera_suzuki_miyaura_2018,S5,PERERA_SM_0206,S5_cross_partition_group_tuple_cell
CondRxnBench-Benchmark-v0.1-splits-candidate.1,perera_suzuki_miyaura_2018,S5,PERERA_SM_0213,S5_cross_partition_group_tuple_cell
CondRxnBench-Benchmark-v0.1-splits-candidate.1,perera_suzuki_miyaura_2018,S5,PERERA_SM_0219,S5_cross_partition_group_tuple_cell
CondRxnBench-Benchmark-v0.1-splits-candidate.1,perera_suzuki_miyaura_2018,S5,PERERA_SM_0221,S5_cross_partition_group_tuple_cell
CondRxnBench-Benchmark-v0.1-splits-candidate.1,perera_suzuki_miyaura_2018,S5,PERERA_SM_0226,S5_cross_partition_group_tuple_cell
CondRxnBench-Benchmark-v0.1-splits-candidate.1,perera_suzuki_miyaura_2018,S5,PERERA_SM_0230,S5_cross_partition_group_tuple_cell
CondRxnBench-Benchmark-v0.1-splits-candidate.1,perera_suzuki_miyaura_2018,S5,PERERA_SM_0234,S5_cross_partition_group_tuple_cell
CondRxnBench-Benchmark-v0.1-splits-candidate.1,perera_suzuki_miyaura_2018,S5,PERERA_SM_0238,S5_cross_partition_group_tuple_cell
CondRxnBench-Benchmark-v0.1-splits-candidate.1,perera_suzuki_miyaura_2018,S5,PERERA_SM_0240,S5_cross_partition_group_tuple_cell
CondRxnBench-Benchmark-v0.1-splits-candidate.1,perera_suzuki_miyaura_2018,S5,PERERA_SM_0242,S5_cross_partition_group_tuple_cell
CondRxnBench-Benchmark-v0.1-splits-candidate.1,perera_suzuki_miyaura_2018,S5,PERERA_SM_0245,S5_cross_partition_group_tuple_cell
CondRxnBench-Benchmark-v0.1-splits-candidate.1,perera_suzuki_miyaura_2018,S5,PERERA_SM_0247,S5_cross_partition_group_tuple_cell
CondRxnBench-Benchmark-v0.1-splits-candidate.1,perera_suzuki_miyaura_2018,S5,PERERA_SM_0251,S5_cross_partition_group_tuple_cell
CondRxnBench-Benchmark-v0.1-splits-candidate.1,perera_suzuki_miyaura_2018,S5,PERERA_SM_0255,S5_cross_partition_group_tuple_cell
CondRxnBench-Benchmark-v0.1-splits-candidate.1,perera_suzuki_miyaura_2018,S5,PERERA_SM_0257,S5_cross_partition_group_tuple_cell
CondRxnBench-Benchmark-v0.1-splits-candidate.1,perera_suzuki_miyaura_2018,S5,PERERA_SM_0258,S5_cross_partition_group_tuple_cell
CondRxnBench-Benchmark-v0.1-splits-candidate.1,perera_suzuki_miyaura_2018,S5,PERERA_SM_0261,S5_cross_partition_group_tuple_cell
CondRxnBench-Benchmark-v0.1-splits-candidate.1,perera_suzuki_miyaura_2018,S5,PERERA_SM_0264,S5_cross_partition_group_tuple_cell
CondRxnBench-Benchmark-v0.1-splits-candidate.1,perera_suzuki_miyaura_2018,S5,PERERA_SM_0265,S5_cross_partition_group_tuple_cell
CondRxnBench-Benchmark-v0.1-splits-candidate.1,perera_suzuki_miyaura_2018,S5,PERERA_SM_0269,S5_cross_partition_group_tuple_cell
CondRxnBench-Benchmark-v0.1-splits-candidate.1,perera_suzuki_miyaura_2018,S5,PERERA_SM_0270,S5_cross_partition_group_tuple_cell
CondRxnBench-Benchmark-v0.1-splits-candidate.1,perera_suzuki_miyaura_2018,S5,PERERA_SM_0275,S5_cross_partition_group_tuple_cell
CondRxnBench-Benchmark-v0.1-splits-candidate.1,perera_suzuki_miyaura_2018,S5,PERERA_SM_0279,S5_cross_partition_group_tuple_cell
CondRxnBench-Benchmark-v0.1-splits-candidate.1,perera_suzuki_miyaura_2018,S5,PERERA_SM_0280,S5_cross_partition_group_tuple_cell
CondRxnBench-Benchmark-v0.1-splits-candidate.1,perera_suzuki_miyaura_2018,S5,PERERA_SM_0286,S5_cross_partition_group_tuple_cell
CondRxnBench-Benchmark-v0.1-splits-candidate.1,perera_suzuki_miyaura_2018,S5,PERERA_SM_0289,S5_cross_partition_group_tuple_cell
CondRxnBench-Benchmark-v0.1-splits-candidate.1,perera_suzuki_miyaura_2018,S5,PERERA_SM_0290,S5_cross_partition_group_tuple_cell
CondRxnBench-Benchmark-v0.1-splits-candidate.1,perera_suzuki_miyaura_2018,S5,PERERA_SM_0295,S5_cross_partition_group_tuple_cell
CondRxnBench-Benchmark-v0.1-splits-candidate.1,perera_suzuki_miyaura_2018,S5,PERERA_SM_0296,S5_cross_partition_group_tuple_cell
CondRxnBench-Benchmark-v0.1-splits-candidate.1,perera_suzuki_miyaura_2018,S5,PERERA_SM_0300,S5_cross_partition_group_tuple_cell
CondRxnBench-Benchmark-v0.1-splits-candidate.1,perera_suzuki_miyaura_2018,S5,PERERA_SM_0305,S5_cross_partition_group_tuple_cell
CondRxnBench-Benchmark-v0.1-splits-candidate.1,perera_suzuki_miyaura_2018,S5,PERERA_SM_0313,S5_cross_partition_group_tuple_cell
CondRxnBench-Benchmark-v0.1-splits-candidate.1,perera_suzuki_miyaura_2018,S5,PERERA_SM_0315,S5_cross_partition_group_tuple_cell
CondRxnBench-Benchmark-v0.1-splits-candidate.1,perera_suzuki_miyaura_2018,S5,PERERA_SM_0318,S5_cross_partition_group_tuple_cell
CondRxnBench-Benchmark-v0.1-splits-candidate.1,perera_suzuki_miyaura_2018,S5,PERERA_SM_0324,S5_cross_partition_group_tuple_cell
CondRxnBench-Benchmark-v0.1-splits-candidate.1,perera_suzuki_miyaura_2018,S5,PERERA_SM_0326,S5_cross_partition_group_tuple_cell
CondRxnBench-Benchmark-v0.1-splits-candidate.1,perera_suzuki_miyaura_2018,S5,PERERA_SM_0330,S5_cross_partition_group_tuple_cell
CondRxnBench-Benchmark-v0.1-splits-candidate.1,perera_suzuki_miyaura_2018,S5,PERERA_SM_0331,S5_cross_partition_group_tuple_cell
CondRxnBench-Benchmark-v0.1-splits-candidate.1,perera_suzuki_miyaura_2018,S5,PERERA_SM_0337,S5_cross_partition_group_tuple_cell
CondRxnBench-Benchmark-v0.1-splits-candidate.1,perera_suzuki_miyaura_2018,S5,PERERA_SM_0342,S5_cross_partition_group_tuple_cell
CondRxnBench-Benchmark-v0.1-splits-candidate.1,perera_suzuki_miyaura_2018,S5,PERERA_SM_0343,S5_cross_partition_group_tuple_cell
CondRxnBench-Benchmark-v0.1-splits-candidate.1,perera_suzuki_miyaura_2018,S5,PERERA_SM_0347,S5_cross_partition_group_tuple_cell
CondRxnBench-Benchmark-v0.1-splits-candidate.1,perera_suzuki_miyaura_2018,S5,PERERA_SM_0348,S5_cross_partition_group_tuple_cell
CondRxnBench-Benchmark-v0.1-splits-candidate.1,perera_suzuki_miyaura_2018,S5,PERERA_SM_0350,S5_cross_partition_group_tuple_cell
CondRxnBench-Benchmark-v0.1-splits-candidate.1,perera_suzuki_miyaura_2018,S5,PERERA_SM_0360,S5_cross_partition_group_tuple_cell
CondRxnBench-Benchmark-v0.1-splits-candidate.1,perera_suzuki_miyaura_2018,S5,PERERA_SM_0364,S5_cross_partition_group_tuple_cell
CondRxnBench-Benchmark-v0.1-splits-candidate.1,perera_suzuki_miyaura_2018,S5,PERERA_SM_0367,S5_cross_partition_group_tuple_cell
CondRxnBench-Benchmark-v0.1-splits-candidate.1,perera_suzuki_miyaura_2018,S5,PERERA_SM_0370,S5_cross_partition_group_tuple_cell
CondRxnBench-Benchmark-v0.1-splits-candidate.1,perera_suzuki_miyaura_2018,S5,PERERA_SM_0376,S5_cross_partition_group_tuple_cell
CondRxnBench-Benchmark-v0.1-splits-candidate.1,perera_suzuki_miyaura_2018,S5,PERERA_SM_0393,S5_cross_partition_group_tuple_cell
CondRxnBench-Benchmark-v0.1-splits-candidate.1,perera_suzuki_miyaura_2018,S5,PERERA_SM_0396,S5_cross_partition_group_tuple_cell
CondRxnBench-Benchmark-v0.1-splits-candidate.1,perera_suzuki_miyaura_2018,S5,PERERA_SM_0402,S5_cross_partition_group_tuple_cell
CondRxnBench-Benchmark-v0.1-splits-candidate.1,perera_suzuki_miyaura_2018,S5,PERERA_SM_0407,S5_cross_partition_group_tuple_cell
CondRxnBench-Benchmark-v0.1-splits-candidate.1,perera_suzuki_miyaura_2018,S5,PERERA_SM_0409,S5_cross_partition_group_tuple_cell
CondRxnBench-Benchmark-v0.1-splits-candidate.1,perera_suzuki_miyaura_2018,S5,PERERA_SM_0420,S5_cross_partition_group_tuple_cell
CondRxnBench-Benchmark-v0.1-splits-candidate.1,perera_suzuki_miyaura_2018,S5,PERERA_SM_0427,S5_cross_partition_group_tuple_cell
CondRxnBench-Benchmark-v0.1-splits-candidate.1,perera_suzuki_miyaura_2018,S5,PERERA_SM_0435,S5_cross_partition_group_tuple_cell
CondRxnBench-Benchmark-v0.1-splits-candidate.1,perera_suzuki_miyaura_2018,S5,PERERA_SM_0436,S5_cross_partition_group_tuple_cell
CondRxnBench-Benchmark-v0.1-splits-candidate.1,perera_suzuki_miyaura_2018,S5,PERERA_SM_0437,S5_cross_partition_group_tuple_cell
CondRxnBench-Benchmark-v0.1-splits-candidate.1,perera_suzuki_miyaura_2018,S5,PERERA_SM_0440,S5_cross_partition_group_tuple_cell
CondRxnBench-Benchmark-v0.1-splits-candidate.1,perera_suzuki_miyaura_2018,S5,PERERA_SM_0443,S5_cross_partition_group_tuple_cell
CondRxnBench-Benchmark-v0.1-splits-candidate.1,perera_suzuki_miyaura_2018,S5,PERERA_SM_0447,S5_cross_partition_group_tuple_cell
CondRxnBench-Benchmark-v0.1-splits-candidate.1,perera_suzuki_miyaura_2018,S5,PERERA_SM_0451,S5_cross_partition_group_tuple_cell
CondRxnBench-Benchmark-v0.1-splits-candidate.1,perera_suzuki_miyaura_2018,S5,PERERA_SM_0453,S5_cross_partition_group_tuple_cell
CondRxnBench-Benchmark-v0.1-splits-candidate.1,perera_suzuki_miyaura_2018,S5,PERERA_SM_0454,S5_cross_partition_group_tuple_cell
CondRxnBench-Benchmark-v0.1-splits-candidate.1,perera_suzuki_miyaura_2018,S5,PERERA_SM_0456,S5_cross_partition_group_tuple_cell
CondRxnBench-Benchmark-v0.1-splits-candidate.1,perera_suzuki_miyaura_2018,S5,PERERA_SM_0463,S5_cross_partition_group_tuple_cell
CondRxnBench-Benchmark-v0.1-splits-candidate.1,perera_suzuki_miyaura_2018,S5,PERERA_SM_0474,S5_cross_partition_group_tuple_cell
CondRxnBench-Benchmark-v0.1-splits-candidate.1,perera_suzuki_miyaura_2018,S5,PERERA_SM_0475,S5_cross_partition_group_tuple_cell
CondRxnBench-Benchmark-v0.1-splits-candidate.1,perera_suzuki_miyaura_2018,S5,PERERA_SM_0476,S5_cross_partition_group_tuple_cell
CondRxnBench-Benchmark-v0.1-splits-candidate.1,perera_suzuki_miyaura_2018,S5,PERERA_SM_0477,S5_cross_partition_group_tuple_cell
CondRxnBench-Benchmark-v0.1-splits-candidate.1,perera_suzuki_miyaura_2018,S5,PERERA_SM_0479,S5_cross_partition_group_tuple_cell
CondRxnBench-Benchmark-v0.1-splits-candidate.1,perera_suzuki_miyaura_2018,S5,PERERA_SM_0481,S5_cross_partition_group_tuple_cell
CondRxnBench-Benchmark-v0.1-splits-candidate.1,perera_suzuki_miyaura_2018,S5,PERERA_SM_0482,S5_cross_partition_group_tuple_cell
CondRxnBench-Benchmark-v0.1-splits-candidate.1,perera_suzuki_miyaura_2018,S5,PERERA_SM_0483,S5_cross_partition_group_tuple_cell
CondRxnBench-Benchmark-v0.1-splits-candidate.1,perera_suzuki_miyaura_2018,S5,PERERA_SM_0487,S5_cross_partition_group_tuple_cell
CondRxnBench-Benchmark-v0.1-splits-candidate.1,perera_suzuki_miyaura_2018,S5,PERERA_SM_0492,S5_cross_partition_group_tuple_cell
CondRxnBench-Benchmark-v0.1-splits-candidate.1,perera_suzuki_miyaura_2018,S5,PERERA_SM_0495,S5_cross_partition_group_tuple_cell
CondRxnBench-Benchmark-v0.1-splits-candidate.1,perera_suzuki_miyaura_2018,S5,PERERA_SM_0497,S5_cross_partition_group_tuple_cell
CondRxnBench-Benchmark-v0.1-splits-candidate.1,perera_suzuki_miyaura_2018,S5,PERERA_SM_0498,S5_cross_partition_group_tuple_cell
CondRxnBench-Benchmark-v0.1-splits-candidate.1,perera_suzuki_miyaura_2018,S5,PERERA_SM_0499,S5_cross_partition_group_tuple_cell
CondRxnBench-Benchmark-v0.1-splits-candidate.1,perera_suzuki_miyaura_2018,S5,PERERA_SM_0503,S5_cross_partition_group_tuple_cell
CondRxnBench-Benchmark-v0.1-splits-candidate.1,perera_suzuki_miyaura_2018,S5,PERERA_SM_0508,S5_cross_partition_group_tuple_cell
CondRxnBench-Benchmark-v0.1-splits-candidate.1,perera_suzuki_miyaura_2018,S5,PERERA_SM_0511,S5_cross_partition_group_tuple_cell
CondRxnBench-Benchmark-v0.1-splits-candidate.1,perera_suzuki_miyaura_2018,S5,PERERA_SM_0515,S5_cross_partition_group_tuple_cell
CondRxnBench-Benchmark-v0.1-splits-candidate.1,perera_suzuki_miyaura_2018,S5,PERERA_SM_0516,S5_cross_partition_group_tuple_cell
CondRxnBench-Benchmark-v0.1-splits-candidate.1,perera_suzuki_miyaura_2018,S5,PERERA_SM_0518,S5_cross_partition_group_tuple_cell
CondRxnBench-Benchmark-v0.1-splits-candidate.1,perera_suzuki_miyaura_2018,S5,PERERA_SM_0524,S5_cross_partition_group_tuple_cell
CondRxnBench-Benchmark-v0.1-splits-candidate.1,perera_suzuki_miyaura_2018,S5,PERERA_SM_0531,S5_cross_partition_group_tuple_cell
CondRxnBench-Benchmark-v0.1-splits-candidate.1,perera_suzuki_miyaura_2018,S5,PERERA_SM_0532,S5_cross_partition_group_tuple_cell
CondRxnBench-Benchmark-v0.1-splits-candidate.1,perera_suzuki_miyaura_2018,S5,PERERA_SM_0536,S5_cross_partition_group_tuple_cell
CondRxnBench-Benchmark-v0.1-splits-candidate.1,perera_suzuki_miyaura_2018,S5,PERERA_SM_0543,S5_cross_partition_group_tuple_cell
CondRxnBench-Benchmark-v0.1-splits-candidate.1,perera_suzuki_miyaura_2018,S5,PERERA_SM_0545,S5_cross_partition_group_tuple_cell
CondRxnBench-Benchmark-v0.1-splits-candidate.1,perera_suzuki_miyaura_2018,S5,PERERA_SM_0546,S5_cross_partition_group_tuple_cell
CondRxnBench-Benchmark-v0.1-splits-candidate.1,perera_suzuki_miyaura_2018,S5,PERERA_SM_0547,S5_cross_partition_group_tuple_cell
CondRxnBench-Benchmark-v0.1-splits-candidate.1,perera_suzuki_miyaura_2018,S5,PERERA_SM_0548,S5_cross_partition_group_tuple_cell
CondRxnBench-Benchmark-v0.1-splits-candidate.1,perera_suzuki_miyaura_2018,S5,PERERA_SM_0549,S5_cross_partition_group_tuple_cell
CondRxnBench-Benchmark-v0.1-splits-candidate.1,perera_suzuki_miyaura_2018,S5,PERERA_SM_0551,S5_cross_partition_group_tuple_cell
CondRxnBench-Benchmark-v0.1-splits-candidate.1,perera_suzuki_miyaura_2018,S5,PERERA_SM_0555,S5_cross_partition_group_tuple_cell
CondRxnBench-Benchmark-v0.1-splits-candidate.1,perera_suzuki_miyaura_2018,S5,PERERA_SM_0558,S5_cross_partition_group_tuple_cell
CondRxnBench-Benchmark-v0.1-splits-candidate.1,perera_suzuki_miyaura_2018,S5,PERERA_SM_0559,S5_cross_partition_group_tuple_cell
CondRxnBench-Benchmark-v0.1-splits-candidate.1,perera_suzuki_miyaura_2018,S5,PERERA_SM_0560,S5_cross_partition_group_tuple_cell
CondRxnBench-Benchmark-v0.1-splits-candidate.1,perera_suzuki_miyaura_2018,S5,PERERA_SM_0564,S5_cross_partition_group_tuple_cell
CondRxnBench-Benchmark-v0.1-splits-candidate.1,perera_suzuki_miyaura_2018,S5,PERERA_SM_0571,S5_cross_partition_group_tuple_cell
CondRxnBench-Benchmark-v0.1-splits-candidate.1,perera_suzuki_miyaura_2018,S5,PERERA_SM_0574,S5_cross_partition_group_tuple_cell
CondRxnBench-Benchmark-v0.1-splits-candidate.1,perera_suzuki_miyaura_2018,S5,PERERA_SM_0575,S5_cross_partition_group_tuple_cell
CondRxnBench-Benchmark-v0.1-splits-candidate.1,perera_suzuki_miyaura_2018,S5,PERERA_SM_0576,S5_cross_partition_group_tuple_cell
CondRxnBench-Benchmark-v0.1-splits-candidate.1,perera_suzuki_miyaura_2018,S5,PERERA_SM_0577,S5_cross_partition_group_tuple_cell
CondRxnBench-Benchmark-v0.1-splits-candidate.1,perera_suzuki_miyaura_2018,S5,PERERA_SM_0579,S5_cross_partition_group_tuple_cell
CondRxnBench-Benchmark-v0.1-splits-candidate.1,perera_suzuki_miyaura_2018,S5,PERERA_SM_0584,S5_cross_partition_group_tuple_cell
CondRxnBench-Benchmark-v0.1-splits-candidate.1,perera_suzuki_miyaura_2018,S5,PERERA_SM_0588,S5_cross_partition_group_tuple_cell
CondRxnBench-Benchmark-v0.1-splits-candidate.1,perera_suzuki_miyaura_2018,S5,PERERA_SM_0589,S5_cross_partition_group_tuple_cell
CondRxnBench-Benchmark-v0.1-splits-candidate.1,perera_suzuki_miyaura_2018,S5,PERERA_SM_0590,S5_cross_partition_group_tuple_cell
CondRxnBench-Benchmark-v0.1-splits-candidate.1,perera_suzuki_miyaura_2018,S5,PERERA_SM_0597,S5_cross_partition_group_tuple_cell
CondRxnBench-Benchmark-v0.1-splits-candidate.1,perera_suzuki_miyaura_2018,S5,PERERA_SM_0603,S5_cross_partition_group_tuple_cell
CondRxnBench-Benchmark-v0.1-splits-candidate.1,perera_suzuki_miyaura_2018,S5,PERERA_SM_0605,S5_cross_partition_group_tuple_cell
CondRxnBench-Benchmark-v0.1-splits-candidate.1,perera_suzuki_miyaura_2018,S5,PERERA_SM_0610,S5_cross_partition_group_tuple_cell
CondRxnBench-Benchmark-v0.1-splits-candidate.1,perera_suzuki_miyaura_2018,S5,PERERA_SM_0614,S5_cross_partition_group_tuple_cell
CondRxnBench-Benchmark-v0.1-splits-candidate.1,perera_suzuki_miyaura_2018,S5,PERERA_SM_0618,S5_cross_partition_group_tuple_cell
CondRxnBench-Benchmark-v0.1-splits-candidate.1,perera_suzuki_miyaura_2018,S5,PERERA_SM_0622,S5_cross_partition_group_tuple_cell
CondRxnBench-Benchmark-v0.1-splits-candidate.1,perera_suzuki_miyaura_2018,S5,PERERA_SM_0624,S5_cross_partition_group_tuple_cell
CondRxnBench-Benchmark-v0.1-splits-candidate.1,perera_suzuki_miyaura_2018,S5,PERERA_SM_0626,S5_cross_partition_group_tuple_cell
CondRxnBench-Benchmark-v0.1-splits-candidate.1,perera_suzuki_miyaura_2018,S5,PERERA_SM_0629,S5_cross_partition_group_tuple_cell
CondRxnBench-Benchmark-v0.1-splits-candidate.1,perera_suzuki_miyaura_2018,S5,PERERA_SM_0631,S5_cross_partition_group_tuple_cell
CondRxnBench-Benchmark-v0.1-splits-candidate.1,perera_suzuki_miyaura_2018,S5,PERERA_SM_0635,S5_cross_partition_group_tuple_cell
CondRxnBench-Benchmark-v0.1-splits-candidate.1,perera_suzuki_miyaura_2018,S5,PERERA_SM_0639,S5_cross_partition_group_tuple_cell
CondRxnBench-Benchmark-v0.1-splits-candidate.1,perera_suzuki_miyaura_2018,S5,PERERA_SM_0641,S5_cross_partition_group_tuple_cell
CondRxnBench-Benchmark-v0.1-splits-candidate.1,perera_suzuki_miyaura_2018,S5,PERERA_SM_0642,S5_cross_partition_group_tuple_cell
CondRxnBench-Benchmark-v0.1-splits-candidate.1,perera_suzuki_miyaura_2018,S5,PERERA_SM_0645,S5_cross_partition_group_tuple_cell
CondRxnBench-Benchmark-v0.1-splits-candidate.1,perera_suzuki_miyaura_2018,S5,PERERA_SM_0648,S5_cross_partition_group_tuple_cell
CondRxnBench-Benchmark-v0.1-splits-candidate.1,perera_suzuki_miyaura_2018,S5,PERERA_SM_0649,S5_cross_partition_group_tuple_cell
CondRxnBench-Benchmark-v0.1-splits-candidate.1,perera_suzuki_miyaura_2018,S5,PERERA_SM_0653,S5_cross_partition_group_tuple_cell
CondRxnBench-Benchmark-v0.1-splits-candidate.1,perera_suzuki_miyaura_2018,S5,PERERA_SM_0654,S5_cross_partition_group_tuple_cell
CondRxnBench-Benchmark-v0.1-splits-candidate.1,perera_suzuki_miyaura_2018,S5,PERERA_SM_0659,S5_cross_partition_group_tuple_cell
CondRxnBench-Benchmark-v0.1-splits-candidate.1,perera_suzuki_miyaura_2018,S5,PERERA_SM_0663,S5_cross_partition_group_tuple_cell
CondRxnBench-Benchmark-v0.1-splits-candidate.1,perera_suzuki_miyaura_2018,S5,PERERA_SM_0664,S5_cross_partition_group_tuple_cell
CondRxnBench-Benchmark-v0.1-splits-candidate.1,perera_suzuki_miyaura_2018,S5,PERERA_SM_0670,S5_cross_partition_group_tuple_cell
CondRxnBench-Benchmark-v0.1-splits-candidate.1,perera_suzuki_miyaura_2018,S5,PERERA_SM_0673,S5_cross_partition_group_tuple_cell
CondRxnBench-Benchmark-v0.1-splits-candidate.1,perera_suzuki_miyaura_2018,S5,PERERA_SM_0674,S5_cross_partition_group_tuple_cell
CondRxnBench-Benchmark-v0.1-splits-candidate.1,perera_suzuki_miyaura_2018,S5,PERERA_SM_0679,S5_cross_partition_group_tuple_cell
CondRxnBench-Benchmark-v0.1-splits-candidate.1,perera_suzuki_miyaura_2018,S5,PERERA_SM_0680,S5_cross_partition_group_tuple_cell
CondRxnBench-Benchmark-v0.1-splits-candidate.1,perera_suzuki_miyaura_2018,S5,PERERA_SM_0684,S5_cross_partition_group_tuple_cell
CondRxnBench-Benchmark-v0.1-splits-candidate.1,perera_suzuki_miyaura_2018,S5,PERERA_SM_0689,S5_cross_partition_group_tuple_cell
CondRxnBench-Benchmark-v0.1-splits-candidate.1,perera_suzuki_miyaura_2018,S5,PERERA_SM_0697,S5_cross_partition_group_tuple_cell
CondRxnBench-Benchmark-v0.1-splits-candidate.1,perera_suzuki_miyaura_2018,S5,PERERA_SM_0699,S5_cross_partition_group_tuple_cell
CondRxnBench-Benchmark-v0.1-splits-candidate.1,perera_suzuki_miyaura_2018,S5,PERERA_SM_0702,S5_cross_partition_group_tuple_cell
CondRxnBench-Benchmark-v0.1-splits-candidate.1,perera_suzuki_miyaura_2018,S5,PERERA_SM_0708,S5_cross_partition_group_tuple_cell
CondRxnBench-Benchmark-v0.1-splits-candidate.1,perera_suzuki_miyaura_2018,S5,PERERA_SM_0710,S5_cross_partition_group_tuple_cell
CondRxnBench-Benchmark-v0.1-splits-candidate.1,perera_suzuki_miyaura_2018,S5,PERERA_SM_0714,S5_cross_partition_group_tuple_cell
CondRxnBench-Benchmark-v0.1-splits-candidate.1,perera_suzuki_miyaura_2018,S5,PERERA_SM_0715,S5_cross_partition_group_tuple_cell
CondRxnBench-Benchmark-v0.1-splits-candidate.1,perera_suzuki_miyaura_2018,S5,PERERA_SM_0721,S5_cross_partition_group_tuple_cell
CondRxnBench-Benchmark-v0.1-splits-candidate.1,perera_suzuki_miyaura_2018,S5,PERERA_SM_0726,S5_cross_partition_group_tuple_cell
CondRxnBench-Benchmark-v0.1-splits-candidate.1,perera_suzuki_miyaura_2018,S5,PERERA_SM_0727,S5_cross_partition_group_tuple_cell
CondRxnBench-Benchmark-v0.1-splits-candidate.1,perera_suzuki_miyaura_2018,S5,PERERA_SM_0731,S5_cross_partition_group_tuple_cell
CondRxnBench-Benchmark-v0.1-splits-candidate.1,perera_suzuki_miyaura_2018,S5,PERERA_SM_0732,S5_cross_partition_group_tuple_cell
CondRxnBench-Benchmark-v0.1-splits-candidate.1,perera_suzuki_miyaura_2018,S5,PERERA_SM_0734,S5_cross_partition_group_tuple_cell
CondRxnBench-Benchmark-v0.1-splits-candidate.1,perera_suzuki_miyaura_2018,S5,PERERA_SM_0744,S5_cross_partition_group_tuple_cell
CondRxnBench-Benchmark-v0.1-splits-candidate.1,perera_suzuki_miyaura_2018,S5,PERERA_SM_0748,S5_cross_partition_group_tuple_cell
CondRxnBench-Benchmark-v0.1-splits-candidate.1,perera_suzuki_miyaura_2018,S5,PERERA_SM_0751,S5_cross_partition_group_tuple_cell
CondRxnBench-Benchmark-v0.1-splits-candidate.1,perera_suzuki_miyaura_2018,S5,PERERA_SM_0754,S5_cross_partition_group_tuple_cell
CondRxnBench-Benchmark-v0.1-splits-candidate.1,perera_suzuki_miyaura_2018,S5,PERERA_SM_0760,S5_cross_partition_group_tuple_cell
CondRxnBench-Benchmark-v0.1-splits-candidate.1,perera_suzuki_miyaura_2018,S5,PERERA_SM_0769,S5_cross_partition_group_tuple_cell
CondRxnBench-Benchmark-v0.1-splits-candidate.1,perera_suzuki_miyaura_2018,S5,PERERA_SM_0770,S5_cross_partition_group_tuple_cell
CondRxnBench-Benchmark-v0.1-splits-candidate.1,perera_suzuki_miyaura_2018,S5,PERERA_SM_0771,S5_cross_partition_group_tuple_cell
CondRxnBench-Benchmark-v0.1-splits-candidate.1,perera_suzuki_miyaura_2018,S5,PERERA_SM_0772,S5_cross_partition_group_tuple_cell
CondRxnBench-Benchmark-v0.1-splits-candidate.1,perera_suzuki_miyaura_2018,S5,PERERA_SM_0773,S5_cross_partition_group_tuple_cell
CondRxnBench-Benchmark-v0.1-splits-candidate.1,perera_suzuki_miyaura_2018,S5,PERERA_SM_0774,S5_cross_partition_group_tuple_cell
CondRxnBench-Benchmark-v0.1-splits-candidate.1,perera_suzuki_miyaura_2018,S5,PERERA_SM_0775,S5_cross_partition_group_tuple_cell
CondRxnBench-Benchmark-v0.1-splits-candidate.1,perera_suzuki_miyaura_2018,S5,PERERA_SM_0776,S5_cross_partition_group_tuple_cell
CondRxnBench-Benchmark-v0.1-splits-candidate.1,perera_suzuki_miyaura_2018,S5,PERERA_SM_0778,S5_cross_partition_group_tuple_cell
CondRxnBench-Benchmark-v0.1-splits-candidate.1,perera_suzuki_miyaura_2018,S5,PERERA_SM_0779,S5_cross_partition_group_tuple_cell
CondRxnBench-Benchmark-v0.1-splits-candidate.1,perera_suzuki_miyaura_2018,S5,PERERA_SM_0781,S5_cross_partition_group_tuple_cell
CondRxnBench-Benchmark-v0.1-splits-candidate.1,perera_suzuki_miyaura_2018,S5,PERERA_SM_0782,S5_cross_partition_group_tuple_cell
CondRxnBench-Benchmark-v0.1-splits-candidate.1,perera_suzuki_miyaura_2018,S5,PERERA_SM_0783,S5_cross_partition_group_tuple_cell
CondRxnBench-Benchmark-v0.1-splits-candidate.1,perera_suzuki_miyaura_2018,S5,PERERA_SM_0784,S5_cross_partition_group_tuple_cell
CondRxnBench-Benchmark-v0.1-splits-candidate.1,perera_suzuki_miyaura_2018,S5,PERERA_SM_0785,S5_cross_partition_group_tuple_cell
CondRxnBench-Benchmark-v0.1-splits-candidate.1,perera_suzuki_miyaura_2018,S5,PERERA_SM_0787,S5_cross_partition_group_tuple_cell
CondRxnBench-Benchmark-v0.1-splits-candidate.1,perera_suzuki_miyaura_2018,S5,PERERA_SM_0788,S5_cross_partition_group_tuple_cell
CondRxnBench-Benchmark-v0.1-splits-candidate.1,perera_suzuki_miyaura_2018,S5,PERERA_SM_0789,S5_cross_partition_group_tuple_cell
CondRxnBench-Benchmark-v0.1-splits-candidate.1,perera_suzuki_miyaura_2018,S5,PERERA_SM_0790,S5_cross_partition_group_tuple_cell
CondRxnBench-Benchmark-v0.1-splits-candidate.1,perera_suzuki_miyaura_2018,S5,PERERA_SM_0792,S5_cross_partition_group_tuple_cell
CondRxnBench-Benchmark-v0.1-splits-candidate.1,perera_suzuki_miyaura_2018,S5,PERERA_SM_0793,S5_cross_partition_group_tuple_cell
CondRxnBench-Benchmark-v0.1-splits-candidate.1,perera_suzuki_miyaura_2018,S5,PERERA_SM_0794,S5_cross_partition_group_tuple_cell
CondRxnBench-Benchmark-v0.1-splits-candidate.1,perera_suzuki_miyaura_2018,S5,PERERA_SM_0795,S5_cross_partition_group_tuple_cell
CondRxnBench-Benchmark-v0.1-splits-candidate.1,perera_suzuki_miyaura_2018,S5,PERERA_SM_0796,S5_cross_partition_group_tuple_cell
CondRxnBench-Benchmark-v0.1-splits-candidate.1,perera_suzuki_miyaura_2018,S5,PERERA_SM_0797,S5_cross_partition_group_tuple_cell
CondRxnBench-Benchmark-v0.1-splits-candidate.1,perera_suzuki_miyaura_2018,S5,PERERA_SM_0798,S5_cross_partition_group_tuple_cell
CondRxnBench-Benchmark-v0.1-splits-candidate.1,perera_suzuki_miyaura_2018,S5,PERERA_SM_0799,S5_cross_partition_group_tuple_cell
CondRxnBench-Benchmark-v0.1-splits-candidate.1,perera_suzuki_miyaura_2018,S5,PERERA_SM_0800,S5_cross_partition_group_tuple_cell
CondRxnBench-Benchmark-v0.1-splits-candidate.1,perera_suzuki_miyaura_2018,S5,PERERA_SM_0801,S5_cross_partition_group_tuple_cell
CondRxnBench-Benchmark-v0.1-splits-candidate.1,perera_suzuki_miyaura_2018,S5,PERERA_SM_0802,S5_cross_partition_group_tuple_cell
CondRxnBench-Benchmark-v0.1-splits-candidate.1,perera_suzuki_miyaura_2018,S5,PERERA_SM_0803,S5_cross_partition_group_tuple_cell
CondRxnBench-Benchmark-v0.1-splits-candidate.1,perera_suzuki_miyaura_2018,S5,PERERA_SM_0805,S5_cross_partition_group_tuple_cell
CondRxnBench-Benchmark-v0.1-splits-candidate.1,perera_suzuki_miyaura_2018,S5,PERERA_SM_0806,S5_cross_partition_group_tuple_cell
CondRxnBench-Benchmark-v0.1-splits-candidate.1,perera_suzuki_miyaura_2018,S5,PERERA_SM_0807,S5_cross_partition_group_tuple_cell
CondRxnBench-Benchmark-v0.1-splits-candidate.1,perera_suzuki_miyaura_2018,S5,PERERA_SM_0808,S5_cross_partition_group_tuple_cell
CondRxnBench-Benchmark-v0.1-splits-candidate.1,perera_suzuki_miyaura_2018,S5,PERERA_SM_0809,S5_cross_partition_group_tuple_cell
CondRxnBench-Benchmark-v0.1-splits-candidate.1,perera_suzuki_miyaura_2018,S5,PERERA_SM_0810,S5_cross_partition_group_tuple_cell
CondRxnBench-Benchmark-v0.1-splits-candidate.1,perera_suzuki_miyaura_2018,S5,PERERA_SM_0812,S5_cross_partition_group_tuple_cell
CondRxnBench-Benchmark-v0.1-splits-candidate.1,perera_suzuki_miyaura_2018,S5,PERERA_SM_0813,S5_cross_partition_group_tuple_cell
CondRxnBench-Benchmark-v0.1-splits-candidate.1,perera_suzuki_miyaura_2018,S5,PERERA_SM_0814,S5_cross_partition_group_tuple_cell
CondRxnBench-Benchmark-v0.1-splits-candidate.1,perera_suzuki_miyaura_2018,S5,PERERA_SM_0815,S5_cross_partition_group_tuple_cell
CondRxnBench-Benchmark-v0.1-splits-candidate.1,perera_suzuki_miyaura_2018,S5,PERERA_SM_0816,S5_cross_partition_group_tuple_cell
CondRxnBench-Benchmark-v0.1-splits-candidate.1,perera_suzuki_miyaura_2018,S5,PERERA_SM_0817,S5_cross_partition_group_tuple_cell
CondRxnBench-Benchmark-v0.1-splits-candidate.1,perera_suzuki_miyaura_2018,S5,PERERA_SM_0818,S5_cross_partition_group_tuple_cell
CondRxnBench-Benchmark-v0.1-splits-candidate.1,perera_suzuki_miyaura_2018,S5,PERERA_SM_0819,S5_cross_partition_group_tuple_cell
CondRxnBench-Benchmark-v0.1-splits-candidate.1,perera_suzuki_miyaura_2018,S5,PERERA_SM_0820,S5_cross_partition_group_tuple_cell
CondRxnBench-Benchmark-v0.1-splits-candidate.1,perera_suzuki_miyaura_2018,S5,PERERA_SM_0821,S5_cross_partition_group_tuple_cell
CondRxnBench-Benchmark-v0.1-splits-candidate.1,perera_suzuki_miyaura_2018,S5,PERERA_SM_0822,S5_cross_partition_group_tuple_cell
CondRxnBench-Benchmark-v0.1-splits-candidate.1,perera_suzuki_miyaura_2018,S5,PERERA_SM_0823,S5_cross_partition_group_tuple_cell
CondRxnBench-Benchmark-v0.1-splits-candidate.1,perera_suzuki_miyaura_2018,S5,PERERA_SM_0825,S5_cross_partition_group_tuple_cell
CondRxnBench-Benchmark-v0.1-splits-candidate.1,perera_suzuki_miyaura_2018,S5,PERERA_SM_0826,S5_cross_partition_group_tuple_cell
CondRxnBench-Benchmark-v0.1-splits-candidate.1,perera_suzuki_miyaura_2018,S5,PERERA_SM_0827,S5_cross_partition_group_tuple_cell
CondRxnBench-Benchmark-v0.1-splits-candidate.1,perera_suzuki_miyaura_2018,S5,PERERA_SM_0828,S5_cross_partition_group_tuple_cell
CondRxnBench-Benchmark-v0.1-splits-candidate.1,perera_suzuki_miyaura_2018,S5,PERERA_SM_0829,S5_cross_partition_group_tuple_cell
CondRxnBench-Benchmark-v0.1-splits-candidate.1,perera_suzuki_miyaura_2018,S5,PERERA_SM_0830,S5_cross_partition_group_tuple_cell
CondRxnBench-Benchmark-v0.1-splits-candidate.1,perera_suzuki_miyaura_2018,S5,PERERA_SM_0832,S5_cross_partition_group_tuple_cell
CondRxnBench-Benchmark-v0.1-splits-candidate.1,perera_suzuki_miyaura_2018,S5,PERERA_SM_0833,S5_cross_partition_group_tuple_cell
CondRxnBench-Benchmark-v0.1-splits-candidate.1,perera_suzuki_miyaura_2018,S5,PERERA_SM_0834,S5_cross_partition_group_tuple_cell
CondRxnBench-Benchmark-v0.1-splits-candidate.1,perera_suzuki_miyaura_2018,S5,PERERA_SM_0836,S5_cross_partition_group_tuple_cell
CondRxnBench-Benchmark-v0.1-splits-candidate.1,perera_suzuki_miyaura_2018,S5,PERERA_SM_0838,S5_cross_partition_group_tuple_cell
CondRxnBench-Benchmark-v0.1-splits-candidate.1,perera_suzuki_miyaura_2018,S5,PERERA_SM_0839,S5_cross_partition_group_tuple_cell
CondRxnBench-Benchmark-v0.1-splits-candidate.1,perera_suzuki_miyaura_2018,S5,PERERA_SM_0840,S5_cross_partition_group_tuple_cell
CondRxnBench-Benchmark-v0.1-splits-candidate.1,perera_suzuki_miyaura_2018,S5,PERERA_SM_0841,S5_cross_partition_group_tuple_cell
CondRxnBench-Benchmark-v0.1-splits-candidate.1,perera_suzuki_miyaura_2018,S5,PERERA_SM_0842,S5_cross_partition_group_tuple_cell
CondRxnBench-Benchmark-v0.1-splits-candidate.1,perera_suzuki_miyaura_2018,S5,PERERA_SM_0843,S5_cross_partition_group_tuple_cell
CondRxnBench-Benchmark-v0.1-splits-candidate.1,perera_suzuki_miyaura_2018,S5,PERERA_SM_0844,S5_cross_partition_group_tuple_cell
CondRxnBench-Benchmark-v0.1-splits-candidate.1,perera_suzuki_miyaura_2018,S5,PERERA_SM_0845,S5_cross_partition_group_tuple_cell
CondRxnBench-Benchmark-v0.1-splits-candidate.1,perera_suzuki_miyaura_2018,S5,PERERA_SM_0846,S5_cross_partition_group_tuple_cell
CondRxnBench-Benchmark-v0.1-splits-candidate.1,perera_suzuki_miyaura_2018,S5,PERERA_SM_0847,S5_cross_partition_group_tuple_cell
CondRxnBench-Benchmark-v0.1-splits-candidate.1,perera_suzuki_miyaura_2018,S5,PERERA_SM_0848,S5_cross_partition_group_tuple_cell
CondRxnBench-Benchmark-v0.1-splits-candidate.1,perera_suzuki_miyaura_2018,S5,PERERA_SM_0849,S5_cross_partition_group_tuple_cell
CondRxnBench-Benchmark-v0.1-splits-candidate.1,perera_suzuki_miyaura_2018,S5,PERERA_SM_0850,S5_cross_partition_group_tuple_cell
CondRxnBench-Benchmark-v0.1-splits-candidate.1,perera_suzuki_miyaura_2018,S5,PERERA_SM_0851,S5_cross_partition_group_tuple_cell
CondRxnBench-Benchmark-v0.1-splits-candidate.1,perera_suzuki_miyaura_2018,S5,PERERA_SM_0852,S5_cross_partition_group_tuple_cell
CondRxnBench-Benchmark-v0.1-splits-candidate.1,perera_suzuki_miyaura_2018,S5,PERERA_SM_0853,S5_cross_partition_group_tuple_cell
CondRxnBench-Benchmark-v0.1-splits-candidate.1,perera_suzuki_miyaura_2018,S5,PERERA_SM_0854,S5_cross_partition_group_tuple_cell
CondRxnBench-Benchmark-v0.1-splits-candidate.1,perera_suzuki_miyaura_2018,S5,PERERA_SM_0855,S5_cross_partition_group_tuple_cell
CondRxnBench-Benchmark-v0.1-splits-candidate.1,perera_suzuki_miyaura_2018,S5,PERERA_SM_0856,S5_cross_partition_group_tuple_cell
CondRxnBench-Benchmark-v0.1-splits-candidate.1,perera_suzuki_miyaura_2018,S5,PERERA_SM_0857,S5_cross_partition_group_tuple_cell
CondRxnBench-Benchmark-v0.1-splits-candidate.1,perera_suzuki_miyaura_2018,S5,PERERA_SM_0859,S5_cross_partition_group_tuple_cell
CondRxnBench-Benchmark-v0.1-splits-candidate.1,perera_suzuki_miyaura_2018,S5,PERERA_SM_0861,S5_cross_partition_group_tuple_cell
CondRxnBench-Benchmark-v0.1-splits-candidate.1,perera_suzuki_miyaura_2018,S5,PERERA_SM_0862,S5_cross_partition_group_tuple_cell
CondRxnBench-Benchmark-v0.1-splits-candidate.1,perera_suzuki_miyaura_2018,S5,PERERA_SM_0864,S5_cross_partition_group_tuple_cell
CondRxnBench-Benchmark-v0.1-splits-candidate.1,perera_suzuki_miyaura_2018,S5,PERERA_SM_0868,S5_cross_partition_group_tuple_cell
CondRxnBench-Benchmark-v0.1-splits-candidate.1,perera_suzuki_miyaura_2018,S5,PERERA_SM_0869,S5_cross_partition_group_tuple_cell
CondRxnBench-Benchmark-v0.1-splits-candidate.1,perera_suzuki_miyaura_2018,S5,PERERA_SM_0870,S5_cross_partition_group_tuple_cell
CondRxnBench-Benchmark-v0.1-splits-candidate.1,perera_suzuki_miyaura_2018,S5,PERERA_SM_0872,S5_cross_partition_group_tuple_cell
CondRxnBench-Benchmark-v0.1-splits-candidate.1,perera_suzuki_miyaura_2018,S5,PERERA_SM_0873,S5_cross_partition_group_tuple_cell
CondRxnBench-Benchmark-v0.1-splits-candidate.1,perera_suzuki_miyaura_2018,S5,PERERA_SM_0874,S5_cross_partition_group_tuple_cell
CondRxnBench-Benchmark-v0.1-splits-candidate.1,perera_suzuki_miyaura_2018,S5,PERERA_SM_0875,S5_cross_partition_group_tuple_cell
CondRxnBench-Benchmark-v0.1-splits-candidate.1,perera_suzuki_miyaura_2018,S5,PERERA_SM_0876,S5_cross_partition_group_tuple_cell
CondRxnBench-Benchmark-v0.1-splits-candidate.1,perera_suzuki_miyaura_2018,S5,PERERA_SM_0877,S5_cross_partition_group_tuple_cell
CondRxnBench-Benchmark-v0.1-splits-candidate.1,perera_suzuki_miyaura_2018,S5,PERERA_SM_0878,S5_cross_partition_group_tuple_cell
CondRxnBench-Benchmark-v0.1-splits-candidate.1,perera_suzuki_miyaura_2018,S5,PERERA_SM_0879,S5_cross_partition_group_tuple_cell
CondRxnBench-Benchmark-v0.1-splits-candidate.1,perera_suzuki_miyaura_2018,S5,PERERA_SM_0880,S5_cross_partition_group_tuple_cell
CondRxnBench-Benchmark-v0.1-splits-candidate.1,perera_suzuki_miyaura_2018,S5,PERERA_SM_0881,S5_cross_partition_group_tuple_cell
CondRxnBench-Benchmark-v0.1-splits-candidate.1,perera_suzuki_miyaura_2018,S5,PERERA_SM_0882,S5_cross_partition_group_tuple_cell
CondRxnBench-Benchmark-v0.1-splits-candidate.1,perera_suzuki_miyaura_2018,S5,PERERA_SM_0884,S5_cross_partition_group_tuple_cell
CondRxnBench-Benchmark-v0.1-splits-candidate.1,perera_suzuki_miyaura_2018,S5,PERERA_SM_0885,S5_cross_partition_group_tuple_cell
CondRxnBench-Benchmark-v0.1-splits-candidate.1,perera_suzuki_miyaura_2018,S5,PERERA_SM_0886,S5_cross_partition_group_tuple_cell
CondRxnBench-Benchmark-v0.1-splits-candidate.1,perera_suzuki_miyaura_2018,S5,PERERA_SM_0888,S5_cross_partition_group_tuple_cell
CondRxnBench-Benchmark-v0.1-splits-candidate.1,perera_suzuki_miyaura_2018,S5,PERERA_SM_0889,S5_cross_partition_group_tuple_cell
CondRxnBench-Benchmark-v0.1-splits-candidate.1,perera_suzuki_miyaura_2018,S5,PERERA_SM_0890,S5_cross_partition_group_tuple_cell
CondRxnBench-Benchmark-v0.1-splits-candidate.1,perera_suzuki_miyaura_2018,S5,PERERA_SM_0891,S5_cross_partition_group_tuple_cell
CondRxnBench-Benchmark-v0.1-splits-candidate.1,perera_suzuki_miyaura_2018,S5,PERERA_SM_0892,S5_cross_partition_group_tuple_cell
CondRxnBench-Benchmark-v0.1-splits-candidate.1,perera_suzuki_miyaura_2018,S5,PERERA_SM_0893,S5_cross_partition_group_tuple_cell
CondRxnBench-Benchmark-v0.1-splits-candidate.1,perera_suzuki_miyaura_2018,S5,PERERA_SM_0894,S5_cross_partition_group_tuple_cell
CondRxnBench-Benchmark-v0.1-splits-candidate.1,perera_suzuki_miyaura_2018,S5,PERERA_SM_0895,S5_cross_partition_group_tuple_cell
CondRxnBench-Benchmark-v0.1-splits-candidate.1,perera_suzuki_miyaura_2018,S5,PERERA_SM_0896,S5_cross_partition_group_tuple_cell
CondRxnBench-Benchmark-v0.1-splits-candidate.1,perera_suzuki_miyaura_2018,S5,PERERA_SM_0897,S5_cross_partition_group_tuple_cell
CondRxnBench-Benchmark-v0.1-splits-candidate.1,perera_suzuki_miyaura_2018,S5,PERERA_SM_0898,S5_cross_partition_group_tuple_cell
CondRxnBench-Benchmark-v0.1-splits-candidate.1,perera_suzuki_miyaura_2018,S5,PERERA_SM_0899,S5_cross_partition_group_tuple_cell
CondRxnBench-Benchmark-v0.1-splits-candidate.1,perera_suzuki_miyaura_2018,S5,PERERA_SM_0901,S5_cross_partition_group_tuple_cell
CondRxnBench-Benchmark-v0.1-splits-candidate.1,perera_suzuki_miyaura_2018,S5,PERERA_SM_0902,S5_cross_partition_group_tuple_cell
CondRxnBench-Benchmark-v0.1-splits-candidate.1,perera_suzuki_miyaura_2018,S5,PERERA_SM_0903,S5_cross_partition_group_tuple_cell
CondRxnBench-Benchmark-v0.1-splits-candidate.1,perera_suzuki_miyaura_2018,S5,PERERA_SM_0904,S5_cross_partition_group_tuple_cell
CondRxnBench-Benchmark-v0.1-splits-candidate.1,perera_suzuki_miyaura_2018,S5,PERERA_SM_0905,S5_cross_partition_group_tuple_cell
CondRxnBench-Benchmark-v0.1-splits-candidate.1,perera_suzuki_miyaura_2018,S5,PERERA_SM_0906,S5_cross_partition_group_tuple_cell
CondRxnBench-Benchmark-v0.1-splits-candidate.1,perera_suzuki_miyaura_2018,S5,PERERA_SM_0907,S5_cross_partition_group_tuple_cell
CondRxnBench-Benchmark-v0.1-splits-candidate.1,perera_suzuki_miyaura_2018,S5,PERERA_SM_0908,S5_cross_partition_group_tuple_cell
CondRxnBench-Benchmark-v0.1-splits-candidate.1,perera_suzuki_miyaura_2018,S5,PERERA_SM_0909,S5_cross_partition_group_tuple_cell
CondRxnBench-Benchmark-v0.1-splits-candidate.1,perera_suzuki_miyaura_2018,S5,PERERA_SM_0910,S5_cross_partition_group_tuple_cell
CondRxnBench-Benchmark-v0.1-splits-candidate.1,perera_suzuki_miyaura_2018,S5,PERERA_SM_0911,S5_cross_partition_group_tuple_cell
CondRxnBench-Benchmark-v0.1-splits-candidate.1,perera_suzuki_miyaura_2018,S5,PERERA_SM_0912,S5_cross_partition_group_tuple_cell
CondRxnBench-Benchmark-v0.1-splits-candidate.1,perera_suzuki_miyaura_2018,S5,PERERA_SM_0913,S5_cross_partition_group_tuple_cell
CondRxnBench-Benchmark-v0.1-splits-candidate.1,perera_suzuki_miyaura_2018,S5,PERERA_SM_0914,S5_cross_partition_group_tuple_cell
CondRxnBench-Benchmark-v0.1-splits-candidate.1,perera_suzuki_miyaura_2018,S5,PERERA_SM_0916,S5_cross_partition_group_tuple_cell
CondRxnBench-Benchmark-v0.1-splits-candidate.1,perera_suzuki_miyaura_2018,S5,PERERA_SM_0917,S5_cross_partition_group_tuple_cell
CondRxnBench-Benchmark-v0.1-splits-candidate.1,perera_suzuki_miyaura_2018,S5,PERERA_SM_0918,S5_cross_partition_group_tuple_cell
CondRxnBench-Benchmark-v0.1-splits-candidate.1,perera_suzuki_miyaura_2018,S5,PERERA_SM_0919,S5_cross_partition_group_tuple_cell
CondRxnBench-Benchmark-v0.1-splits-candidate.1,perera_suzuki_miyaura_2018,S5,PERERA_SM_0921,S5_cross_partition_group_tuple_cell
CondRxnBench-Benchmark-v0.1-splits-candidate.1,perera_suzuki_miyaura_2018,S5,PERERA_SM_0922,S5_cross_partition_group_tuple_cell
CondRxnBench-Benchmark-v0.1-splits-candidate.1,perera_suzuki_miyaura_2018,S5,PERERA_SM_0923,S5_cross_partition_group_tuple_cell
CondRxnBench-Benchmark-v0.1-splits-candidate.1,perera_suzuki_miyaura_2018,S5,PERERA_SM_0924,S5_cross_partition_group_tuple_cell
CondRxnBench-Benchmark-v0.1-splits-candidate.1,perera_suzuki_miyaura_2018,S5,PERERA_SM_0925,S5_cross_partition_group_tuple_cell
CondRxnBench-Benchmark-v0.1-splits-candidate.1,perera_suzuki_miyaura_2018,S5,PERERA_SM_0926,S5_cross_partition_group_tuple_cell
CondRxnBench-Benchmark-v0.1-splits-candidate.1,perera_suzuki_miyaura_2018,S5,PERERA_SM_0927,S5_cross_partition_group_tuple_cell
CondRxnBench-Benchmark-v0.1-splits-candidate.1,perera_suzuki_miyaura_2018,S5,PERERA_SM_0928,S5_cross_partition_group_tuple_cell
CondRxnBench-Benchmark-v0.1-splits-candidate.1,perera_suzuki_miyaura_2018,S5,PERERA_SM_0929,S5_cross_partition_group_tuple_cell
CondRxnBench-Benchmark-v0.1-splits-candidate.1,perera_suzuki_miyaura_2018,S5,PERERA_SM_0930,S5_cross_partition_group_tuple_cell
CondRxnBench-Benchmark-v0.1-splits-candidate.1,perera_suzuki_miyaura_2018,S5,PERERA_SM_0933,S5_cross_partition_group_tuple_cell
CondRxnBench-Benchmark-v0.1-splits-candidate.1,perera_suzuki_miyaura_2018,S5,PERERA_SM_0934,S5_cross_partition_group_tuple_cell
CondRxnBench-Benchmark-v0.1-splits-candidate.1,perera_suzuki_miyaura_2018,S5,PERERA_SM_0936,S5_cross_partition_group_tuple_cell
CondRxnBench-Benchmark-v0.1-splits-candidate.1,perera_suzuki_miyaura_2018,S5,PERERA_SM_0937,S5_cross_partition_group_tuple_cell
CondRxnBench-Benchmark-v0.1-splits-candidate.1,perera_suzuki_miyaura_2018,S5,PERERA_SM_0938,S5_cross_partition_group_tuple_cell
CondRxnBench-Benchmark-v0.1-splits-candidate.1,perera_suzuki_miyaura_2018,S5,PERERA_SM_0940,S5_cross_partition_group_tuple_cell
CondRxnBench-Benchmark-v0.1-splits-candidate.1,perera_suzuki_miyaura_2018,S5,PERERA_SM_0941,S5_cross_partition_group_tuple_cell
CondRxnBench-Benchmark-v0.1-splits-candidate.1,perera_suzuki_miyaura_2018,S5,PERERA_SM_0945,S5_cross_partition_group_tuple_cell
CondRxnBench-Benchmark-v0.1-splits-candidate.1,perera_suzuki_miyaura_2018,S5,PERERA_SM_0946,S5_cross_partition_group_tuple_cell
CondRxnBench-Benchmark-v0.1-splits-candidate.1,perera_suzuki_miyaura_2018,S5,PERERA_SM_0947,S5_cross_partition_group_tuple_cell
CondRxnBench-Benchmark-v0.1-splits-candidate.1,perera_suzuki_miyaura_2018,S5,PERERA_SM_0949,S5_cross_partition_group_tuple_cell
CondRxnBench-Benchmark-v0.1-splits-candidate.1,perera_suzuki_miyaura_2018,S5,PERERA_SM_0950,S5_cross_partition_group_tuple_cell
CondRxnBench-Benchmark-v0.1-splits-candidate.1,perera_suzuki_miyaura_2018,S5,PERERA_SM_0951,S5_cross_partition_group_tuple_cell
CondRxnBench-Benchmark-v0.1-splits-candidate.1,perera_suzuki_miyaura_2018,S5,PERERA_SM_0952,S5_cross_partition_group_tuple_cell
CondRxnBench-Benchmark-v0.1-splits-candidate.1,perera_suzuki_miyaura_2018,S5,PERERA_SM_0953,S5_cross_partition_group_tuple_cell
CondRxnBench-Benchmark-v0.1-splits-candidate.1,perera_suzuki_miyaura_2018,S5,PERERA_SM_0954,S5_cross_partition_group_tuple_cell
CondRxnBench-Benchmark-v0.1-splits-candidate.1,perera_suzuki_miyaura_2018,S5,PERERA_SM_0955,S5_cross_partition_group_tuple_cell
CondRxnBench-Benchmark-v0.1-splits-candidate.1,perera_suzuki_miyaura_2018,S5,PERERA_SM_0956,S5_cross_partition_group_tuple_cell
CondRxnBench-Benchmark-v0.1-splits-candidate.1,perera_suzuki_miyaura_2018,S5,PERERA_SM_0957,S5_cross_partition_group_tuple_cell
CondRxnBench-Benchmark-v0.1-splits-candidate.1,perera_suzuki_miyaura_2018,S5,PERERA_SM_0958,S5_cross_partition_group_tuple_cell
CondRxnBench-Benchmark-v0.1-splits-candidate.1,perera_suzuki_miyaura_2018,S5,PERERA_SM_0959,S5_cross_partition_group_tuple_cell
CondRxnBench-Benchmark-v0.1-splits-candidate.1,perera_suzuki_miyaura_2018,S5,PERERA_SM_0962,S5_cross_partition_group_tuple_cell
CondRxnBench-Benchmark-v0.1-splits-candidate.1,perera_suzuki_miyaura_2018,S5,PERERA_SM_0964,S5_cross_partition_group_tuple_cell
CondRxnBench-Benchmark-v0.1-splits-candidate.1,perera_suzuki_miyaura_2018,S5,PERERA_SM_0965,S5_cross_partition_group_tuple_cell
CondRxnBench-Benchmark-v0.1-splits-candidate.1,perera_suzuki_miyaura_2018,S5,PERERA_SM_0966,S5_cross_partition_group_tuple_cell
CondRxnBench-Benchmark-v0.1-splits-candidate.1,perera_suzuki_miyaura_2018,S5,PERERA_SM_0967,S5_cross_partition_group_tuple_cell
CondRxnBench-Benchmark-v0.1-splits-candidate.1,perera_suzuki_miyaura_2018,S5,PERERA_SM_0968,S5_cross_partition_group_tuple_cell
CondRxnBench-Benchmark-v0.1-splits-candidate.1,perera_suzuki_miyaura_2018,S5,PERERA_SM_0969,S5_cross_partition_group_tuple_cell
CondRxnBench-Benchmark-v0.1-splits-candidate.1,perera_suzuki_miyaura_2018,S5,PERERA_SM_0970,S5_cross_partition_group_tuple_cell
CondRxnBench-Benchmark-v0.1-splits-candidate.1,perera_suzuki_miyaura_2018,S5,PERERA_SM_0971,S5_cross_partition_group_tuple_cell
CondRxnBench-Benchmark-v0.1-splits-candidate.1,perera_suzuki_miyaura_2018,S5,PERERA_SM_0975,S5_cross_partition_group_tuple_cell
CondRxnBench-Benchmark-v0.1-splits-candidate.1,perera_suzuki_miyaura_2018,S5,PERERA_SM_0976,S5_cross_partition_group_tuple_cell
CondRxnBench-Benchmark-v0.1-splits-candidate.1,perera_suzuki_miyaura_2018,S5,PERERA_SM_0977,S5_cross_partition_group_tuple_cell
CondRxnBench-Benchmark-v0.1-splits-candidate.1,perera_suzuki_miyaura_2018,S5,PERERA_SM_0978,S5_cross_partition_group_tuple_cell
CondRxnBench-Benchmark-v0.1-splits-candidate.1,perera_suzuki_miyaura_2018,S5,PERERA_SM_0979,S5_cross_partition_group_tuple_cell
CondRxnBench-Benchmark-v0.1-splits-candidate.1,perera_suzuki_miyaura_2018,S5,PERERA_SM_0980,S5_cross_partition_group_tuple_cell
CondRxnBench-Benchmark-v0.1-splits-candidate.1,perera_suzuki_miyaura_2018,S5,PERERA_SM_0981,S5_cross_partition_group_tuple_cell
CondRxnBench-Benchmark-v0.1-splits-candidate.1,perera_suzuki_miyaura_2018,S5,PERERA_SM_0982,S5_cross_partition_group_tuple_cell
CondRxnBench-Benchmark-v0.1-splits-candidate.1,perera_suzuki_miyaura_2018,S5,PERERA_SM_0983,S5_cross_partition_group_tuple_cell
CondRxnBench-Benchmark-v0.1-splits-candidate.1,perera_suzuki_miyaura_2018,S5,PERERA_SM_0984,S5_cross_partition_group_tuple_cell
CondRxnBench-Benchmark-v0.1-splits-candidate.1,perera_suzuki_miyaura_2018,S5,PERERA_SM_0985,S5_cross_partition_group_tuple_cell
CondRxnBench-Benchmark-v0.1-splits-candidate.1,perera_suzuki_miyaura_2018,S5,PERERA_SM_0986,S5_cross_partition_group_tuple_cell
CondRxnBench-Benchmark-v0.1-splits-candidate.1,perera_suzuki_miyaura_2018,S5,PERERA_SM_0987,S5_cross_partition_group_tuple_cell
CondRxnBench-Benchmark-v0.1-splits-candidate.1,perera_suzuki_miyaura_2018,S5,PERERA_SM_0988,S5_cross_partition_group_tuple_cell
CondRxnBench-Benchmark-v0.1-splits-candidate.1,perera_suzuki_miyaura_2018,S5,PERERA_SM_0989,S5_cross_partition_group_tuple_cell
CondRxnBench-Benchmark-v0.1-splits-candidate.1,perera_suzuki_miyaura_2018,S5,PERERA_SM_0990,S5_cross_partition_group_tuple_cell
CondRxnBench-Benchmark-v0.1-splits-candidate.1,perera_suzuki_miyaura_2018,S5,PERERA_SM_0991,S5_cross_partition_group_tuple_cell
CondRxnBench-Benchmark-v0.1-splits-candidate.1,perera_suzuki_miyaura_2018,S5,PERERA_SM_0992,S5_cross_partition_group_tuple_cell
CondRxnBench-Benchmark-v0.1-splits-candidate.1,perera_suzuki_miyaura_2018,S5,PERERA_SM_0993,S5_cross_partition_group_tuple_cell
CondRxnBench-Benchmark-v0.1-splits-candidate.1,perera_suzuki_miyaura_2018,S5,PERERA_SM_0994,S5_cross_partition_group_tuple_cell
CondRxnBench-Benchmark-v0.1-splits-candidate.1,perera_suzuki_miyaura_2018,S5,PERERA_SM_0995,S5_cross_partition_group_tuple_cell
CondRxnBench-Benchmark-v0.1-splits-candidate.1,perera_suzuki_miyaura_2018,S5,PERERA_SM_0996,S5_cross_partition_group_tuple_cell
CondRxnBench-Benchmark-v0.1-splits-candidate.1,perera_suzuki_miyaura_2018,S5,PERERA_SM_0997,S5_cross_partition_group_tuple_cell
CondRxnBench-Benchmark-v0.1-splits-candidate.1,perera_suzuki_miyaura_2018,S5,PERERA_SM_0998,S5_cross_partition_group_tuple_cell
CondRxnBench-Benchmark-v0.1-splits-candidate.1,perera_suzuki_miyaura_2018,S5,PERERA_SM_0999,S5_cross_partition_group_tuple_cell
CondRxnBench-Benchmark-v0.1-splits-candidate.1,perera_suzuki_miyaura_2018,S5,PERERA_SM_1000,S5_cross_partition_group_tuple_cell
CondRxnBench-Benchmark-v0.1-splits-candidate.1,perera_suzuki_miyaura_2018,S5,PERERA_SM_1001,S5_cross_partition_group_tuple_cell
CondRxnBench-Benchmark-v0.1-splits-candidate.1,perera_suzuki_miyaura_2018,S5,PERERA_SM_1002,S5_cross_partition_group_tuple_cell
CondRxnBench-Benchmark-v0.1-splits-candidate.1,perera_suzuki_miyaura_2018,S5,PERERA_SM_1003,S5_cross_partition_group_tuple_cell
CondRxnBench-Benchmark-v0.1-splits-candidate.1,perera_suzuki_miyaura_2018,S5,PERERA_SM_1004,S5_cross_partition_group_tuple_cell
CondRxnBench-Benchmark-v0.1-splits-candidate.1,perera_suzuki_miyaura_2018,S5,PERERA_SM_1005,S5_cross_partition_group_tuple_cell
CondRxnBench-Benchmark-v0.1-splits-candidate.1,perera_suzuki_miyaura_2018,S5,PERERA_SM_1007,S5_cross_partition_group_tuple_cell
CondRxnBench-Benchmark-v0.1-splits-candidate.1,perera_suzuki_miyaura_2018,S5,PERERA_SM_1008,S5_cross_partition_group_tuple_cell
CondRxnBench-Benchmark-v0.1-splits-candidate.1,perera_suzuki_miyaura_2018,S5,PERERA_SM_1009,S5_cross_partition_group_tuple_cell
CondRxnBench-Benchmark-v0.1-splits-candidate.1,perera_suzuki_miyaura_2018,S5,PERERA_SM_1011,S5_cross_partition_group_tuple_cell
CondRxnBench-Benchmark-v0.1-splits-candidate.1,perera_suzuki_miyaura_2018,S5,PERERA_SM_1012,S5_cross_partition_group_tuple_cell
CondRxnBench-Benchmark-v0.1-splits-candidate.1,perera_suzuki_miyaura_2018,S5,PERERA_SM_1014,S5_cross_partition_group_tuple_cell
CondRxnBench-Benchmark-v0.1-splits-candidate.1,perera_suzuki_miyaura_2018,S5,PERERA_SM_1015,S5_cross_partition_group_tuple_cell
CondRxnBench-Benchmark-v0.1-splits-candidate.1,perera_suzuki_miyaura_2018,S5,PERERA_SM_1016,S5_cross_partition_group_tuple_cell
CondRxnBench-Benchmark-v0.1-splits-candidate.1,perera_suzuki_miyaura_2018,S5,PERERA_SM_1017,S5_cross_partition_group_tuple_cell
CondRxnBench-Benchmark-v0.1-splits-candidate.1,perera_suzuki_miyaura_2018,S5,PERERA_SM_1018,S5_cross_partition_group_tuple_cell
CondRxnBench-Benchmark-v0.1-splits-candidate.1,perera_suzuki_miyaura_2018,S5,PERERA_SM_1019,S5_cross_partition_group_tuple_cell
CondRxnBench-Benchmark-v0.1-splits-candidate.1,perera_suzuki_miyaura_2018,S5,PERERA_SM_1020,S5_cross_partition_group_tuple_cell
CondRxnBench-Benchmark-v0.1-splits-candidate.1,perera_suzuki_miyaura_2018,S5,PERERA_SM_1021,S5_cross_partition_group_tuple_cell
CondRxnBench-Benchmark-v0.1-splits-candidate.1,perera_suzuki_miyaura_2018,S5,PERERA_SM_1022,S5_cross_partition_group_tuple_cell
CondRxnBench-Benchmark-v0.1-splits-candidate.1,perera_suzuki_miyaura_2018,S5,PERERA_SM_1023,S5_cross_partition_group_tuple_cell
CondRxnBench-Benchmark-v0.1-splits-candidate.1,perera_suzuki_miyaura_2018,S5,PERERA_SM_1024,S5_cross_partition_group_tuple_cell
CondRxnBench-Benchmark-v0.1-splits-candidate.1,perera_suzuki_miyaura_2018,S5,PERERA_SM_1025,S5_cross_partition_group_tuple_cell
CondRxnBench-Benchmark-v0.1-splits-candidate.1,perera_suzuki_miyaura_2018,S5,PERERA_SM_1027,S5_cross_partition_group_tuple_cell
CondRxnBench-Benchmark-v0.1-splits-candidate.1,perera_suzuki_miyaura_2018,S5,PERERA_SM_1028,S5_cross_partition_group_tuple_cell
CondRxnBench-Benchmark-v0.1-splits-candidate.1,perera_suzuki_miyaura_2018,S5,PERERA_SM_1030,S5_cross_partition_group_tuple_cell
CondRxnBench-Benchmark-v0.1-splits-candidate.1,perera_suzuki_miyaura_2018,S5,PERERA_SM_1031,S5_cross_partition_group_tuple_cell
CondRxnBench-Benchmark-v0.1-splits-candidate.1,perera_suzuki_miyaura_2018,S5,PERERA_SM_1032,S5_cross_partition_group_tuple_cell
CondRxnBench-Benchmark-v0.1-splits-candidate.1,perera_suzuki_miyaura_2018,S5,PERERA_SM_1034,S5_cross_partition_group_tuple_cell
CondRxnBench-Benchmark-v0.1-splits-candidate.1,perera_suzuki_miyaura_2018,S5,PERERA_SM_1035,S5_cross_partition_group_tuple_cell
CondRxnBench-Benchmark-v0.1-splits-candidate.1,perera_suzuki_miyaura_2018,S5,PERERA_SM_1036,S5_cross_partition_group_tuple_cell
CondRxnBench-Benchmark-v0.1-splits-candidate.1,perera_suzuki_miyaura_2018,S5,PERERA_SM_1037,S5_cross_partition_group_tuple_cell
CondRxnBench-Benchmark-v0.1-splits-candidate.1,perera_suzuki_miyaura_2018,S5,PERERA_SM_1038,S5_cross_partition_group_tuple_cell
CondRxnBench-Benchmark-v0.1-splits-candidate.1,perera_suzuki_miyaura_2018,S5,PERERA_SM_1039,S5_cross_partition_group_tuple_cell
CondRxnBench-Benchmark-v0.1-splits-candidate.1,perera_suzuki_miyaura_2018,S5,PERERA_SM_1040,S5_cross_partition_group_tuple_cell
CondRxnBench-Benchmark-v0.1-splits-candidate.1,perera_suzuki_miyaura_2018,S5,PERERA_SM_1041,S5_cross_partition_group_tuple_cell
CondRxnBench-Benchmark-v0.1-splits-candidate.1,perera_suzuki_miyaura_2018,S5,PERERA_SM_1042,S5_cross_partition_group_tuple_cell
CondRxnBench-Benchmark-v0.1-splits-candidate.1,perera_suzuki_miyaura_2018,S5,PERERA_SM_1043,S5_cross_partition_group_tuple_cell
CondRxnBench-Benchmark-v0.1-splits-candidate.1,perera_suzuki_miyaura_2018,S5,PERERA_SM_1044,S5_cross_partition_group_tuple_cell
CondRxnBench-Benchmark-v0.1-splits-candidate.1,perera_suzuki_miyaura_2018,S5,PERERA_SM_1045,S5_cross_partition_group_tuple_cell
CondRxnBench-Benchmark-v0.1-splits-candidate.1,perera_suzuki_miyaura_2018,S5,PERERA_SM_1046,S5_cross_partition_group_tuple_cell
CondRxnBench-Benchmark-v0.1-splits-candidate.1,perera_suzuki_miyaura_2018,S5,PERERA_SM_1047,S5_cross_partition_group_tuple_cell
CondRxnBench-Benchmark-v0.1-splits-candidate.1,perera_suzuki_miyaura_2018,S5,PERERA_SM_1048,S5_cross_partition_group_tuple_cell
CondRxnBench-Benchmark-v0.1-splits-candidate.1,perera_suzuki_miyaura_2018,S5,PERERA_SM_1049,S5_cross_partition_group_tuple_cell
CondRxnBench-Benchmark-v0.1-splits-candidate.1,perera_suzuki_miyaura_2018,S5,PERERA_SM_1050,S5_cross_partition_group_tuple_cell
CondRxnBench-Benchmark-v0.1-splits-candidate.1,perera_suzuki_miyaura_2018,S5,PERERA_SM_1051,S5_cross_partition_group_tuple_cell
CondRxnBench-Benchmark-v0.1-splits-candidate.1,perera_suzuki_miyaura_2018,S5,PERERA_SM_1052,S5_cross_partition_group_tuple_cell
CondRxnBench-Benchmark-v0.1-splits-candidate.1,perera_suzuki_miyaura_2018,S5,PERERA_SM_1053,S5_cross_partition_group_tuple_cell
CondRxnBench-Benchmark-v0.1-splits-candidate.1,perera_suzuki_miyaura_2018,S5,PERERA_SM_1055,S5_cross_partition_group_tuple_cell
CondRxnBench-Benchmark-v0.1-splits-candidate.1,perera_suzuki_miyaura_2018,S5,PERERA_SM_1056,S5_cross_partition_group_tuple_cell
CondRxnBench-Benchmark-v0.1-splits-candidate.1,perera_suzuki_miyaura_2018,S5,PERERA_SM_1059,S5_cross_partition_group_tuple_cell
CondRxnBench-Benchmark-v0.1-splits-candidate.1,perera_suzuki_miyaura_2018,S5,PERERA_SM_1060,S5_cross_partition_group_tuple_cell
CondRxnBench-Benchmark-v0.1-splits-candidate.1,perera_suzuki_miyaura_2018,S5,PERERA_SM_1061,S5_cross_partition_group_tuple_cell
CondRxnBench-Benchmark-v0.1-splits-candidate.1,perera_suzuki_miyaura_2018,S5,PERERA_SM_1062,S5_cross_partition_group_tuple_cell
CondRxnBench-Benchmark-v0.1-splits-candidate.1,perera_suzuki_miyaura_2018,S5,PERERA_SM_1064,S5_cross_partition_group_tuple_cell
CondRxnBench-Benchmark-v0.1-splits-candidate.1,perera_suzuki_miyaura_2018,S5,PERERA_SM_1065,S5_cross_partition_group_tuple_cell
CondRxnBench-Benchmark-v0.1-splits-candidate.1,perera_suzuki_miyaura_2018,S5,PERERA_SM_1066,S5_cross_partition_group_tuple_cell
CondRxnBench-Benchmark-v0.1-splits-candidate.1,perera_suzuki_miyaura_2018,S5,PERERA_SM_1067,S5_cross_partition_group_tuple_cell
CondRxnBench-Benchmark-v0.1-splits-candidate.1,perera_suzuki_miyaura_2018,S5,PERERA_SM_1068,S5_cross_partition_group_tuple_cell
CondRxnBench-Benchmark-v0.1-splits-candidate.1,perera_suzuki_miyaura_2018,S5,PERERA_SM_1069,S5_cross_partition_group_tuple_cell
CondRxnBench-Benchmark-v0.1-splits-candidate.1,perera_suzuki_miyaura_2018,S5,PERERA_SM_1070,S5_cross_partition_group_tuple_cell
CondRxnBench-Benchmark-v0.1-splits-candidate.1,perera_suzuki_miyaura_2018,S5,PERERA_SM_1071,S5_cross_partition_group_tuple_cell
CondRxnBench-Benchmark-v0.1-splits-candidate.1,perera_suzuki_miyaura_2018,S5,PERERA_SM_1072,S5_cross_partition_group_tuple_cell
CondRxnBench-Benchmark-v0.1-splits-candidate.1,perera_suzuki_miyaura_2018,S5,PERERA_SM_1074,S5_cross_partition_group_tuple_cell
CondRxnBench-Benchmark-v0.1-splits-candidate.1,perera_suzuki_miyaura_2018,S5,PERERA_SM_1075,S5_cross_partition_group_tuple_cell
CondRxnBench-Benchmark-v0.1-splits-candidate.1,perera_suzuki_miyaura_2018,S5,PERERA_SM_1076,S5_cross_partition_group_tuple_cell
CondRxnBench-Benchmark-v0.1-splits-candidate.1,perera_suzuki_miyaura_2018,S5,PERERA_SM_1077,S5_cross_partition_group_tuple_cell
CondRxnBench-Benchmark-v0.1-splits-candidate.1,perera_suzuki_miyaura_2018,S5,PERERA_SM_1078,S5_cross_partition_group_tuple_cell
CondRxnBench-Benchmark-v0.1-splits-candidate.1,perera_suzuki_miyaura_2018,S5,PERERA_SM_1079,S5_cross_partition_group_tuple_cell
CondRxnBench-Benchmark-v0.1-splits-candidate.1,perera_suzuki_miyaura_2018,S5,PERERA_SM_1080,S5_cross_partition_group_tuple_cell
CondRxnBench-Benchmark-v0.1-splits-candidate.1,perera_suzuki_miyaura_2018,S5,PERERA_SM_1081,S5_cross_partition_group_tuple_cell
CondRxnBench-Benchmark-v0.1-splits-candidate.1,perera_suzuki_miyaura_2018,S5,PERERA_SM_1082,S5_cross_partition_group_tuple_cell
CondRxnBench-Benchmark-v0.1-splits-candidate.1,perera_suzuki_miyaura_2018,S5,PERERA_SM_1083,S5_cross_partition_group_tuple_cell
CondRxnBench-Benchmark-v0.1-splits-candidate.1,perera_suzuki_miyaura_2018,S5,PERERA_SM_1084,S5_cross_partition_group_tuple_cell
CondRxnBench-Benchmark-v0.1-splits-candidate.1,perera_suzuki_miyaura_2018,S5,PERERA_SM_1085,S5_cross_partition_group_tuple_cell
CondRxnBench-Benchmark-v0.1-splits-candidate.1,perera_suzuki_miyaura_2018,S5,PERERA_SM_1086,S5_cross_partition_group_tuple_cell
CondRxnBench-Benchmark-v0.1-splits-candidate.1,perera_suzuki_miyaura_2018,S5,PERERA_SM_1087,S5_cross_partition_group_tuple_cell
CondRxnBench-Benchmark-v0.1-splits-candidate.1,perera_suzuki_miyaura_2018,S5,PERERA_SM_1088,S5_cross_partition_group_tuple_cell
CondRxnBench-Benchmark-v0.1-splits-candidate.1,perera_suzuki_miyaura_2018,S5,PERERA_SM_1089,S5_cross_partition_group_tuple_cell
CondRxnBench-Benchmark-v0.1-splits-candidate.1,perera_suzuki_miyaura_2018,S5,PERERA_SM_1090,S5_cross_partition_group_tuple_cell
CondRxnBench-Benchmark-v0.1-splits-candidate.1,perera_suzuki_miyaura_2018,S5,PERERA_SM_1091,S5_cross_partition_group_tuple_cell
CondRxnBench-Benchmark-v0.1-splits-candidate.1,perera_suzuki_miyaura_2018,S5,PERERA_SM_1093,S5_cross_partition_group_tuple_cell
CondRxnBench-Benchmark-v0.1-splits-candidate.1,perera_suzuki_miyaura_2018,S5,PERERA_SM_1094,S5_cross_partition_group_tuple_cell
CondRxnBench-Benchmark-v0.1-splits-candidate.1,perera_suzuki_miyaura_2018,S5,PERERA_SM_1095,S5_cross_partition_group_tuple_cell
CondRxnBench-Benchmark-v0.1-splits-candidate.1,perera_suzuki_miyaura_2018,S5,PERERA_SM_1096,S5_cross_partition_group_tuple_cell
CondRxnBench-Benchmark-v0.1-splits-candidate.1,perera_suzuki_miyaura_2018,S5,PERERA_SM_1097,S5_cross_partition_group_tuple_cell
CondRxnBench-Benchmark-v0.1-splits-candidate.1,perera_suzuki_miyaura_2018,S5,PERERA_SM_1098,S5_cross_partition_group_tuple_cell
CondRxnBench-Benchmark-v0.1-splits-candidate.1,perera_suzuki_miyaura_2018,S5,PERERA_SM_1100,S5_cross_partition_group_tuple_cell
CondRxnBench-Benchmark-v0.1-splits-candidate.1,perera_suzuki_miyaura_2018,S5,PERERA_SM_1101,S5_cross_partition_group_tuple_cell
CondRxnBench-Benchmark-v0.1-splits-candidate.1,perera_suzuki_miyaura_2018,S5,PERERA_SM_1102,S5_cross_partition_group_tuple_cell
CondRxnBench-Benchmark-v0.1-splits-candidate.1,perera_suzuki_miyaura_2018,S5,PERERA_SM_1103,S5_cross_partition_group_tuple_cell
CondRxnBench-Benchmark-v0.1-splits-candidate.1,perera_suzuki_miyaura_2018,S5,PERERA_SM_1104,S5_cross_partition_group_tuple_cell
CondRxnBench-Benchmark-v0.1-splits-candidate.1,perera_suzuki_miyaura_2018,S5,PERERA_SM_1106,S5_cross_partition_group_tuple_cell
CondRxnBench-Benchmark-v0.1-splits-candidate.1,perera_suzuki_miyaura_2018,S5,PERERA_SM_1107,S5_cross_partition_group_tuple_cell
CondRxnBench-Benchmark-v0.1-splits-candidate.1,perera_suzuki_miyaura_2018,S5,PERERA_SM_1108,S5_cross_partition_group_tuple_cell
CondRxnBench-Benchmark-v0.1-splits-candidate.1,perera_suzuki_miyaura_2018,S5,PERERA_SM_1109,S5_cross_partition_group_tuple_cell
CondRxnBench-Benchmark-v0.1-splits-candidate.1,perera_suzuki_miyaura_2018,S5,PERERA_SM_1112,S5_cross_partition_group_tuple_cell
CondRxnBench-Benchmark-v0.1-splits-candidate.1,perera_suzuki_miyaura_2018,S5,PERERA_SM_1113,S5_cross_partition_group_tuple_cell
CondRxnBench-Benchmark-v0.1-splits-candidate.1,perera_suzuki_miyaura_2018,S5,PERERA_SM_1114,S5_cross_partition_group_tuple_cell
CondRxnBench-Benchmark-v0.1-splits-candidate.1,perera_suzuki_miyaura_2018,S5,PERERA_SM_1117,S5_cross_partition_group_tuple_cell
CondRxnBench-Benchmark-v0.1-splits-candidate.1,perera_suzuki_miyaura_2018,S5,PERERA_SM_1119,S5_cross_partition_group_tuple_cell
CondRxnBench-Benchmark-v0.1-splits-candidate.1,perera_suzuki_miyaura_2018,S5,PERERA_SM_1120,S5_cross_partition_group_tuple_cell
CondRxnBench-Benchmark-v0.1-splits-candidate.1,perera_suzuki_miyaura_2018,S5,PERERA_SM_1121,S5_cross_partition_group_tuple_cell
CondRxnBench-Benchmark-v0.1-splits-candidate.1,perera_suzuki_miyaura_2018,S5,PERERA_SM_1122,S5_cross_partition_group_tuple_cell
CondRxnBench-Benchmark-v0.1-splits-candidate.1,perera_suzuki_miyaura_2018,S5,PERERA_SM_1123,S5_cross_partition_group_tuple_cell
CondRxnBench-Benchmark-v0.1-splits-candidate.1,perera_suzuki_miyaura_2018,S5,PERERA_SM_1124,S5_cross_partition_group_tuple_cell
CondRxnBench-Benchmark-v0.1-splits-candidate.1,perera_suzuki_miyaura_2018,S5,PERERA_SM_1125,S5_cross_partition_group_tuple_cell
CondRxnBench-Benchmark-v0.1-splits-candidate.1,perera_suzuki_miyaura_2018,S5,PERERA_SM_1126,S5_cross_partition_group_tuple_cell
CondRxnBench-Benchmark-v0.1-splits-candidate.1,perera_suzuki_miyaura_2018,S5,PERERA_SM_1127,S5_cross_partition_group_tuple_cell
CondRxnBench-Benchmark-v0.1-splits-candidate.1,perera_suzuki_miyaura_2018,S5,PERERA_SM_1128,S5_cross_partition_group_tuple_cell
CondRxnBench-Benchmark-v0.1-splits-candidate.1,perera_suzuki_miyaura_2018,S5,PERERA_SM_1129,S5_cross_partition_group_tuple_cell
CondRxnBench-Benchmark-v0.1-splits-candidate.1,perera_suzuki_miyaura_2018,S5,PERERA_SM_1130,S5_cross_partition_group_tuple_cell
CondRxnBench-Benchmark-v0.1-splits-candidate.1,perera_suzuki_miyaura_2018,S5,PERERA_SM_1131,S5_cross_partition_group_tuple_cell
CondRxnBench-Benchmark-v0.1-splits-candidate.1,perera_suzuki_miyaura_2018,S5,PERERA_SM_1133,S5_cross_partition_group_tuple_cell
CondRxnBench-Benchmark-v0.1-splits-candidate.1,perera_suzuki_miyaura_2018,S5,PERERA_SM_1134,S5_cross_partition_group_tuple_cell
CondRxnBench-Benchmark-v0.1-splits-candidate.1,perera_suzuki_miyaura_2018,S5,PERERA_SM_1136,S5_cross_partition_group_tuple_cell
CondRxnBench-Benchmark-v0.1-splits-candidate.1,perera_suzuki_miyaura_2018,S5,PERERA_SM_1137,S5_cross_partition_group_tuple_cell
CondRxnBench-Benchmark-v0.1-splits-candidate.1,perera_suzuki_miyaura_2018,S5,PERERA_SM_1138,S5_cross_partition_group_tuple_cell
CondRxnBench-Benchmark-v0.1-splits-candidate.1,perera_suzuki_miyaura_2018,S5,PERERA_SM_1139,S5_cross_partition_group_tuple_cell
CondRxnBench-Benchmark-v0.1-splits-candidate.1,perera_suzuki_miyaura_2018,S5,PERERA_SM_1140,S5_cross_partition_group_tuple_cell
CondRxnBench-Benchmark-v0.1-splits-candidate.1,perera_suzuki_miyaura_2018,S5,PERERA_SM_1141,S5_cross_partition_group_tuple_cell
CondRxnBench-Benchmark-v0.1-splits-candidate.1,perera_suzuki_miyaura_2018,S5,PERERA_SM_1142,S5_cross_partition_group_tuple_cell
CondRxnBench-Benchmark-v0.1-splits-candidate.1,perera_suzuki_miyaura_2018,S5,PERERA_SM_1143,S5_cross_partition_group_tuple_cell
CondRxnBench-Benchmark-v0.1-splits-candidate.1,perera_suzuki_miyaura_2018,S5,PERERA_SM_1145,S5_cross_partition_group_tuple_cell
CondRxnBench-Benchmark-v0.1-splits-candidate.1,perera_suzuki_miyaura_2018,S5,PERERA_SM_1146,S5_cross_partition_group_tuple_cell
CondRxnBench-Benchmark-v0.1-splits-candidate.1,perera_suzuki_miyaura_2018,S5,PERERA_SM_1147,S5_cross_partition_group_tuple_cell
CondRxnBench-Benchmark-v0.1-splits-candidate.1,perera_suzuki_miyaura_2018,S5,PERERA_SM_1148,S5_cross_partition_group_tuple_cell
CondRxnBench-Benchmark-v0.1-splits-candidate.1,perera_suzuki_miyaura_2018,S5,PERERA_SM_1149,S5_cross_partition_group_tuple_cell
CondRxnBench-Benchmark-v0.1-splits-candidate.1,perera_suzuki_miyaura_2018,S5,PERERA_SM_1150,S5_cross_partition_group_tuple_cell
CondRxnBench-Benchmark-v0.1-splits-candidate.1,perera_suzuki_miyaura_2018,S5,PERERA_SM_1151,S5_cross_partition_group_tuple_cell
CondRxnBench-Benchmark-v0.1-splits-candidate.1,perera_suzuki_miyaura_2018,S5,PERERA_SM_1152,S5_cross_partition_group_tuple_cell
CondRxnBench-Benchmark-v0.1-splits-candidate.1,perera_suzuki_miyaura_2018,S5,PERERA_SM_1161,S5_cross_partition_group_tuple_cell
CondRxnBench-Benchmark-v0.1-splits-candidate.1,perera_suzuki_miyaura_2018,S5,PERERA_SM_1164,S5_cross_partition_group_tuple_cell
CondRxnBench-Benchmark-v0.1-splits-candidate.1,perera_suzuki_miyaura_2018,S5,PERERA_SM_1170,S5_cross_partition_group_tuple_cell
CondRxnBench-Benchmark-v0.1-splits-candidate.1,perera_suzuki_miyaura_2018,S5,PERERA_SM_1175,S5_cross_partition_group_tuple_cell
CondRxnBench-Benchmark-v0.1-splits-candidate.1,perera_suzuki_miyaura_2018,S5,PERERA_SM_1177,S5_cross_partition_group_tuple_cell
CondRxnBench-Benchmark-v0.1-splits-candidate.1,perera_suzuki_miyaura_2018,S5,PERERA_SM_1188,S5_cross_partition_group_tuple_cell
CondRxnBench-Benchmark-v0.1-splits-candidate.1,perera_suzuki_miyaura_2018,S5,PERERA_SM_1195,S5_cross_partition_group_tuple_cell
CondRxnBench-Benchmark-v0.1-splits-candidate.1,perera_suzuki_miyaura_2018,S5,PERERA_SM_1203,S5_cross_partition_group_tuple_cell
CondRxnBench-Benchmark-v0.1-splits-candidate.1,perera_suzuki_miyaura_2018,S5,PERERA_SM_1204,S5_cross_partition_group_tuple_cell
CondRxnBench-Benchmark-v0.1-splits-candidate.1,perera_suzuki_miyaura_2018,S5,PERERA_SM_1205,S5_cross_partition_group_tuple_cell
CondRxnBench-Benchmark-v0.1-splits-candidate.1,perera_suzuki_miyaura_2018,S5,PERERA_SM_1208,S5_cross_partition_group_tuple_cell
CondRxnBench-Benchmark-v0.1-splits-candidate.1,perera_suzuki_miyaura_2018,S5,PERERA_SM_1211,S5_cross_partition_group_tuple_cell
CondRxnBench-Benchmark-v0.1-splits-candidate.1,perera_suzuki_miyaura_2018,S5,PERERA_SM_1215,S5_cross_partition_group_tuple_cell
CondRxnBench-Benchmark-v0.1-splits-candidate.1,perera_suzuki_miyaura_2018,S5,PERERA_SM_1219,S5_cross_partition_group_tuple_cell
CondRxnBench-Benchmark-v0.1-splits-candidate.1,perera_suzuki_miyaura_2018,S5,PERERA_SM_1221,S5_cross_partition_group_tuple_cell
CondRxnBench-Benchmark-v0.1-splits-candidate.1,perera_suzuki_miyaura_2018,S5,PERERA_SM_1222,S5_cross_partition_group_tuple_cell
CondRxnBench-Benchmark-v0.1-splits-candidate.1,perera_suzuki_miyaura_2018,S5,PERERA_SM_1224,S5_cross_partition_group_tuple_cell
CondRxnBench-Benchmark-v0.1-splits-candidate.1,perera_suzuki_miyaura_2018,S5,PERERA_SM_1231,S5_cross_partition_group_tuple_cell
CondRxnBench-Benchmark-v0.1-splits-candidate.1,perera_suzuki_miyaura_2018,S5,PERERA_SM_1242,S5_cross_partition_group_tuple_cell
CondRxnBench-Benchmark-v0.1-splits-candidate.1,perera_suzuki_miyaura_2018,S5,PERERA_SM_1243,S5_cross_partition_group_tuple_cell
CondRxnBench-Benchmark-v0.1-splits-candidate.1,perera_suzuki_miyaura_2018,S5,PERERA_SM_1244,S5_cross_partition_group_tuple_cell
CondRxnBench-Benchmark-v0.1-splits-candidate.1,perera_suzuki_miyaura_2018,S5,PERERA_SM_1245,S5_cross_partition_group_tuple_cell
CondRxnBench-Benchmark-v0.1-splits-candidate.1,perera_suzuki_miyaura_2018,S5,PERERA_SM_1247,S5_cross_partition_group_tuple_cell
CondRxnBench-Benchmark-v0.1-splits-candidate.1,perera_suzuki_miyaura_2018,S5,PERERA_SM_1249,S5_cross_partition_group_tuple_cell
CondRxnBench-Benchmark-v0.1-splits-candidate.1,perera_suzuki_miyaura_2018,S5,PERERA_SM_1250,S5_cross_partition_group_tuple_cell
CondRxnBench-Benchmark-v0.1-splits-candidate.1,perera_suzuki_miyaura_2018,S5,PERERA_SM_1251,S5_cross_partition_group_tuple_cell
CondRxnBench-Benchmark-v0.1-splits-candidate.1,perera_suzuki_miyaura_2018,S5,PERERA_SM_1255,S5_cross_partition_group_tuple_cell
CondRxnBench-Benchmark-v0.1-splits-candidate.1,perera_suzuki_miyaura_2018,S5,PERERA_SM_1260,S5_cross_partition_group_tuple_cell
CondRxnBench-Benchmark-v0.1-splits-candidate.1,perera_suzuki_miyaura_2018,S5,PERERA_SM_1263,S5_cross_partition_group_tuple_cell
CondRxnBench-Benchmark-v0.1-splits-candidate.1,perera_suzuki_miyaura_2018,S5,PERERA_SM_1265,S5_cross_partition_group_tuple_cell
CondRxnBench-Benchmark-v0.1-splits-candidate.1,perera_suzuki_miyaura_2018,S5,PERERA_SM_1266,S5_cross_partition_group_tuple_cell
CondRxnBench-Benchmark-v0.1-splits-candidate.1,perera_suzuki_miyaura_2018,S5,PERERA_SM_1267,S5_cross_partition_group_tuple_cell
CondRxnBench-Benchmark-v0.1-splits-candidate.1,perera_suzuki_miyaura_2018,S5,PERERA_SM_1271,S5_cross_partition_group_tuple_cell
CondRxnBench-Benchmark-v0.1-splits-candidate.1,perera_suzuki_miyaura_2018,S5,PERERA_SM_1276,S5_cross_partition_group_tuple_cell
CondRxnBench-Benchmark-v0.1-splits-candidate.1,perera_suzuki_miyaura_2018,S5,PERERA_SM_1279,S5_cross_partition_group_tuple_cell
CondRxnBench-Benchmark-v0.1-splits-candidate.1,perera_suzuki_miyaura_2018,S5,PERERA_SM_1283,S5_cross_partition_group_tuple_cell
CondRxnBench-Benchmark-v0.1-splits-candidate.1,perera_suzuki_miyaura_2018,S5,PERERA_SM_1284,S5_cross_partition_group_tuple_cell
CondRxnBench-Benchmark-v0.1-splits-candidate.1,perera_suzuki_miyaura_2018,S5,PERERA_SM_1286,S5_cross_partition_group_tuple_cell
CondRxnBench-Benchmark-v0.1-splits-candidate.1,perera_suzuki_miyaura_2018,S5,PERERA_SM_1292,S5_cross_partition_group_tuple_cell
CondRxnBench-Benchmark-v0.1-splits-candidate.1,perera_suzuki_miyaura_2018,S5,PERERA_SM_1299,S5_cross_partition_group_tuple_cell
CondRxnBench-Benchmark-v0.1-splits-candidate.1,perera_suzuki_miyaura_2018,S5,PERERA_SM_1300,S5_cross_partition_group_tuple_cell
CondRxnBench-Benchmark-v0.1-splits-candidate.1,perera_suzuki_miyaura_2018,S5,PERERA_SM_1304,S5_cross_partition_group_tuple_cell
CondRxnBench-Benchmark-v0.1-splits-candidate.1,perera_suzuki_miyaura_2018,S5,PERERA_SM_1311,S5_cross_partition_group_tuple_cell
CondRxnBench-Benchmark-v0.1-splits-candidate.1,perera_suzuki_miyaura_2018,S5,PERERA_SM_1313,S5_cross_partition_group_tuple_cell
CondRxnBench-Benchmark-v0.1-splits-candidate.1,perera_suzuki_miyaura_2018,S5,PERERA_SM_1314,S5_cross_partition_group_tuple_cell
CondRxnBench-Benchmark-v0.1-splits-candidate.1,perera_suzuki_miyaura_2018,S5,PERERA_SM_1315,S5_cross_partition_group_tuple_cell
CondRxnBench-Benchmark-v0.1-splits-candidate.1,perera_suzuki_miyaura_2018,S5,PERERA_SM_1316,S5_cross_partition_group_tuple_cell
CondRxnBench-Benchmark-v0.1-splits-candidate.1,perera_suzuki_miyaura_2018,S5,PERERA_SM_1317,S5_cross_partition_group_tuple_cell
CondRxnBench-Benchmark-v0.1-splits-candidate.1,perera_suzuki_miyaura_2018,S5,PERERA_SM_1319,S5_cross_partition_group_tuple_cell
CondRxnBench-Benchmark-v0.1-splits-candidate.1,perera_suzuki_miyaura_2018,S5,PERERA_SM_1323,S5_cross_partition_group_tuple_cell
CondRxnBench-Benchmark-v0.1-splits-candidate.1,perera_suzuki_miyaura_2018,S5,PERERA_SM_1326,S5_cross_partition_group_tuple_cell
CondRxnBench-Benchmark-v0.1-splits-candidate.1,perera_suzuki_miyaura_2018,S5,PERERA_SM_1327,S5_cross_partition_group_tuple_cell
CondRxnBench-Benchmark-v0.1-splits-candidate.1,perera_suzuki_miyaura_2018,S5,PERERA_SM_1328,S5_cross_partition_group_tuple_cell
CondRxnBench-Benchmark-v0.1-splits-candidate.1,perera_suzuki_miyaura_2018,S5,PERERA_SM_1332,S5_cross_partition_group_tuple_cell
CondRxnBench-Benchmark-v0.1-splits-candidate.1,perera_suzuki_miyaura_2018,S5,PERERA_SM_1339,S5_cross_partition_group_tuple_cell
CondRxnBench-Benchmark-v0.1-splits-candidate.1,perera_suzuki_miyaura_2018,S5,PERERA_SM_1342,S5_cross_partition_group_tuple_cell
CondRxnBench-Benchmark-v0.1-splits-candidate.1,perera_suzuki_miyaura_2018,S5,PERERA_SM_1343,S5_cross_partition_group_tuple_cell
CondRxnBench-Benchmark-v0.1-splits-candidate.1,perera_suzuki_miyaura_2018,S5,PERERA_SM_1344,S5_cross_partition_group_tuple_cell
CondRxnBench-Benchmark-v0.1-splits-candidate.1,perera_suzuki_miyaura_2018,S5,PERERA_SM_1345,S5_cross_partition_group_tuple_cell
CondRxnBench-Benchmark-v0.1-splits-candidate.1,perera_suzuki_miyaura_2018,S5,PERERA_SM_1347,S5_cross_partition_group_tuple_cell
CondRxnBench-Benchmark-v0.1-splits-candidate.1,perera_suzuki_miyaura_2018,S5,PERERA_SM_1352,S5_cross_partition_group_tuple_cell
CondRxnBench-Benchmark-v0.1-splits-candidate.1,perera_suzuki_miyaura_2018,S5,PERERA_SM_1356,S5_cross_partition_group_tuple_cell
CondRxnBench-Benchmark-v0.1-splits-candidate.1,perera_suzuki_miyaura_2018,S5,PERERA_SM_1357,S5_cross_partition_group_tuple_cell
CondRxnBench-Benchmark-v0.1-splits-candidate.1,perera_suzuki_miyaura_2018,S5,PERERA_SM_1358,S5_cross_partition_group_tuple_cell
CondRxnBench-Benchmark-v0.1-splits-candidate.1,perera_suzuki_miyaura_2018,S5,PERERA_SM_1365,S5_cross_partition_group_tuple_cell
CondRxnBench-Benchmark-v0.1-splits-candidate.1,perera_suzuki_miyaura_2018,S5,PERERA_SM_1371,S5_cross_partition_group_tuple_cell
CondRxnBench-Benchmark-v0.1-splits-candidate.1,perera_suzuki_miyaura_2018,S5,PERERA_SM_1373,S5_cross_partition_group_tuple_cell
CondRxnBench-Benchmark-v0.1-splits-candidate.1,perera_suzuki_miyaura_2018,S5,PERERA_SM_1378,S5_cross_partition_group_tuple_cell
CondRxnBench-Benchmark-v0.1-splits-candidate.1,perera_suzuki_miyaura_2018,S5,PERERA_SM_1382,S5_cross_partition_group_tuple_cell
CondRxnBench-Benchmark-v0.1-splits-candidate.1,perera_suzuki_miyaura_2018,S5,PERERA_SM_1386,S5_cross_partition_group_tuple_cell
CondRxnBench-Benchmark-v0.1-splits-candidate.1,perera_suzuki_miyaura_2018,S5,PERERA_SM_1390,S5_cross_partition_group_tuple_cell
CondRxnBench-Benchmark-v0.1-splits-candidate.1,perera_suzuki_miyaura_2018,S5,PERERA_SM_1392,S5_cross_partition_group_tuple_cell
CondRxnBench-Benchmark-v0.1-splits-candidate.1,perera_suzuki_miyaura_2018,S5,PERERA_SM_1394,S5_cross_partition_group_tuple_cell
CondRxnBench-Benchmark-v0.1-splits-candidate.1,perera_suzuki_miyaura_2018,S5,PERERA_SM_1397,S5_cross_partition_group_tuple_cell
CondRxnBench-Benchmark-v0.1-splits-candidate.1,perera_suzuki_miyaura_2018,S5,PERERA_SM_1399,S5_cross_partition_group_tuple_cell
CondRxnBench-Benchmark-v0.1-splits-candidate.1,perera_suzuki_miyaura_2018,S5,PERERA_SM_1403,S5_cross_partition_group_tuple_cell
CondRxnBench-Benchmark-v0.1-splits-candidate.1,perera_suzuki_miyaura_2018,S5,PERERA_SM_1407,S5_cross_partition_group_tuple_cell
CondRxnBench-Benchmark-v0.1-splits-candidate.1,perera_suzuki_miyaura_2018,S5,PERERA_SM_1409,S5_cross_partition_group_tuple_cell
CondRxnBench-Benchmark-v0.1-splits-candidate.1,perera_suzuki_miyaura_2018,S5,PERERA_SM_1410,S5_cross_partition_group_tuple_cell
CondRxnBench-Benchmark-v0.1-splits-candidate.1,perera_suzuki_miyaura_2018,S5,PERERA_SM_1413,S5_cross_partition_group_tuple_cell
CondRxnBench-Benchmark-v0.1-splits-candidate.1,perera_suzuki_miyaura_2018,S5,PERERA_SM_1416,S5_cross_partition_group_tuple_cell
CondRxnBench-Benchmark-v0.1-splits-candidate.1,perera_suzuki_miyaura_2018,S5,PERERA_SM_1417,S5_cross_partition_group_tuple_cell
CondRxnBench-Benchmark-v0.1-splits-candidate.1,perera_suzuki_miyaura_2018,S5,PERERA_SM_1421,S5_cross_partition_group_tuple_cell
CondRxnBench-Benchmark-v0.1-splits-candidate.1,perera_suzuki_miyaura_2018,S5,PERERA_SM_1422,S5_cross_partition_group_tuple_cell
CondRxnBench-Benchmark-v0.1-splits-candidate.1,perera_suzuki_miyaura_2018,S5,PERERA_SM_1427,S5_cross_partition_group_tuple_cell
CondRxnBench-Benchmark-v0.1-splits-candidate.1,perera_suzuki_miyaura_2018,S5,PERERA_SM_1431,S5_cross_partition_group_tuple_cell
CondRxnBench-Benchmark-v0.1-splits-candidate.1,perera_suzuki_miyaura_2018,S5,PERERA_SM_1432,S5_cross_partition_group_tuple_cell
CondRxnBench-Benchmark-v0.1-splits-candidate.1,perera_suzuki_miyaura_2018,S5,PERERA_SM_1438,S5_cross_partition_group_tuple_cell
CondRxnBench-Benchmark-v0.1-splits-candidate.1,perera_suzuki_miyaura_2018,S5,PERERA_SM_1441,S5_cross_partition_group_tuple_cell
CondRxnBench-Benchmark-v0.1-splits-candidate.1,perera_suzuki_miyaura_2018,S5,PERERA_SM_1442,S5_cross_partition_group_tuple_cell
CondRxnBench-Benchmark-v0.1-splits-candidate.1,perera_suzuki_miyaura_2018,S5,PERERA_SM_1447,S5_cross_partition_group_tuple_cell
CondRxnBench-Benchmark-v0.1-splits-candidate.1,perera_suzuki_miyaura_2018,S5,PERERA_SM_1448,S5_cross_partition_group_tuple_cell
CondRxnBench-Benchmark-v0.1-splits-candidate.1,perera_suzuki_miyaura_2018,S5,PERERA_SM_1452,S5_cross_partition_group_tuple_cell
CondRxnBench-Benchmark-v0.1-splits-candidate.1,perera_suzuki_miyaura_2018,S5,PERERA_SM_1457,S5_cross_partition_group_tuple_cell
CondRxnBench-Benchmark-v0.1-splits-candidate.1,perera_suzuki_miyaura_2018,S5,PERERA_SM_1465,S5_cross_partition_group_tuple_cell
CondRxnBench-Benchmark-v0.1-splits-candidate.1,perera_suzuki_miyaura_2018,S5,PERERA_SM_1467,S5_cross_partition_group_tuple_cell
CondRxnBench-Benchmark-v0.1-splits-candidate.1,perera_suzuki_miyaura_2018,S5,PERERA_SM_1470,S5_cross_partition_group_tuple_cell
CondRxnBench-Benchmark-v0.1-splits-candidate.1,perera_suzuki_miyaura_2018,S5,PERERA_SM_1476,S5_cross_partition_group_tuple_cell
CondRxnBench-Benchmark-v0.1-splits-candidate.1,perera_suzuki_miyaura_2018,S5,PERERA_SM_1478,S5_cross_partition_group_tuple_cell
CondRxnBench-Benchmark-v0.1-splits-candidate.1,perera_suzuki_miyaura_2018,S5,PERERA_SM_1482,S5_cross_partition_group_tuple_cell
CondRxnBench-Benchmark-v0.1-splits-candidate.1,perera_suzuki_miyaura_2018,S5,PERERA_SM_1483,S5_cross_partition_group_tuple_cell
CondRxnBench-Benchmark-v0.1-splits-candidate.1,perera_suzuki_miyaura_2018,S5,PERERA_SM_1489,S5_cross_partition_group_tuple_cell
CondRxnBench-Benchmark-v0.1-splits-candidate.1,perera_suzuki_miyaura_2018,S5,PERERA_SM_1494,S5_cross_partition_group_tuple_cell
CondRxnBench-Benchmark-v0.1-splits-candidate.1,perera_suzuki_miyaura_2018,S5,PERERA_SM_1495,S5_cross_partition_group_tuple_cell
CondRxnBench-Benchmark-v0.1-splits-candidate.1,perera_suzuki_miyaura_2018,S5,PERERA_SM_1499,S5_cross_partition_group_tuple_cell
CondRxnBench-Benchmark-v0.1-splits-candidate.1,perera_suzuki_miyaura_2018,S5,PERERA_SM_1500,S5_cross_partition_group_tuple_cell
CondRxnBench-Benchmark-v0.1-splits-candidate.1,perera_suzuki_miyaura_2018,S5,PERERA_SM_1502,S5_cross_partition_group_tuple_cell
CondRxnBench-Benchmark-v0.1-splits-candidate.1,perera_suzuki_miyaura_2018,S5,PERERA_SM_1512,S5_cross_partition_group_tuple_cell
CondRxnBench-Benchmark-v0.1-splits-candidate.1,perera_suzuki_miyaura_2018,S5,PERERA_SM_1516,S5_cross_partition_group_tuple_cell
CondRxnBench-Benchmark-v0.1-splits-candidate.1,perera_suzuki_miyaura_2018,S5,PERERA_SM_1519,S5_cross_partition_group_tuple_cell
CondRxnBench-Benchmark-v0.1-splits-candidate.1,perera_suzuki_miyaura_2018,S5,PERERA_SM_1522,S5_cross_partition_group_tuple_cell
CondRxnBench-Benchmark-v0.1-splits-candidate.1,perera_suzuki_miyaura_2018,S5,PERERA_SM_1528,S5_cross_partition_group_tuple_cell
CondRxnBench-Benchmark-v0.1-splits-candidate.1,perera_suzuki_miyaura_2018,S5,PERERA_SM_1537,S5_cross_partition_group_tuple_cell
CondRxnBench-Benchmark-v0.1-splits-candidate.1,perera_suzuki_miyaura_2018,S5,PERERA_SM_1538,S5_cross_partition_group_tuple_cell
CondRxnBench-Benchmark-v0.1-splits-candidate.1,perera_suzuki_miyaura_2018,S5,PERERA_SM_1539,S5_cross_partition_group_tuple_cell
CondRxnBench-Benchmark-v0.1-splits-candidate.1,perera_suzuki_miyaura_2018,S5,PERERA_SM_1540,S5_cross_partition_group_tuple_cell
CondRxnBench-Benchmark-v0.1-splits-candidate.1,perera_suzuki_miyaura_2018,S5,PERERA_SM_1541,S5_cross_partition_group_tuple_cell
CondRxnBench-Benchmark-v0.1-splits-candidate.1,perera_suzuki_miyaura_2018,S5,PERERA_SM_1542,S5_cross_partition_group_tuple_cell
CondRxnBench-Benchmark-v0.1-splits-candidate.1,perera_suzuki_miyaura_2018,S5,PERERA_SM_1543,S5_cross_partition_group_tuple_cell
CondRxnBench-Benchmark-v0.1-splits-candidate.1,perera_suzuki_miyaura_2018,S5,PERERA_SM_1544,S5_cross_partition_group_tuple_cell
CondRxnBench-Benchmark-v0.1-splits-candidate.1,perera_suzuki_miyaura_2018,S5,PERERA_SM_1546,S5_cross_partition_group_tuple_cell
CondRxnBench-Benchmark-v0.1-splits-candidate.1,perera_suzuki_miyaura_2018,S5,PERERA_SM_1547,S5_cross_partition_group_tuple_cell
CondRxnBench-Benchmark-v0.1-splits-candidate.1,perera_suzuki_miyaura_2018,S5,PERERA_SM_1549,S5_cross_partition_group_tuple_cell
CondRxnBench-Benchmark-v0.1-splits-candidate.1,perera_suzuki_miyaura_2018,S5,PERERA_SM_1550,S5_cross_partition_group_tuple_cell
CondRxnBench-Benchmark-v0.1-splits-candidate.1,perera_suzuki_miyaura_2018,S5,PERERA_SM_1551,S5_cross_partition_group_tuple_cell
CondRxnBench-Benchmark-v0.1-splits-candidate.1,perera_suzuki_miyaura_2018,S5,PERERA_SM_1552,S5_cross_partition_group_tuple_cell
CondRxnBench-Benchmark-v0.1-splits-candidate.1,perera_suzuki_miyaura_2018,S5,PERERA_SM_1553,S5_cross_partition_group_tuple_cell
CondRxnBench-Benchmark-v0.1-splits-candidate.1,perera_suzuki_miyaura_2018,S5,PERERA_SM_1555,S5_cross_partition_group_tuple_cell
CondRxnBench-Benchmark-v0.1-splits-candidate.1,perera_suzuki_miyaura_2018,S5,PERERA_SM_1556,S5_cross_partition_group_tuple_cell
CondRxnBench-Benchmark-v0.1-splits-candidate.1,perera_suzuki_miyaura_2018,S5,PERERA_SM_1557,S5_cross_partition_group_tuple_cell
CondRxnBench-Benchmark-v0.1-splits-candidate.1,perera_suzuki_miyaura_2018,S5,PERERA_SM_1558,S5_cross_partition_group_tuple_cell
CondRxnBench-Benchmark-v0.1-splits-candidate.1,perera_suzuki_miyaura_2018,S5,PERERA_SM_1560,S5_cross_partition_group_tuple_cell
CondRxnBench-Benchmark-v0.1-splits-candidate.1,perera_suzuki_miyaura_2018,S5,PERERA_SM_1561,S5_cross_partition_group_tuple_cell
CondRxnBench-Benchmark-v0.1-splits-candidate.1,perera_suzuki_miyaura_2018,S5,PERERA_SM_1562,S5_cross_partition_group_tuple_cell
CondRxnBench-Benchmark-v0.1-splits-candidate.1,perera_suzuki_miyaura_2018,S5,PERERA_SM_1563,S5_cross_partition_group_tuple_cell
CondRxnBench-Benchmark-v0.1-splits-candidate.1,perera_suzuki_miyaura_2018,S5,PERERA_SM_1564,S5_cross_partition_group_tuple_cell
CondRxnBench-Benchmark-v0.1-splits-candidate.1,perera_suzuki_miyaura_2018,S5,PERERA_SM_1565,S5_cross_partition_group_tuple_cell
CondRxnBench-Benchmark-v0.1-splits-candidate.1,perera_suzuki_miyaura_2018,S5,PERERA_SM_1566,S5_cross_partition_group_tuple_cell
CondRxnBench-Benchmark-v0.1-splits-candidate.1,perera_suzuki_miyaura_2018,S5,PERERA_SM_1567,S5_cross_partition_group_tuple_cell
CondRxnBench-Benchmark-v0.1-splits-candidate.1,perera_suzuki_miyaura_2018,S5,PERERA_SM_1568,S5_cross_partition_group_tuple_cell
CondRxnBench-Benchmark-v0.1-splits-candidate.1,perera_suzuki_miyaura_2018,S5,PERERA_SM_1569,S5_cross_partition_group_tuple_cell
CondRxnBench-Benchmark-v0.1-splits-candidate.1,perera_suzuki_miyaura_2018,S5,PERERA_SM_1570,S5_cross_partition_group_tuple_cell
CondRxnBench-Benchmark-v0.1-splits-candidate.1,perera_suzuki_miyaura_2018,S5,PERERA_SM_1571,S5_cross_partition_group_tuple_cell
CondRxnBench-Benchmark-v0.1-splits-candidate.1,perera_suzuki_miyaura_2018,S5,PERERA_SM_1573,S5_cross_partition_group_tuple_cell
CondRxnBench-Benchmark-v0.1-splits-candidate.1,perera_suzuki_miyaura_2018,S5,PERERA_SM_1574,S5_cross_partition_group_tuple_cell
CondRxnBench-Benchmark-v0.1-splits-candidate.1,perera_suzuki_miyaura_2018,S5,PERERA_SM_1575,S5_cross_partition_group_tuple_cell
CondRxnBench-Benchmark-v0.1-splits-candidate.1,perera_suzuki_miyaura_2018,S5,PERERA_SM_1576,S5_cross_partition_group_tuple_cell
CondRxnBench-Benchmark-v0.1-splits-candidate.1,perera_suzuki_miyaura_2018,S5,PERERA_SM_1577,S5_cross_partition_group_tuple_cell
CondRxnBench-Benchmark-v0.1-splits-candidate.1,perera_suzuki_miyaura_2018,S5,PERERA_SM_1578,S5_cross_partition_group_tuple_cell
CondRxnBench-Benchmark-v0.1-splits-candidate.1,perera_suzuki_miyaura_2018,S5,PERERA_SM_1580,S5_cross_partition_group_tuple_cell
CondRxnBench-Benchmark-v0.1-splits-candidate.1,perera_suzuki_miyaura_2018,S5,PERERA_SM_1581,S5_cross_partition_group_tuple_cell
CondRxnBench-Benchmark-v0.1-splits-candidate.1,perera_suzuki_miyaura_2018,S5,PERERA_SM_1582,S5_cross_partition_group_tuple_cell
CondRxnBench-Benchmark-v0.1-splits-candidate.1,perera_suzuki_miyaura_2018,S5,PERERA_SM_1583,S5_cross_partition_group_tuple_cell
CondRxnBench-Benchmark-v0.1-splits-candidate.1,perera_suzuki_miyaura_2018,S5,PERERA_SM_1584,S5_cross_partition_group_tuple_cell
CondRxnBench-Benchmark-v0.1-splits-candidate.1,perera_suzuki_miyaura_2018,S5,PERERA_SM_1585,S5_cross_partition_group_tuple_cell
CondRxnBench-Benchmark-v0.1-splits-candidate.1,perera_suzuki_miyaura_2018,S5,PERERA_SM_1586,S5_cross_partition_group_tuple_cell
CondRxnBench-Benchmark-v0.1-splits-candidate.1,perera_suzuki_miyaura_2018,S5,PERERA_SM_1587,S5_cross_partition_group_tuple_cell
CondRxnBench-Benchmark-v0.1-splits-candidate.1,perera_suzuki_miyaura_2018,S5,PERERA_SM_1588,S5_cross_partition_group_tuple_cell
CondRxnBench-Benchmark-v0.1-splits-candidate.1,perera_suzuki_miyaura_2018,S5,PERERA_SM_1589,S5_cross_partition_group_tuple_cell
CondRxnBench-Benchmark-v0.1-splits-candidate.1,perera_suzuki_miyaura_2018,S5,PERERA_SM_1590,S5_cross_partition_group_tuple_cell
CondRxnBench-Benchmark-v0.1-splits-candidate.1,perera_suzuki_miyaura_2018,S5,PERERA_SM_1591,S5_cross_partition_group_tuple_cell
CondRxnBench-Benchmark-v0.1-splits-candidate.1,perera_suzuki_miyaura_2018,S5,PERERA_SM_1593,S5_cross_partition_group_tuple_cell
CondRxnBench-Benchmark-v0.1-splits-candidate.1,perera_suzuki_miyaura_2018,S5,PERERA_SM_1594,S5_cross_partition_group_tuple_cell
CondRxnBench-Benchmark-v0.1-splits-candidate.1,perera_suzuki_miyaura_2018,S5,PERERA_SM_1595,S5_cross_partition_group_tuple_cell
CondRxnBench-Benchmark-v0.1-splits-candidate.1,perera_suzuki_miyaura_2018,S5,PERERA_SM_1596,S5_cross_partition_group_tuple_cell
CondRxnBench-Benchmark-v0.1-splits-candidate.1,perera_suzuki_miyaura_2018,S5,PERERA_SM_1597,S5_cross_partition_group_tuple_cell
CondRxnBench-Benchmark-v0.1-splits-candidate.1,perera_suzuki_miyaura_2018,S5,PERERA_SM_1598,S5_cross_partition_group_tuple_cell
CondRxnBench-Benchmark-v0.1-splits-candidate.1,perera_suzuki_miyaura_2018,S5,PERERA_SM_1600,S5_cross_partition_group_tuple_cell
CondRxnBench-Benchmark-v0.1-splits-candidate.1,perera_suzuki_miyaura_2018,S5,PERERA_SM_1601,S5_cross_partition_group_tuple_cell
CondRxnBench-Benchmark-v0.1-splits-candidate.1,perera_suzuki_miyaura_2018,S5,PERERA_SM_1602,S5_cross_partition_group_tuple_cell
CondRxnBench-Benchmark-v0.1-splits-candidate.1,perera_suzuki_miyaura_2018,S5,PERERA_SM_1604,S5_cross_partition_group_tuple_cell
CondRxnBench-Benchmark-v0.1-splits-candidate.1,perera_suzuki_miyaura_2018,S5,PERERA_SM_1606,S5_cross_partition_group_tuple_cell
CondRxnBench-Benchmark-v0.1-splits-candidate.1,perera_suzuki_miyaura_2018,S5,PERERA_SM_1607,S5_cross_partition_group_tuple_cell
CondRxnBench-Benchmark-v0.1-splits-candidate.1,perera_suzuki_miyaura_2018,S5,PERERA_SM_1608,S5_cross_partition_group_tuple_cell
CondRxnBench-Benchmark-v0.1-splits-candidate.1,perera_suzuki_miyaura_2018,S5,PERERA_SM_1609,S5_cross_partition_group_tuple_cell
CondRxnBench-Benchmark-v0.1-splits-candidate.1,perera_suzuki_miyaura_2018,S5,PERERA_SM_1610,S5_cross_partition_group_tuple_cell
CondRxnBench-Benchmark-v0.1-splits-candidate.1,perera_suzuki_miyaura_2018,S5,PERERA_SM_1611,S5_cross_partition_group_tuple_cell
CondRxnBench-Benchmark-v0.1-splits-candidate.1,perera_suzuki_miyaura_2018,S5,PERERA_SM_1612,S5_cross_partition_group_tuple_cell
CondRxnBench-Benchmark-v0.1-splits-candidate.1,perera_suzuki_miyaura_2018,S5,PERERA_SM_1613,S5_cross_partition_group_tuple_cell
CondRxnBench-Benchmark-v0.1-splits-candidate.1,perera_suzuki_miyaura_2018,S5,PERERA_SM_1614,S5_cross_partition_group_tuple_cell
CondRxnBench-Benchmark-v0.1-splits-candidate.1,perera_suzuki_miyaura_2018,S5,PERERA_SM_1615,S5_cross_partition_group_tuple_cell
CondRxnBench-Benchmark-v0.1-splits-candidate.1,perera_suzuki_miyaura_2018,S5,PERERA_SM_1616,S5_cross_partition_group_tuple_cell
CondRxnBench-Benchmark-v0.1-splits-candidate.1,perera_suzuki_miyaura_2018,S5,PERERA_SM_1617,S5_cross_partition_group_tuple_cell
CondRxnBench-Benchmark-v0.1-splits-candidate.1,perera_suzuki_miyaura_2018,S5,PERERA_SM_1618,S5_cross_partition_group_tuple_cell
CondRxnBench-Benchmark-v0.1-splits-candidate.1,perera_suzuki_miyaura_2018,S5,PERERA_SM_1619,S5_cross_partition_group_tuple_cell
CondRxnBench-Benchmark-v0.1-splits-candidate.1,perera_suzuki_miyaura_2018,S5,PERERA_SM_1620,S5_cross_partition_group_tuple_cell
CondRxnBench-Benchmark-v0.1-splits-candidate.1,perera_suzuki_miyaura_2018,S5,PERERA_SM_1621,S5_cross_partition_group_tuple_cell
CondRxnBench-Benchmark-v0.1-splits-candidate.1,perera_suzuki_miyaura_2018,S5,PERERA_SM_1622,S5_cross_partition_group_tuple_cell
CondRxnBench-Benchmark-v0.1-splits-candidate.1,perera_suzuki_miyaura_2018,S5,PERERA_SM_1623,S5_cross_partition_group_tuple_cell
CondRxnBench-Benchmark-v0.1-splits-candidate.1,perera_suzuki_miyaura_2018,S5,PERERA_SM_1624,S5_cross_partition_group_tuple_cell
CondRxnBench-Benchmark-v0.1-splits-candidate.1,perera_suzuki_miyaura_2018,S5,PERERA_SM_1625,S5_cross_partition_group_tuple_cell
CondRxnBench-Benchmark-v0.1-splits-candidate.1,perera_suzuki_miyaura_2018,S5,PERERA_SM_1627,S5_cross_partition_group_tuple_cell
CondRxnBench-Benchmark-v0.1-splits-candidate.1,perera_suzuki_miyaura_2018,S5,PERERA_SM_1629,S5_cross_partition_group_tuple_cell
CondRxnBench-Benchmark-v0.1-splits-candidate.1,perera_suzuki_miyaura_2018,S5,PERERA_SM_1630,S5_cross_partition_group_tuple_cell
CondRxnBench-Benchmark-v0.1-splits-candidate.1,perera_suzuki_miyaura_2018,S5,PERERA_SM_1632,S5_cross_partition_group_tuple_cell
CondRxnBench-Benchmark-v0.1-splits-candidate.1,perera_suzuki_miyaura_2018,S5,PERERA_SM_1636,S5_cross_partition_group_tuple_cell
CondRxnBench-Benchmark-v0.1-splits-candidate.1,perera_suzuki_miyaura_2018,S5,PERERA_SM_1637,S5_cross_partition_group_tuple_cell
CondRxnBench-Benchmark-v0.1-splits-candidate.1,perera_suzuki_miyaura_2018,S5,PERERA_SM_1638,S5_cross_partition_group_tuple_cell
CondRxnBench-Benchmark-v0.1-splits-candidate.1,perera_suzuki_miyaura_2018,S5,PERERA_SM_1640,S5_cross_partition_group_tuple_cell
CondRxnBench-Benchmark-v0.1-splits-candidate.1,perera_suzuki_miyaura_2018,S5,PERERA_SM_1641,S5_cross_partition_group_tuple_cell
CondRxnBench-Benchmark-v0.1-splits-candidate.1,perera_suzuki_miyaura_2018,S5,PERERA_SM_1642,S5_cross_partition_group_tuple_cell
CondRxnBench-Benchmark-v0.1-splits-candidate.1,perera_suzuki_miyaura_2018,S5,PERERA_SM_1643,S5_cross_partition_group_tuple_cell
CondRxnBench-Benchmark-v0.1-splits-candidate.1,perera_suzuki_miyaura_2018,S5,PERERA_SM_1644,S5_cross_partition_group_tuple_cell
CondRxnBench-Benchmark-v0.1-splits-candidate.1,perera_suzuki_miyaura_2018,S5,PERERA_SM_1645,S5_cross_partition_group_tuple_cell
CondRxnBench-Benchmark-v0.1-splits-candidate.1,perera_suzuki_miyaura_2018,S5,PERERA_SM_1646,S5_cross_partition_group_tuple_cell
CondRxnBench-Benchmark-v0.1-splits-candidate.1,perera_suzuki_miyaura_2018,S5,PERERA_SM_1647,S5_cross_partition_group_tuple_cell
CondRxnBench-Benchmark-v0.1-splits-candidate.1,perera_suzuki_miyaura_2018,S5,PERERA_SM_1648,S5_cross_partition_group_tuple_cell
CondRxnBench-Benchmark-v0.1-splits-candidate.1,perera_suzuki_miyaura_2018,S5,PERERA_SM_1649,S5_cross_partition_group_tuple_cell
CondRxnBench-Benchmark-v0.1-splits-candidate.1,perera_suzuki_miyaura_2018,S5,PERERA_SM_1650,S5_cross_partition_group_tuple_cell
CondRxnBench-Benchmark-v0.1-splits-candidate.1,perera_suzuki_miyaura_2018,S5,PERERA_SM_1652,S5_cross_partition_group_tuple_cell
CondRxnBench-Benchmark-v0.1-splits-candidate.1,perera_suzuki_miyaura_2018,S5,PERERA_SM_1653,S5_cross_partition_group_tuple_cell
CondRxnBench-Benchmark-v0.1-splits-candidate.1,perera_suzuki_miyaura_2018,S5,PERERA_SM_1654,S5_cross_partition_group_tuple_cell
CondRxnBench-Benchmark-v0.1-splits-candidate.1,perera_suzuki_miyaura_2018,S5,PERERA_SM_1656,S5_cross_partition_group_tuple_cell
CondRxnBench-Benchmark-v0.1-splits-candidate.1,perera_suzuki_miyaura_2018,S5,PERERA_SM_1657,S5_cross_partition_group_tuple_cell
CondRxnBench-Benchmark-v0.1-splits-candidate.1,perera_suzuki_miyaura_2018,S5,PERERA_SM_1658,S5_cross_partition_group_tuple_cell
CondRxnBench-Benchmark-v0.1-splits-candidate.1,perera_suzuki_miyaura_2018,S5,PERERA_SM_1659,S5_cross_partition_group_tuple_cell
CondRxnBench-Benchmark-v0.1-splits-candidate.1,perera_suzuki_miyaura_2018,S5,PERERA_SM_1660,S5_cross_partition_group_tuple_cell
CondRxnBench-Benchmark-v0.1-splits-candidate.1,perera_suzuki_miyaura_2018,S5,PERERA_SM_1661,S5_cross_partition_group_tuple_cell
CondRxnBench-Benchmark-v0.1-splits-candidate.1,perera_suzuki_miyaura_2018,S5,PERERA_SM_1662,S5_cross_partition_group_tuple_cell
CondRxnBench-Benchmark-v0.1-splits-candidate.1,perera_suzuki_miyaura_2018,S5,PERERA_SM_1663,S5_cross_partition_group_tuple_cell
CondRxnBench-Benchmark-v0.1-splits-candidate.1,perera_suzuki_miyaura_2018,S5,PERERA_SM_1664,S5_cross_partition_group_tuple_cell
CondRxnBench-Benchmark-v0.1-splits-candidate.1,perera_suzuki_miyaura_2018,S5,PERERA_SM_1665,S5_cross_partition_group_tuple_cell
CondRxnBench-Benchmark-v0.1-splits-candidate.1,perera_suzuki_miyaura_2018,S5,PERERA_SM_1666,S5_cross_partition_group_tuple_cell
CondRxnBench-Benchmark-v0.1-splits-candidate.1,perera_suzuki_miyaura_2018,S5,PERERA_SM_1667,S5_cross_partition_group_tuple_cell
CondRxnBench-Benchmark-v0.1-splits-candidate.1,perera_suzuki_miyaura_2018,S5,PERERA_SM_1669,S5_cross_partition_group_tuple_cell
CondRxnBench-Benchmark-v0.1-splits-candidate.1,perera_suzuki_miyaura_2018,S5,PERERA_SM_1670,S5_cross_partition_group_tuple_cell
CondRxnBench-Benchmark-v0.1-splits-candidate.1,perera_suzuki_miyaura_2018,S5,PERERA_SM_1671,S5_cross_partition_group_tuple_cell
CondRxnBench-Benchmark-v0.1-splits-candidate.1,perera_suzuki_miyaura_2018,S5,PERERA_SM_1672,S5_cross_partition_group_tuple_cell
CondRxnBench-Benchmark-v0.1-splits-candidate.1,perera_suzuki_miyaura_2018,S5,PERERA_SM_1673,S5_cross_partition_group_tuple_cell
CondRxnBench-Benchmark-v0.1-splits-candidate.1,perera_suzuki_miyaura_2018,S5,PERERA_SM_1674,S5_cross_partition_group_tuple_cell
CondRxnBench-Benchmark-v0.1-splits-candidate.1,perera_suzuki_miyaura_2018,S5,PERERA_SM_1675,S5_cross_partition_group_tuple_cell
CondRxnBench-Benchmark-v0.1-splits-candidate.1,perera_suzuki_miyaura_2018,S5,PERERA_SM_1676,S5_cross_partition_group_tuple_cell
CondRxnBench-Benchmark-v0.1-splits-candidate.1,perera_suzuki_miyaura_2018,S5,PERERA_SM_1677,S5_cross_partition_group_tuple_cell
CondRxnBench-Benchmark-v0.1-splits-candidate.1,perera_suzuki_miyaura_2018,S5,PERERA_SM_1678,S5_cross_partition_group_tuple_cell
CondRxnBench-Benchmark-v0.1-splits-candidate.1,perera_suzuki_miyaura_2018,S5,PERERA_SM_1679,S5_cross_partition_group_tuple_cell
CondRxnBench-Benchmark-v0.1-splits-candidate.1,perera_suzuki_miyaura_2018,S5,PERERA_SM_1680,S5_cross_partition_group_tuple_cell
CondRxnBench-Benchmark-v0.1-splits-candidate.1,perera_suzuki_miyaura_2018,S5,PERERA_SM_1681,S5_cross_partition_group_tuple_cell
CondRxnBench-Benchmark-v0.1-splits-candidate.1,perera_suzuki_miyaura_2018,S5,PERERA_SM_1682,S5_cross_partition_group_tuple_cell
CondRxnBench-Benchmark-v0.1-splits-candidate.1,perera_suzuki_miyaura_2018,S5,PERERA_SM_1684,S5_cross_partition_group_tuple_cell
CondRxnBench-Benchmark-v0.1-splits-candidate.1,perera_suzuki_miyaura_2018,S5,PERERA_SM_1685,S5_cross_partition_group_tuple_cell
CondRxnBench-Benchmark-v0.1-splits-candidate.1,perera_suzuki_miyaura_2018,S5,PERERA_SM_1686,S5_cross_partition_group_tuple_cell
CondRxnBench-Benchmark-v0.1-splits-candidate.1,perera_suzuki_miyaura_2018,S5,PERERA_SM_1687,S5_cross_partition_group_tuple_cell
CondRxnBench-Benchmark-v0.1-splits-candidate.1,perera_suzuki_miyaura_2018,S5,PERERA_SM_1689,S5_cross_partition_group_tuple_cell
CondRxnBench-Benchmark-v0.1-splits-candidate.1,perera_suzuki_miyaura_2018,S5,PERERA_SM_1690,S5_cross_partition_group_tuple_cell
CondRxnBench-Benchmark-v0.1-splits-candidate.1,perera_suzuki_miyaura_2018,S5,PERERA_SM_1691,S5_cross_partition_group_tuple_cell
CondRxnBench-Benchmark-v0.1-splits-candidate.1,perera_suzuki_miyaura_2018,S5,PERERA_SM_1692,S5_cross_partition_group_tuple_cell
CondRxnBench-Benchmark-v0.1-splits-candidate.1,perera_suzuki_miyaura_2018,S5,PERERA_SM_1693,S5_cross_partition_group_tuple_cell
CondRxnBench-Benchmark-v0.1-splits-candidate.1,perera_suzuki_miyaura_2018,S5,PERERA_SM_1694,S5_cross_partition_group_tuple_cell
CondRxnBench-Benchmark-v0.1-splits-candidate.1,perera_suzuki_miyaura_2018,S5,PERERA_SM_1695,S5_cross_partition_group_tuple_cell
CondRxnBench-Benchmark-v0.1-splits-candidate.1,perera_suzuki_miyaura_2018,S5,PERERA_SM_1696,S5_cross_partition_group_tuple_cell
CondRxnBench-Benchmark-v0.1-splits-candidate.1,perera_suzuki_miyaura_2018,S5,PERERA_SM_1697,S5_cross_partition_group_tuple_cell
CondRxnBench-Benchmark-v0.1-splits-candidate.1,perera_suzuki_miyaura_2018,S5,PERERA_SM_1698,S5_cross_partition_group_tuple_cell
CondRxnBench-Benchmark-v0.1-splits-candidate.1,perera_suzuki_miyaura_2018,S5,PERERA_SM_1701,S5_cross_partition_group_tuple_cell
CondRxnBench-Benchmark-v0.1-splits-candidate.1,perera_suzuki_miyaura_2018,S5,PERERA_SM_1702,S5_cross_partition_group_tuple_cell
CondRxnBench-Benchmark-v0.1-splits-candidate.1,perera_suzuki_miyaura_2018,S5,PERERA_SM_1704,S5_cross_partition_group_tuple_cell
CondRxnBench-Benchmark-v0.1-splits-candidate.1,perera_suzuki_miyaura_2018,S5,PERERA_SM_1705,S5_cross_partition_group_tuple_cell
CondRxnBench-Benchmark-v0.1-splits-candidate.1,perera_suzuki_miyaura_2018,S5,PERERA_SM_1706,S5_cross_partition_group_tuple_cell
CondRxnBench-Benchmark-v0.1-splits-candidate.1,perera_suzuki_miyaura_2018,S5,PERERA_SM_1708,S5_cross_partition_group_tuple_cell
CondRxnBench-Benchmark-v0.1-splits-candidate.1,perera_suzuki_miyaura_2018,S5,PERERA_SM_1709,S5_cross_partition_group_tuple_cell
CondRxnBench-Benchmark-v0.1-splits-candidate.1,perera_suzuki_miyaura_2018,S5,PERERA_SM_1713,S5_cross_partition_group_tuple_cell
CondRxnBench-Benchmark-v0.1-splits-candidate.1,perera_suzuki_miyaura_2018,S5,PERERA_SM_1714,S5_cross_partition_group_tuple_cell
CondRxnBench-Benchmark-v0.1-splits-candidate.1,perera_suzuki_miyaura_2018,S5,PERERA_SM_1715,S5_cross_partition_group_tuple_cell
CondRxnBench-Benchmark-v0.1-splits-candidate.1,perera_suzuki_miyaura_2018,S5,PERERA_SM_1717,S5_cross_partition_group_tuple_cell
CondRxnBench-Benchmark-v0.1-splits-candidate.1,perera_suzuki_miyaura_2018,S5,PERERA_SM_1718,S5_cross_partition_group_tuple_cell
CondRxnBench-Benchmark-v0.1-splits-candidate.1,perera_suzuki_miyaura_2018,S5,PERERA_SM_1719,S5_cross_partition_group_tuple_cell
CondRxnBench-Benchmark-v0.1-splits-candidate.1,perera_suzuki_miyaura_2018,S5,PERERA_SM_1720,S5_cross_partition_group_tuple_cell
CondRxnBench-Benchmark-v0.1-splits-candidate.1,perera_suzuki_miyaura_2018,S5,PERERA_SM_1721,S5_cross_partition_group_tuple_cell
CondRxnBench-Benchmark-v0.1-splits-candidate.1,perera_suzuki_miyaura_2018,S5,PERERA_SM_1722,S5_cross_partition_group_tuple_cell
CondRxnBench-Benchmark-v0.1-splits-candidate.1,perera_suzuki_miyaura_2018,S5,PERERA_SM_1723,S5_cross_partition_group_tuple_cell
CondRxnBench-Benchmark-v0.1-splits-candidate.1,perera_suzuki_miyaura_2018,S5,PERERA_SM_1724,S5_cross_partition_group_tuple_cell
CondRxnBench-Benchmark-v0.1-splits-candidate.1,perera_suzuki_miyaura_2018,S5,PERERA_SM_1725,S5_cross_partition_group_tuple_cell
CondRxnBench-Benchmark-v0.1-splits-candidate.1,perera_suzuki_miyaura_2018,S5,PERERA_SM_1726,S5_cross_partition_group_tuple_cell
CondRxnBench-Benchmark-v0.1-splits-candidate.1,perera_suzuki_miyaura_2018,S5,PERERA_SM_1727,S5_cross_partition_group_tuple_cell
CondRxnBench-Benchmark-v0.1-splits-candidate.1,perera_suzuki_miyaura_2018,S5,PERERA_SM_1730,S5_cross_partition_group_tuple_cell
CondRxnBench-Benchmark-v0.1-splits-candidate.1,perera_suzuki_miyaura_2018,S5,PERERA_SM_1732,S5_cross_partition_group_tuple_cell
CondRxnBench-Benchmark-v0.1-splits-candidate.1,perera_suzuki_miyaura_2018,S5,PERERA_SM_1733,S5_cross_partition_group_tuple_cell
CondRxnBench-Benchmark-v0.1-splits-candidate.1,perera_suzuki_miyaura_2018,S5,PERERA_SM_1734,S5_cross_partition_group_tuple_cell
CondRxnBench-Benchmark-v0.1-splits-candidate.1,perera_suzuki_miyaura_2018,S5,PERERA_SM_1735,S5_cross_partition_group_tuple_cell
CondRxnBench-Benchmark-v0.1-splits-candidate.1,perera_suzuki_miyaura_2018,S5,PERERA_SM_1736,S5_cross_partition_group_tuple_cell
CondRxnBench-Benchmark-v0.1-splits-candidate.1,perera_suzuki_miyaura_2018,S5,PERERA_SM_1737,S5_cross_partition_group_tuple_cell
CondRxnBench-Benchmark-v0.1-splits-candidate.1,perera_suzuki_miyaura_2018,S5,PERERA_SM_1738,S5_cross_partition_group_tuple_cell
CondRxnBench-Benchmark-v0.1-splits-candidate.1,perera_suzuki_miyaura_2018,S5,PERERA_SM_1739,S5_cross_partition_group_tuple_cell
CondRxnBench-Benchmark-v0.1-splits-candidate.1,perera_suzuki_miyaura_2018,S5,PERERA_SM_1743,S5_cross_partition_group_tuple_cell
CondRxnBench-Benchmark-v0.1-splits-candidate.1,perera_suzuki_miyaura_2018,S5,PERERA_SM_1744,S5_cross_partition_group_tuple_cell
CondRxnBench-Benchmark-v0.1-splits-candidate.1,perera_suzuki_miyaura_2018,S5,PERERA_SM_1745,S5_cross_partition_group_tuple_cell
CondRxnBench-Benchmark-v0.1-splits-candidate.1,perera_suzuki_miyaura_2018,S5,PERERA_SM_1746,S5_cross_partition_group_tuple_cell
CondRxnBench-Benchmark-v0.1-splits-candidate.1,perera_suzuki_miyaura_2018,S5,PERERA_SM_1747,S5_cross_partition_group_tuple_cell
CondRxnBench-Benchmark-v0.1-splits-candidate.1,perera_suzuki_miyaura_2018,S5,PERERA_SM_1748,S5_cross_partition_group_tuple_cell
CondRxnBench-Benchmark-v0.1-splits-candidate.1,perera_suzuki_miyaura_2018,S5,PERERA_SM_1749,S5_cross_partition_group_tuple_cell
CondRxnBench-Benchmark-v0.1-splits-candidate.1,perera_suzuki_miyaura_2018,S5,PERERA_SM_1750,S5_cross_partition_group_tuple_cell
CondRxnBench-Benchmark-v0.1-splits-candidate.1,perera_suzuki_miyaura_2018,S5,PERERA_SM_1751,S5_cross_partition_group_tuple_cell
CondRxnBench-Benchmark-v0.1-splits-candidate.1,perera_suzuki_miyaura_2018,S5,PERERA_SM_1752,S5_cross_partition_group_tuple_cell
CondRxnBench-Benchmark-v0.1-splits-candidate.1,perera_suzuki_miyaura_2018,S5,PERERA_SM_1753,S5_cross_partition_group_tuple_cell
CondRxnBench-Benchmark-v0.1-splits-candidate.1,perera_suzuki_miyaura_2018,S5,PERERA_SM_1754,S5_cross_partition_group_tuple_cell
CondRxnBench-Benchmark-v0.1-splits-candidate.1,perera_suzuki_miyaura_2018,S5,PERERA_SM_1755,S5_cross_partition_group_tuple_cell
CondRxnBench-Benchmark-v0.1-splits-candidate.1,perera_suzuki_miyaura_2018,S5,PERERA_SM_1756,S5_cross_partition_group_tuple_cell
CondRxnBench-Benchmark-v0.1-splits-candidate.1,perera_suzuki_miyaura_2018,S5,PERERA_SM_1757,S5_cross_partition_group_tuple_cell
CondRxnBench-Benchmark-v0.1-splits-candidate.1,perera_suzuki_miyaura_2018,S5,PERERA_SM_1758,S5_cross_partition_group_tuple_cell
CondRxnBench-Benchmark-v0.1-splits-candidate.1,perera_suzuki_miyaura_2018,S5,PERERA_SM_1759,S5_cross_partition_group_tuple_cell
CondRxnBench-Benchmark-v0.1-splits-candidate.1,perera_suzuki_miyaura_2018,S5,PERERA_SM_1760,S5_cross_partition_group_tuple_cell
CondRxnBench-Benchmark-v0.1-splits-candidate.1,perera_suzuki_miyaura_2018,S5,PERERA_SM_1761,S5_cross_partition_group_tuple_cell
CondRxnBench-Benchmark-v0.1-splits-candidate.1,perera_suzuki_miyaura_2018,S5,PERERA_SM_1762,S5_cross_partition_group_tuple_cell
CondRxnBench-Benchmark-v0.1-splits-candidate.1,perera_suzuki_miyaura_2018,S5,PERERA_SM_1763,S5_cross_partition_group_tuple_cell
CondRxnBench-Benchmark-v0.1-splits-candidate.1,perera_suzuki_miyaura_2018,S5,PERERA_SM_1764,S5_cross_partition_group_tuple_cell
CondRxnBench-Benchmark-v0.1-splits-candidate.1,perera_suzuki_miyaura_2018,S5,PERERA_SM_1765,S5_cross_partition_group_tuple_cell
CondRxnBench-Benchmark-v0.1-splits-candidate.1,perera_suzuki_miyaura_2018,S5,PERERA_SM_1766,S5_cross_partition_group_tuple_cell
CondRxnBench-Benchmark-v0.1-splits-candidate.1,perera_suzuki_miyaura_2018,S5,PERERA_SM_1767,S5_cross_partition_group_tuple_cell
CondRxnBench-Benchmark-v0.1-splits-candidate.1,perera_suzuki_miyaura_2018,S5,PERERA_SM_1768,S5_cross_partition_group_tuple_cell
CondRxnBench-Benchmark-v0.1-splits-candidate.1,perera_suzuki_miyaura_2018,S5,PERERA_SM_1769,S5_cross_partition_group_tuple_cell
CondRxnBench-Benchmark-v0.1-splits-candidate.1,perera_suzuki_miyaura_2018,S5,PERERA_SM_1770,S5_cross_partition_group_tuple_cell
CondRxnBench-Benchmark-v0.1-splits-candidate.1,perera_suzuki_miyaura_2018,S5,PERERA_SM_1771,S5_cross_partition_group_tuple_cell
CondRxnBench-Benchmark-v0.1-splits-candidate.1,perera_suzuki_miyaura_2018,S5,PERERA_SM_1772,S5_cross_partition_group_tuple_cell
CondRxnBench-Benchmark-v0.1-splits-candidate.1,perera_suzuki_miyaura_2018,S5,PERERA_SM_1773,S5_cross_partition_group_tuple_cell
CondRxnBench-Benchmark-v0.1-splits-candidate.1,perera_suzuki_miyaura_2018,S5,PERERA_SM_1775,S5_cross_partition_group_tuple_cell
CondRxnBench-Benchmark-v0.1-splits-candidate.1,perera_suzuki_miyaura_2018,S5,PERERA_SM_1776,S5_cross_partition_group_tuple_cell
CondRxnBench-Benchmark-v0.1-splits-candidate.1,perera_suzuki_miyaura_2018,S5,PERERA_SM_1777,S5_cross_partition_group_tuple_cell
CondRxnBench-Benchmark-v0.1-splits-candidate.1,perera_suzuki_miyaura_2018,S5,PERERA_SM_1779,S5_cross_partition_group_tuple_cell
CondRxnBench-Benchmark-v0.1-splits-candidate.1,perera_suzuki_miyaura_2018,S5,PERERA_SM_1780,S5_cross_partition_group_tuple_cell
CondRxnBench-Benchmark-v0.1-splits-candidate.1,perera_suzuki_miyaura_2018,S5,PERERA_SM_1782,S5_cross_partition_group_tuple_cell
CondRxnBench-Benchmark-v0.1-splits-candidate.1,perera_suzuki_miyaura_2018,S5,PERERA_SM_1783,S5_cross_partition_group_tuple_cell
CondRxnBench-Benchmark-v0.1-splits-candidate.1,perera_suzuki_miyaura_2018,S5,PERERA_SM_1784,S5_cross_partition_group_tuple_cell
CondRxnBench-Benchmark-v0.1-splits-candidate.1,perera_suzuki_miyaura_2018,S5,PERERA_SM_1785,S5_cross_partition_group_tuple_cell
CondRxnBench-Benchmark-v0.1-splits-candidate.1,perera_suzuki_miyaura_2018,S5,PERERA_SM_1786,S5_cross_partition_group_tuple_cell
CondRxnBench-Benchmark-v0.1-splits-candidate.1,perera_suzuki_miyaura_2018,S5,PERERA_SM_1787,S5_cross_partition_group_tuple_cell
CondRxnBench-Benchmark-v0.1-splits-candidate.1,perera_suzuki_miyaura_2018,S5,PERERA_SM_1788,S5_cross_partition_group_tuple_cell
CondRxnBench-Benchmark-v0.1-splits-candidate.1,perera_suzuki_miyaura_2018,S5,PERERA_SM_1789,S5_cross_partition_group_tuple_cell
CondRxnBench-Benchmark-v0.1-splits-candidate.1,perera_suzuki_miyaura_2018,S5,PERERA_SM_1790,S5_cross_partition_group_tuple_cell
CondRxnBench-Benchmark-v0.1-splits-candidate.1,perera_suzuki_miyaura_2018,S5,PERERA_SM_1791,S5_cross_partition_group_tuple_cell
CondRxnBench-Benchmark-v0.1-splits-candidate.1,perera_suzuki_miyaura_2018,S5,PERERA_SM_1792,S5_cross_partition_group_tuple_cell
CondRxnBench-Benchmark-v0.1-splits-candidate.1,perera_suzuki_miyaura_2018,S5,PERERA_SM_1793,S5_cross_partition_group_tuple_cell
CondRxnBench-Benchmark-v0.1-splits-candidate.1,perera_suzuki_miyaura_2018,S5,PERERA_SM_1795,S5_cross_partition_group_tuple_cell
CondRxnBench-Benchmark-v0.1-splits-candidate.1,perera_suzuki_miyaura_2018,S5,PERERA_SM_1796,S5_cross_partition_group_tuple_cell
CondRxnBench-Benchmark-v0.1-splits-candidate.1,perera_suzuki_miyaura_2018,S5,PERERA_SM_1798,S5_cross_partition_group_tuple_cell
CondRxnBench-Benchmark-v0.1-splits-candidate.1,perera_suzuki_miyaura_2018,S5,PERERA_SM_1799,S5_cross_partition_group_tuple_cell
CondRxnBench-Benchmark-v0.1-splits-candidate.1,perera_suzuki_miyaura_2018,S5,PERERA_SM_1800,S5_cross_partition_group_tuple_cell
CondRxnBench-Benchmark-v0.1-splits-candidate.1,perera_suzuki_miyaura_2018,S5,PERERA_SM_1802,S5_cross_partition_group_tuple_cell
CondRxnBench-Benchmark-v0.1-splits-candidate.1,perera_suzuki_miyaura_2018,S5,PERERA_SM_1803,S5_cross_partition_group_tuple_cell
CondRxnBench-Benchmark-v0.1-splits-candidate.1,perera_suzuki_miyaura_2018,S5,PERERA_SM_1804,S5_cross_partition_group_tuple_cell
CondRxnBench-Benchmark-v0.1-splits-candidate.1,perera_suzuki_miyaura_2018,S5,PERERA_SM_1805,S5_cross_partition_group_tuple_cell
CondRxnBench-Benchmark-v0.1-splits-candidate.1,perera_suzuki_miyaura_2018,S5,PERERA_SM_1806,S5_cross_partition_group_tuple_cell
CondRxnBench-Benchmark-v0.1-splits-candidate.1,perera_suzuki_miyaura_2018,S5,PERERA_SM_1807,S5_cross_partition_group_tuple_cell
CondRxnBench-Benchmark-v0.1-splits-candidate.1,perera_suzuki_miyaura_2018,S5,PERERA_SM_1808,S5_cross_partition_group_tuple_cell
CondRxnBench-Benchmark-v0.1-splits-candidate.1,perera_suzuki_miyaura_2018,S5,PERERA_SM_1809,S5_cross_partition_group_tuple_cell
CondRxnBench-Benchmark-v0.1-splits-candidate.1,perera_suzuki_miyaura_2018,S5,PERERA_SM_1810,S5_cross_partition_group_tuple_cell
CondRxnBench-Benchmark-v0.1-splits-candidate.1,perera_suzuki_miyaura_2018,S5,PERERA_SM_1811,S5_cross_partition_group_tuple_cell
CondRxnBench-Benchmark-v0.1-splits-candidate.1,perera_suzuki_miyaura_2018,S5,PERERA_SM_1812,S5_cross_partition_group_tuple_cell
CondRxnBench-Benchmark-v0.1-splits-candidate.1,perera_suzuki_miyaura_2018,S5,PERERA_SM_1813,S5_cross_partition_group_tuple_cell
CondRxnBench-Benchmark-v0.1-splits-candidate.1,perera_suzuki_miyaura_2018,S5,PERERA_SM_1814,S5_cross_partition_group_tuple_cell
CondRxnBench-Benchmark-v0.1-splits-candidate.1,perera_suzuki_miyaura_2018,S5,PERERA_SM_1815,S5_cross_partition_group_tuple_cell
CondRxnBench-Benchmark-v0.1-splits-candidate.1,perera_suzuki_miyaura_2018,S5,PERERA_SM_1816,S5_cross_partition_group_tuple_cell
CondRxnBench-Benchmark-v0.1-splits-candidate.1,perera_suzuki_miyaura_2018,S5,PERERA_SM_1817,S5_cross_partition_group_tuple_cell
CondRxnBench-Benchmark-v0.1-splits-candidate.1,perera_suzuki_miyaura_2018,S5,PERERA_SM_1818,S5_cross_partition_group_tuple_cell
CondRxnBench-Benchmark-v0.1-splits-candidate.1,perera_suzuki_miyaura_2018,S5,PERERA_SM_1819,S5_cross_partition_group_tuple_cell
CondRxnBench-Benchmark-v0.1-splits-candidate.1,perera_suzuki_miyaura_2018,S5,PERERA_SM_1820,S5_cross_partition_group_tuple_cell
CondRxnBench-Benchmark-v0.1-splits-candidate.1,perera_suzuki_miyaura_2018,S5,PERERA_SM_1821,S5_cross_partition_group_tuple_cell
CondRxnBench-Benchmark-v0.1-splits-candidate.1,perera_suzuki_miyaura_2018,S5,PERERA_SM_1823,S5_cross_partition_group_tuple_cell
CondRxnBench-Benchmark-v0.1-splits-candidate.1,perera_suzuki_miyaura_2018,S5,PERERA_SM_1824,S5_cross_partition_group_tuple_cell
CondRxnBench-Benchmark-v0.1-splits-candidate.1,perera_suzuki_miyaura_2018,S5,PERERA_SM_1827,S5_cross_partition_group_tuple_cell
CondRxnBench-Benchmark-v0.1-splits-candidate.1,perera_suzuki_miyaura_2018,S5,PERERA_SM_1828,S5_cross_partition_group_tuple_cell
CondRxnBench-Benchmark-v0.1-splits-candidate.1,perera_suzuki_miyaura_2018,S5,PERERA_SM_1829,S5_cross_partition_group_tuple_cell
CondRxnBench-Benchmark-v0.1-splits-candidate.1,perera_suzuki_miyaura_2018,S5,PERERA_SM_1830,S5_cross_partition_group_tuple_cell
CondRxnBench-Benchmark-v0.1-splits-candidate.1,perera_suzuki_miyaura_2018,S5,PERERA_SM_1832,S5_cross_partition_group_tuple_cell
CondRxnBench-Benchmark-v0.1-splits-candidate.1,perera_suzuki_miyaura_2018,S5,PERERA_SM_1833,S5_cross_partition_group_tuple_cell
CondRxnBench-Benchmark-v0.1-splits-candidate.1,perera_suzuki_miyaura_2018,S5,PERERA_SM_1834,S5_cross_partition_group_tuple_cell
CondRxnBench-Benchmark-v0.1-splits-candidate.1,perera_suzuki_miyaura_2018,S5,PERERA_SM_1835,S5_cross_partition_group_tuple_cell
CondRxnBench-Benchmark-v0.1-splits-candidate.1,perera_suzuki_miyaura_2018,S5,PERERA_SM_1836,S5_cross_partition_group_tuple_cell
CondRxnBench-Benchmark-v0.1-splits-candidate.1,perera_suzuki_miyaura_2018,S5,PERERA_SM_1837,S5_cross_partition_group_tuple_cell
CondRxnBench-Benchmark-v0.1-splits-candidate.1,perera_suzuki_miyaura_2018,S5,PERERA_SM_1838,S5_cross_partition_group_tuple_cell
CondRxnBench-Benchmark-v0.1-splits-candidate.1,perera_suzuki_miyaura_2018,S5,PERERA_SM_1839,S5_cross_partition_group_tuple_cell
CondRxnBench-Benchmark-v0.1-splits-candidate.1,perera_suzuki_miyaura_2018,S5,PERERA_SM_1840,S5_cross_partition_group_tuple_cell
CondRxnBench-Benchmark-v0.1-splits-candidate.1,perera_suzuki_miyaura_2018,S5,PERERA_SM_1842,S5_cross_partition_group_tuple_cell
CondRxnBench-Benchmark-v0.1-splits-candidate.1,perera_suzuki_miyaura_2018,S5,PERERA_SM_1843,S5_cross_partition_group_tuple_cell
CondRxnBench-Benchmark-v0.1-splits-candidate.1,perera_suzuki_miyaura_2018,S5,PERERA_SM_1844,S5_cross_partition_group_tuple_cell
CondRxnBench-Benchmark-v0.1-splits-candidate.1,perera_suzuki_miyaura_2018,S5,PERERA_SM_1845,S5_cross_partition_group_tuple_cell
CondRxnBench-Benchmark-v0.1-splits-candidate.1,perera_suzuki_miyaura_2018,S5,PERERA_SM_1846,S5_cross_partition_group_tuple_cell
CondRxnBench-Benchmark-v0.1-splits-candidate.1,perera_suzuki_miyaura_2018,S5,PERERA_SM_1847,S5_cross_partition_group_tuple_cell
CondRxnBench-Benchmark-v0.1-splits-candidate.1,perera_suzuki_miyaura_2018,S5,PERERA_SM_1848,S5_cross_partition_group_tuple_cell
CondRxnBench-Benchmark-v0.1-splits-candidate.1,perera_suzuki_miyaura_2018,S5,PERERA_SM_1849,S5_cross_partition_group_tuple_cell
CondRxnBench-Benchmark-v0.1-splits-candidate.1,perera_suzuki_miyaura_2018,S5,PERERA_SM_1850,S5_cross_partition_group_tuple_cell
CondRxnBench-Benchmark-v0.1-splits-candidate.1,perera_suzuki_miyaura_2018,S5,PERERA_SM_1851,S5_cross_partition_group_tuple_cell
CondRxnBench-Benchmark-v0.1-splits-candidate.1,perera_suzuki_miyaura_2018,S5,PERERA_SM_1852,S5_cross_partition_group_tuple_cell
CondRxnBench-Benchmark-v0.1-splits-candidate.1,perera_suzuki_miyaura_2018,S5,PERERA_SM_1853,S5_cross_partition_group_tuple_cell
CondRxnBench-Benchmark-v0.1-splits-candidate.1,perera_suzuki_miyaura_2018,S5,PERERA_SM_1854,S5_cross_partition_group_tuple_cell
CondRxnBench-Benchmark-v0.1-splits-candidate.1,perera_suzuki_miyaura_2018,S5,PERERA_SM_1855,S5_cross_partition_group_tuple_cell
CondRxnBench-Benchmark-v0.1-splits-candidate.1,perera_suzuki_miyaura_2018,S5,PERERA_SM_1856,S5_cross_partition_group_tuple_cell
CondRxnBench-Benchmark-v0.1-splits-candidate.1,perera_suzuki_miyaura_2018,S5,PERERA_SM_1857,S5_cross_partition_group_tuple_cell
CondRxnBench-Benchmark-v0.1-splits-candidate.1,perera_suzuki_miyaura_2018,S5,PERERA_SM_1858,S5_cross_partition_group_tuple_cell
CondRxnBench-Benchmark-v0.1-splits-candidate.1,perera_suzuki_miyaura_2018,S5,PERERA_SM_1859,S5_cross_partition_group_tuple_cell
CondRxnBench-Benchmark-v0.1-splits-candidate.1,perera_suzuki_miyaura_2018,S5,PERERA_SM_1861,S5_cross_partition_group_tuple_cell
CondRxnBench-Benchmark-v0.1-splits-candidate.1,perera_suzuki_miyaura_2018,S5,PERERA_SM_1862,S5_cross_partition_group_tuple_cell
CondRxnBench-Benchmark-v0.1-splits-candidate.1,perera_suzuki_miyaura_2018,S5,PERERA_SM_1863,S5_cross_partition_group_tuple_cell
CondRxnBench-Benchmark-v0.1-splits-candidate.1,perera_suzuki_miyaura_2018,S5,PERERA_SM_1864,S5_cross_partition_group_tuple_cell
CondRxnBench-Benchmark-v0.1-splits-candidate.1,perera_suzuki_miyaura_2018,S5,PERERA_SM_1865,S5_cross_partition_group_tuple_cell
CondRxnBench-Benchmark-v0.1-splits-candidate.1,perera_suzuki_miyaura_2018,S5,PERERA_SM_1866,S5_cross_partition_group_tuple_cell
CondRxnBench-Benchmark-v0.1-splits-candidate.1,perera_suzuki_miyaura_2018,S5,PERERA_SM_1868,S5_cross_partition_group_tuple_cell
CondRxnBench-Benchmark-v0.1-splits-candidate.1,perera_suzuki_miyaura_2018,S5,PERERA_SM_1869,S5_cross_partition_group_tuple_cell
CondRxnBench-Benchmark-v0.1-splits-candidate.1,perera_suzuki_miyaura_2018,S5,PERERA_SM_1870,S5_cross_partition_group_tuple_cell
CondRxnBench-Benchmark-v0.1-splits-candidate.1,perera_suzuki_miyaura_2018,S5,PERERA_SM_1871,S5_cross_partition_group_tuple_cell
CondRxnBench-Benchmark-v0.1-splits-candidate.1,perera_suzuki_miyaura_2018,S5,PERERA_SM_1872,S5_cross_partition_group_tuple_cell
CondRxnBench-Benchmark-v0.1-splits-candidate.1,perera_suzuki_miyaura_2018,S5,PERERA_SM_1874,S5_cross_partition_group_tuple_cell
CondRxnBench-Benchmark-v0.1-splits-candidate.1,perera_suzuki_miyaura_2018,S5,PERERA_SM_1875,S5_cross_partition_group_tuple_cell
CondRxnBench-Benchmark-v0.1-splits-candidate.1,perera_suzuki_miyaura_2018,S5,PERERA_SM_1876,S5_cross_partition_group_tuple_cell
CondRxnBench-Benchmark-v0.1-splits-candidate.1,perera_suzuki_miyaura_2018,S5,PERERA_SM_1877,S5_cross_partition_group_tuple_cell
CondRxnBench-Benchmark-v0.1-splits-candidate.1,perera_suzuki_miyaura_2018,S5,PERERA_SM_1880,S5_cross_partition_group_tuple_cell
CondRxnBench-Benchmark-v0.1-splits-candidate.1,perera_suzuki_miyaura_2018,S5,PERERA_SM_1881,S5_cross_partition_group_tuple_cell
CondRxnBench-Benchmark-v0.1-splits-candidate.1,perera_suzuki_miyaura_2018,S5,PERERA_SM_1882,S5_cross_partition_group_tuple_cell
CondRxnBench-Benchmark-v0.1-splits-candidate.1,perera_suzuki_miyaura_2018,S5,PERERA_SM_1885,S5_cross_partition_group_tuple_cell
CondRxnBench-Benchmark-v0.1-splits-candidate.1,perera_suzuki_miyaura_2018,S5,PERERA_SM_1887,S5_cross_partition_group_tuple_cell
CondRxnBench-Benchmark-v0.1-splits-candidate.1,perera_suzuki_miyaura_2018,S5,PERERA_SM_1888,S5_cross_partition_group_tuple_cell
CondRxnBench-Benchmark-v0.1-splits-candidate.1,perera_suzuki_miyaura_2018,S5,PERERA_SM_1889,S5_cross_partition_group_tuple_cell
CondRxnBench-Benchmark-v0.1-splits-candidate.1,perera_suzuki_miyaura_2018,S5,PERERA_SM_1890,S5_cross_partition_group_tuple_cell
CondRxnBench-Benchmark-v0.1-splits-candidate.1,perera_suzuki_miyaura_2018,S5,PERERA_SM_1891,S5_cross_partition_group_tuple_cell
CondRxnBench-Benchmark-v0.1-splits-candidate.1,perera_suzuki_miyaura_2018,S5,PERERA_SM_1892,S5_cross_partition_group_tuple_cell
CondRxnBench-Benchmark-v0.1-splits-candidate.1,perera_suzuki_miyaura_2018,S5,PERERA_SM_1893,S5_cross_partition_group_tuple_cell
CondRxnBench-Benchmark-v0.1-splits-candidate.1,perera_suzuki_miyaura_2018,S5,PERERA_SM_1894,S5_cross_partition_group_tuple_cell
CondRxnBench-Benchmark-v0.1-splits-candidate.1,perera_suzuki_miyaura_2018,S5,PERERA_SM_1895,S5_cross_partition_group_tuple_cell
CondRxnBench-Benchmark-v0.1-splits-candidate.1,perera_suzuki_miyaura_2018,S5,PERERA_SM_1896,S5_cross_partition_group_tuple_cell
CondRxnBench-Benchmark-v0.1-splits-candidate.1,perera_suzuki_miyaura_2018,S5,PERERA_SM_1897,S5_cross_partition_group_tuple_cell
CondRxnBench-Benchmark-v0.1-splits-candidate.1,perera_suzuki_miyaura_2018,S5,PERERA_SM_1898,S5_cross_partition_group_tuple_cell
CondRxnBench-Benchmark-v0.1-splits-candidate.1,perera_suzuki_miyaura_2018,S5,PERERA_SM_1899,S5_cross_partition_group_tuple_cell
CondRxnBench-Benchmark-v0.1-splits-candidate.1,perera_suzuki_miyaura_2018,S5,PERERA_SM_1901,S5_cross_partition_group_tuple_cell
CondRxnBench-Benchmark-v0.1-splits-candidate.1,perera_suzuki_miyaura_2018,S5,PERERA_SM_1902,S5_cross_partition_group_tuple_cell
CondRxnBench-Benchmark-v0.1-splits-candidate.1,perera_suzuki_miyaura_2018,S5,PERERA_SM_1904,S5_cross_partition_group_tuple_cell
CondRxnBench-Benchmark-v0.1-splits-candidate.1,perera_suzuki_miyaura_2018,S5,PERERA_SM_1905,S5_cross_partition_group_tuple_cell
CondRxnBench-Benchmark-v0.1-splits-candidate.1,perera_suzuki_miyaura_2018,S5,PERERA_SM_1906,S5_cross_partition_group_tuple_cell
CondRxnBench-Benchmark-v0.1-splits-candidate.1,perera_suzuki_miyaura_2018,S5,PERERA_SM_1907,S5_cross_partition_group_tuple_cell
CondRxnBench-Benchmark-v0.1-splits-candidate.1,perera_suzuki_miyaura_2018,S5,PERERA_SM_1908,S5_cross_partition_group_tuple_cell
CondRxnBench-Benchmark-v0.1-splits-candidate.1,perera_suzuki_miyaura_2018,S5,PERERA_SM_1909,S5_cross_partition_group_tuple_cell
CondRxnBench-Benchmark-v0.1-splits-candidate.1,perera_suzuki_miyaura_2018,S5,PERERA_SM_1910,S5_cross_partition_group_tuple_cell
CondRxnBench-Benchmark-v0.1-splits-candidate.1,perera_suzuki_miyaura_2018,S5,PERERA_SM_1911,S5_cross_partition_group_tuple_cell
CondRxnBench-Benchmark-v0.1-splits-candidate.1,perera_suzuki_miyaura_2018,S5,PERERA_SM_1913,S5_cross_partition_group_tuple_cell
CondRxnBench-Benchmark-v0.1-splits-candidate.1,perera_suzuki_miyaura_2018,S5,PERERA_SM_1914,S5_cross_partition_group_tuple_cell
CondRxnBench-Benchmark-v0.1-splits-candidate.1,perera_suzuki_miyaura_2018,S5,PERERA_SM_1915,S5_cross_partition_group_tuple_cell
CondRxnBench-Benchmark-v0.1-splits-candidate.1,perera_suzuki_miyaura_2018,S5,PERERA_SM_1916,S5_cross_partition_group_tuple_cell
CondRxnBench-Benchmark-v0.1-splits-candidate.1,perera_suzuki_miyaura_2018,S5,PERERA_SM_1917,S5_cross_partition_group_tuple_cell
CondRxnBench-Benchmark-v0.1-splits-candidate.1,perera_suzuki_miyaura_2018,S5,PERERA_SM_1918,S5_cross_partition_group_tuple_cell
CondRxnBench-Benchmark-v0.1-splits-candidate.1,perera_suzuki_miyaura_2018,S5,PERERA_SM_1919,S5_cross_partition_group_tuple_cell
CondRxnBench-Benchmark-v0.1-splits-candidate.1,perera_suzuki_miyaura_2018,S5,PERERA_SM_1920,S5_cross_partition_group_tuple_cell
CondRxnBench-Benchmark-v0.1-splits-candidate.1,perera_suzuki_miyaura_2018,S5,PERERA_SM_1929,S5_cross_partition_group_tuple_cell
CondRxnBench-Benchmark-v0.1-splits-candidate.1,perera_suzuki_miyaura_2018,S5,PERERA_SM_1932,S5_cross_partition_group_tuple_cell
CondRxnBench-Benchmark-v0.1-splits-candidate.1,perera_suzuki_miyaura_2018,S5,PERERA_SM_1938,S5_cross_partition_group_tuple_cell
CondRxnBench-Benchmark-v0.1-splits-candidate.1,perera_suzuki_miyaura_2018,S5,PERERA_SM_1943,S5_cross_partition_group_tuple_cell
CondRxnBench-Benchmark-v0.1-splits-candidate.1,perera_suzuki_miyaura_2018,S5,PERERA_SM_1945,S5_cross_partition_group_tuple_cell
CondRxnBench-Benchmark-v0.1-splits-candidate.1,perera_suzuki_miyaura_2018,S5,PERERA_SM_1956,S5_cross_partition_group_tuple_cell
CondRxnBench-Benchmark-v0.1-splits-candidate.1,perera_suzuki_miyaura_2018,S5,PERERA_SM_1963,S5_cross_partition_group_tuple_cell
CondRxnBench-Benchmark-v0.1-splits-candidate.1,perera_suzuki_miyaura_2018,S5,PERERA_SM_1971,S5_cross_partition_group_tuple_cell
CondRxnBench-Benchmark-v0.1-splits-candidate.1,perera_suzuki_miyaura_2018,S5,PERERA_SM_1972,S5_cross_partition_group_tuple_cell
CondRxnBench-Benchmark-v0.1-splits-candidate.1,perera_suzuki_miyaura_2018,S5,PERERA_SM_1973,S5_cross_partition_group_tuple_cell
CondRxnBench-Benchmark-v0.1-splits-candidate.1,perera_suzuki_miyaura_2018,S5,PERERA_SM_1976,S5_cross_partition_group_tuple_cell
CondRxnBench-Benchmark-v0.1-splits-candidate.1,perera_suzuki_miyaura_2018,S5,PERERA_SM_1979,S5_cross_partition_group_tuple_cell
CondRxnBench-Benchmark-v0.1-splits-candidate.1,perera_suzuki_miyaura_2018,S5,PERERA_SM_1983,S5_cross_partition_group_tuple_cell
CondRxnBench-Benchmark-v0.1-splits-candidate.1,perera_suzuki_miyaura_2018,S5,PERERA_SM_1987,S5_cross_partition_group_tuple_cell
CondRxnBench-Benchmark-v0.1-splits-candidate.1,perera_suzuki_miyaura_2018,S5,PERERA_SM_1989,S5_cross_partition_group_tuple_cell
CondRxnBench-Benchmark-v0.1-splits-candidate.1,perera_suzuki_miyaura_2018,S5,PERERA_SM_1990,S5_cross_partition_group_tuple_cell
CondRxnBench-Benchmark-v0.1-splits-candidate.1,perera_suzuki_miyaura_2018,S5,PERERA_SM_1992,S5_cross_partition_group_tuple_cell
CondRxnBench-Benchmark-v0.1-splits-candidate.1,perera_suzuki_miyaura_2018,S5,PERERA_SM_1999,S5_cross_partition_group_tuple_cell
CondRxnBench-Benchmark-v0.1-splits-candidate.1,perera_suzuki_miyaura_2018,S5,PERERA_SM_2010,S5_cross_partition_group_tuple_cell
CondRxnBench-Benchmark-v0.1-splits-candidate.1,perera_suzuki_miyaura_2018,S5,PERERA_SM_2011,S5_cross_partition_group_tuple_cell
CondRxnBench-Benchmark-v0.1-splits-candidate.1,perera_suzuki_miyaura_2018,S5,PERERA_SM_2012,S5_cross_partition_group_tuple_cell
CondRxnBench-Benchmark-v0.1-splits-candidate.1,perera_suzuki_miyaura_2018,S5,PERERA_SM_2013,S5_cross_partition_group_tuple_cell
CondRxnBench-Benchmark-v0.1-splits-candidate.1,perera_suzuki_miyaura_2018,S5,PERERA_SM_2015,S5_cross_partition_group_tuple_cell
CondRxnBench-Benchmark-v0.1-splits-candidate.1,perera_suzuki_miyaura_2018,S5,PERERA_SM_2017,S5_cross_partition_group_tuple_cell
CondRxnBench-Benchmark-v0.1-splits-candidate.1,perera_suzuki_miyaura_2018,S5,PERERA_SM_2018,S5_cross_partition_group_tuple_cell
CondRxnBench-Benchmark-v0.1-splits-candidate.1,perera_suzuki_miyaura_2018,S5,PERERA_SM_2019,S5_cross_partition_group_tuple_cell
CondRxnBench-Benchmark-v0.1-splits-candidate.1,perera_suzuki_miyaura_2018,S5,PERERA_SM_2023,S5_cross_partition_group_tuple_cell
CondRxnBench-Benchmark-v0.1-splits-candidate.1,perera_suzuki_miyaura_2018,S5,PERERA_SM_2028,S5_cross_partition_group_tuple_cell
CondRxnBench-Benchmark-v0.1-splits-candidate.1,perera_suzuki_miyaura_2018,S5,PERERA_SM_2031,S5_cross_partition_group_tuple_cell
CondRxnBench-Benchmark-v0.1-splits-candidate.1,perera_suzuki_miyaura_2018,S5,PERERA_SM_2033,S5_cross_partition_group_tuple_cell
CondRxnBench-Benchmark-v0.1-splits-candidate.1,perera_suzuki_miyaura_2018,S5,PERERA_SM_2034,S5_cross_partition_group_tuple_cell
CondRxnBench-Benchmark-v0.1-splits-candidate.1,perera_suzuki_miyaura_2018,S5,PERERA_SM_2035,S5_cross_partition_group_tuple_cell
CondRxnBench-Benchmark-v0.1-splits-candidate.1,perera_suzuki_miyaura_2018,S5,PERERA_SM_2039,S5_cross_partition_group_tuple_cell
CondRxnBench-Benchmark-v0.1-splits-candidate.1,perera_suzuki_miyaura_2018,S5,PERERA_SM_2044,S5_cross_partition_group_tuple_cell
CondRxnBench-Benchmark-v0.1-splits-candidate.1,perera_suzuki_miyaura_2018,S5,PERERA_SM_2047,S5_cross_partition_group_tuple_cell
CondRxnBench-Benchmark-v0.1-splits-candidate.1,perera_suzuki_miyaura_2018,S5,PERERA_SM_2051,S5_cross_partition_group_tuple_cell
CondRxnBench-Benchmark-v0.1-splits-candidate.1,perera_suzuki_miyaura_2018,S5,PERERA_SM_2052,S5_cross_partition_group_tuple_cell
CondRxnBench-Benchmark-v0.1-splits-candidate.1,perera_suzuki_miyaura_2018,S5,PERERA_SM_2054,S5_cross_partition_group_tuple_cell
CondRxnBench-Benchmark-v0.1-splits-candidate.1,perera_suzuki_miyaura_2018,S5,PERERA_SM_2060,S5_cross_partition_group_tuple_cell
CondRxnBench-Benchmark-v0.1-splits-candidate.1,perera_suzuki_miyaura_2018,S5,PERERA_SM_2067,S5_cross_partition_group_tuple_cell
CondRxnBench-Benchmark-v0.1-splits-candidate.1,perera_suzuki_miyaura_2018,S5,PERERA_SM_2068,S5_cross_partition_group_tuple_cell
CondRxnBench-Benchmark-v0.1-splits-candidate.1,perera_suzuki_miyaura_2018,S5,PERERA_SM_2072,S5_cross_partition_group_tuple_cell
CondRxnBench-Benchmark-v0.1-splits-candidate.1,perera_suzuki_miyaura_2018,S5,PERERA_SM_2079,S5_cross_partition_group_tuple_cell
CondRxnBench-Benchmark-v0.1-splits-candidate.1,perera_suzuki_miyaura_2018,S5,PERERA_SM_2081,S5_cross_partition_group_tuple_cell
CondRxnBench-Benchmark-v0.1-splits-candidate.1,perera_suzuki_miyaura_2018,S5,PERERA_SM_2082,S5_cross_partition_group_tuple_cell
CondRxnBench-Benchmark-v0.1-splits-candidate.1,perera_suzuki_miyaura_2018,S5,PERERA_SM_2083,S5_cross_partition_group_tuple_cell
CondRxnBench-Benchmark-v0.1-splits-candidate.1,perera_suzuki_miyaura_2018,S5,PERERA_SM_2084,S5_cross_partition_group_tuple_cell
CondRxnBench-Benchmark-v0.1-splits-candidate.1,perera_suzuki_miyaura_2018,S5,PERERA_SM_2085,S5_cross_partition_group_tuple_cell
CondRxnBench-Benchmark-v0.1-splits-candidate.1,perera_suzuki_miyaura_2018,S5,PERERA_SM_2087,S5_cross_partition_group_tuple_cell
CondRxnBench-Benchmark-v0.1-splits-candidate.1,perera_suzuki_miyaura_2018,S5,PERERA_SM_2091,S5_cross_partition_group_tuple_cell
CondRxnBench-Benchmark-v0.1-splits-candidate.1,perera_suzuki_miyaura_2018,S5,PERERA_SM_2094,S5_cross_partition_group_tuple_cell
CondRxnBench-Benchmark-v0.1-splits-candidate.1,perera_suzuki_miyaura_2018,S5,PERERA_SM_2095,S5_cross_partition_group_tuple_cell
CondRxnBench-Benchmark-v0.1-splits-candidate.1,perera_suzuki_miyaura_2018,S5,PERERA_SM_2096,S5_cross_partition_group_tuple_cell
CondRxnBench-Benchmark-v0.1-splits-candidate.1,perera_suzuki_miyaura_2018,S5,PERERA_SM_2100,S5_cross_partition_group_tuple_cell
CondRxnBench-Benchmark-v0.1-splits-candidate.1,perera_suzuki_miyaura_2018,S5,PERERA_SM_2107,S5_cross_partition_group_tuple_cell
CondRxnBench-Benchmark-v0.1-splits-candidate.1,perera_suzuki_miyaura_2018,S5,PERERA_SM_2110,S5_cross_partition_group_tuple_cell
CondRxnBench-Benchmark-v0.1-splits-candidate.1,perera_suzuki_miyaura_2018,S5,PERERA_SM_2111,S5_cross_partition_group_tuple_cell
CondRxnBench-Benchmark-v0.1-splits-candidate.1,perera_suzuki_miyaura_2018,S5,PERERA_SM_2112,S5_cross_partition_group_tuple_cell
CondRxnBench-Benchmark-v0.1-splits-candidate.1,perera_suzuki_miyaura_2018,S5,PERERA_SM_2113,S5_cross_partition_group_tuple_cell
CondRxnBench-Benchmark-v0.1-splits-candidate.1,perera_suzuki_miyaura_2018,S5,PERERA_SM_2115,S5_cross_partition_group_tuple_cell
CondRxnBench-Benchmark-v0.1-splits-candidate.1,perera_suzuki_miyaura_2018,S5,PERERA_SM_2120,S5_cross_partition_group_tuple_cell
CondRxnBench-Benchmark-v0.1-splits-candidate.1,perera_suzuki_miyaura_2018,S5,PERERA_SM_2124,S5_cross_partition_group_tuple_cell
CondRxnBench-Benchmark-v0.1-splits-candidate.1,perera_suzuki_miyaura_2018,S5,PERERA_SM_2125,S5_cross_partition_group_tuple_cell
CondRxnBench-Benchmark-v0.1-splits-candidate.1,perera_suzuki_miyaura_2018,S5,PERERA_SM_2126,S5_cross_partition_group_tuple_cell
CondRxnBench-Benchmark-v0.1-splits-candidate.1,perera_suzuki_miyaura_2018,S5,PERERA_SM_2133,S5_cross_partition_group_tuple_cell
CondRxnBench-Benchmark-v0.1-splits-candidate.1,perera_suzuki_miyaura_2018,S5,PERERA_SM_2139,S5_cross_partition_group_tuple_cell
CondRxnBench-Benchmark-v0.1-splits-candidate.1,perera_suzuki_miyaura_2018,S5,PERERA_SM_2141,S5_cross_partition_group_tuple_cell
CondRxnBench-Benchmark-v0.1-splits-candidate.1,perera_suzuki_miyaura_2018,S5,PERERA_SM_2146,S5_cross_partition_group_tuple_cell
CondRxnBench-Benchmark-v0.1-splits-candidate.1,perera_suzuki_miyaura_2018,S5,PERERA_SM_2150,S5_cross_partition_group_tuple_cell
CondRxnBench-Benchmark-v0.1-splits-candidate.1,perera_suzuki_miyaura_2018,S5,PERERA_SM_2154,S5_cross_partition_group_tuple_cell
CondRxnBench-Benchmark-v0.1-splits-candidate.1,perera_suzuki_miyaura_2018,S5,PERERA_SM_2158,S5_cross_partition_group_tuple_cell
CondRxnBench-Benchmark-v0.1-splits-candidate.1,perera_suzuki_miyaura_2018,S5,PERERA_SM_2160,S5_cross_partition_group_tuple_cell
CondRxnBench-Benchmark-v0.1-splits-candidate.1,perera_suzuki_miyaura_2018,S5,PERERA_SM_2162,S5_cross_partition_group_tuple_cell
CondRxnBench-Benchmark-v0.1-splits-candidate.1,perera_suzuki_miyaura_2018,S5,PERERA_SM_2165,S5_cross_partition_group_tuple_cell
CondRxnBench-Benchmark-v0.1-splits-candidate.1,perera_suzuki_miyaura_2018,S5,PERERA_SM_2167,S5_cross_partition_group_tuple_cell
CondRxnBench-Benchmark-v0.1-splits-candidate.1,perera_suzuki_miyaura_2018,S5,PERERA_SM_2171,S5_cross_partition_group_tuple_cell
CondRxnBench-Benchmark-v0.1-splits-candidate.1,perera_suzuki_miyaura_2018,S5,PERERA_SM_2175,S5_cross_partition_group_tuple_cell
CondRxnBench-Benchmark-v0.1-splits-candidate.1,perera_suzuki_miyaura_2018,S5,PERERA_SM_2177,S5_cross_partition_group_tuple_cell
CondRxnBench-Benchmark-v0.1-splits-candidate.1,perera_suzuki_miyaura_2018,S5,PERERA_SM_2178,S5_cross_partition_group_tuple_cell
CondRxnBench-Benchmark-v0.1-splits-candidate.1,perera_suzuki_miyaura_2018,S5,PERERA_SM_2181,S5_cross_partition_group_tuple_cell
CondRxnBench-Benchmark-v0.1-splits-candidate.1,perera_suzuki_miyaura_2018,S5,PERERA_SM_2184,S5_cross_partition_group_tuple_cell
CondRxnBench-Benchmark-v0.1-splits-candidate.1,perera_suzuki_miyaura_2018,S5,PERERA_SM_2185,S5_cross_partition_group_tuple_cell
CondRxnBench-Benchmark-v0.1-splits-candidate.1,perera_suzuki_miyaura_2018,S5,PERERA_SM_2189,S5_cross_partition_group_tuple_cell
CondRxnBench-Benchmark-v0.1-splits-candidate.1,perera_suzuki_miyaura_2018,S5,PERERA_SM_2190,S5_cross_partition_group_tuple_cell
CondRxnBench-Benchmark-v0.1-splits-candidate.1,perera_suzuki_miyaura_2018,S5,PERERA_SM_2195,S5_cross_partition_group_tuple_cell
CondRxnBench-Benchmark-v0.1-splits-candidate.1,perera_suzuki_miyaura_2018,S5,PERERA_SM_2199,S5_cross_partition_group_tuple_cell
CondRxnBench-Benchmark-v0.1-splits-candidate.1,perera_suzuki_miyaura_2018,S5,PERERA_SM_2200,S5_cross_partition_group_tuple_cell
CondRxnBench-Benchmark-v0.1-splits-candidate.1,perera_suzuki_miyaura_2018,S5,PERERA_SM_2206,S5_cross_partition_group_tuple_cell
CondRxnBench-Benchmark-v0.1-splits-candidate.1,perera_suzuki_miyaura_2018,S5,PERERA_SM_2209,S5_cross_partition_group_tuple_cell
CondRxnBench-Benchmark-v0.1-splits-candidate.1,perera_suzuki_miyaura_2018,S5,PERERA_SM_2210,S5_cross_partition_group_tuple_cell
CondRxnBench-Benchmark-v0.1-splits-candidate.1,perera_suzuki_miyaura_2018,S5,PERERA_SM_2215,S5_cross_partition_group_tuple_cell
CondRxnBench-Benchmark-v0.1-splits-candidate.1,perera_suzuki_miyaura_2018,S5,PERERA_SM_2216,S5_cross_partition_group_tuple_cell
CondRxnBench-Benchmark-v0.1-splits-candidate.1,perera_suzuki_miyaura_2018,S5,PERERA_SM_2220,S5_cross_partition_group_tuple_cell
CondRxnBench-Benchmark-v0.1-splits-candidate.1,perera_suzuki_miyaura_2018,S5,PERERA_SM_2225,S5_cross_partition_group_tuple_cell
CondRxnBench-Benchmark-v0.1-splits-candidate.1,perera_suzuki_miyaura_2018,S5,PERERA_SM_2233,S5_cross_partition_group_tuple_cell
CondRxnBench-Benchmark-v0.1-splits-candidate.1,perera_suzuki_miyaura_2018,S5,PERERA_SM_2235,S5_cross_partition_group_tuple_cell
CondRxnBench-Benchmark-v0.1-splits-candidate.1,perera_suzuki_miyaura_2018,S5,PERERA_SM_2238,S5_cross_partition_group_tuple_cell
CondRxnBench-Benchmark-v0.1-splits-candidate.1,perera_suzuki_miyaura_2018,S5,PERERA_SM_2244,S5_cross_partition_group_tuple_cell
CondRxnBench-Benchmark-v0.1-splits-candidate.1,perera_suzuki_miyaura_2018,S5,PERERA_SM_2246,S5_cross_partition_group_tuple_cell
CondRxnBench-Benchmark-v0.1-splits-candidate.1,perera_suzuki_miyaura_2018,S5,PERERA_SM_2250,S5_cross_partition_group_tuple_cell
CondRxnBench-Benchmark-v0.1-splits-candidate.1,perera_suzuki_miyaura_2018,S5,PERERA_SM_2251,S5_cross_partition_group_tuple_cell
CondRxnBench-Benchmark-v0.1-splits-candidate.1,perera_suzuki_miyaura_2018,S5,PERERA_SM_2257,S5_cross_partition_group_tuple_cell
CondRxnBench-Benchmark-v0.1-splits-candidate.1,perera_suzuki_miyaura_2018,S5,PERERA_SM_2262,S5_cross_partition_group_tuple_cell
CondRxnBench-Benchmark-v0.1-splits-candidate.1,perera_suzuki_miyaura_2018,S5,PERERA_SM_2263,S5_cross_partition_group_tuple_cell
CondRxnBench-Benchmark-v0.1-splits-candidate.1,perera_suzuki_miyaura_2018,S5,PERERA_SM_2267,S5_cross_partition_group_tuple_cell
CondRxnBench-Benchmark-v0.1-splits-candidate.1,perera_suzuki_miyaura_2018,S5,PERERA_SM_2268,S5_cross_partition_group_tuple_cell
CondRxnBench-Benchmark-v0.1-splits-candidate.1,perera_suzuki_miyaura_2018,S5,PERERA_SM_2270,S5_cross_partition_group_tuple_cell
CondRxnBench-Benchmark-v0.1-splits-candidate.1,perera_suzuki_miyaura_2018,S5,PERERA_SM_2280,S5_cross_partition_group_tuple_cell
CondRxnBench-Benchmark-v0.1-splits-candidate.1,perera_suzuki_miyaura_2018,S5,PERERA_SM_2284,S5_cross_partition_group_tuple_cell
CondRxnBench-Benchmark-v0.1-splits-candidate.1,perera_suzuki_miyaura_2018,S5,PERERA_SM_2287,S5_cross_partition_group_tuple_cell
CondRxnBench-Benchmark-v0.1-splits-candidate.1,perera_suzuki_miyaura_2018,S5,PERERA_SM_2290,S5_cross_partition_group_tuple_cell
CondRxnBench-Benchmark-v0.1-splits-candidate.1,perera_suzuki_miyaura_2018,S5,PERERA_SM_2296,S5_cross_partition_group_tuple_cell
CondRxnBench-Benchmark-v0.1-splits-candidate.1,perera_suzuki_miyaura_2018,S5,PERERA_SM_2305,S5_cross_partition_group_tuple_cell
CondRxnBench-Benchmark-v0.1-splits-candidate.1,perera_suzuki_miyaura_2018,S5,PERERA_SM_2306,S5_cross_partition_group_tuple_cell
CondRxnBench-Benchmark-v0.1-splits-candidate.1,perera_suzuki_miyaura_2018,S5,PERERA_SM_2307,S5_cross_partition_group_tuple_cell
CondRxnBench-Benchmark-v0.1-splits-candidate.1,perera_suzuki_miyaura_2018,S5,PERERA_SM_2308,S5_cross_partition_group_tuple_cell
CondRxnBench-Benchmark-v0.1-splits-candidate.1,perera_suzuki_miyaura_2018,S5,PERERA_SM_2309,S5_cross_partition_group_tuple_cell
CondRxnBench-Benchmark-v0.1-splits-candidate.1,perera_suzuki_miyaura_2018,S5,PERERA_SM_2310,S5_cross_partition_group_tuple_cell
CondRxnBench-Benchmark-v0.1-splits-candidate.1,perera_suzuki_miyaura_2018,S5,PERERA_SM_2311,S5_cross_partition_group_tuple_cell
CondRxnBench-Benchmark-v0.1-splits-candidate.1,perera_suzuki_miyaura_2018,S5,PERERA_SM_2312,S5_cross_partition_group_tuple_cell
CondRxnBench-Benchmark-v0.1-splits-candidate.1,perera_suzuki_miyaura_2018,S5,PERERA_SM_2314,S5_cross_partition_group_tuple_cell
CondRxnBench-Benchmark-v0.1-splits-candidate.1,perera_suzuki_miyaura_2018,S5,PERERA_SM_2315,S5_cross_partition_group_tuple_cell
CondRxnBench-Benchmark-v0.1-splits-candidate.1,perera_suzuki_miyaura_2018,S5,PERERA_SM_2317,S5_cross_partition_group_tuple_cell
CondRxnBench-Benchmark-v0.1-splits-candidate.1,perera_suzuki_miyaura_2018,S5,PERERA_SM_2318,S5_cross_partition_group_tuple_cell
CondRxnBench-Benchmark-v0.1-splits-candidate.1,perera_suzuki_miyaura_2018,S5,PERERA_SM_2319,S5_cross_partition_group_tuple_cell
CondRxnBench-Benchmark-v0.1-splits-candidate.1,perera_suzuki_miyaura_2018,S5,PERERA_SM_2320,S5_cross_partition_group_tuple_cell
CondRxnBench-Benchmark-v0.1-splits-candidate.1,perera_suzuki_miyaura_2018,S5,PERERA_SM_2321,S5_cross_partition_group_tuple_cell
CondRxnBench-Benchmark-v0.1-splits-candidate.1,perera_suzuki_miyaura_2018,S5,PERERA_SM_2323,S5_cross_partition_group_tuple_cell
CondRxnBench-Benchmark-v0.1-splits-candidate.1,perera_suzuki_miyaura_2018,S5,PERERA_SM_2324,S5_cross_partition_group_tuple_cell
CondRxnBench-Benchmark-v0.1-splits-candidate.1,perera_suzuki_miyaura_2018,S5,PERERA_SM_2325,S5_cross_partition_group_tuple_cell
CondRxnBench-Benchmark-v0.1-splits-candidate.1,perera_suzuki_miyaura_2018,S5,PERERA_SM_2326,S5_cross_partition_group_tuple_cell
CondRxnBench-Benchmark-v0.1-splits-candidate.1,perera_suzuki_miyaura_2018,S5,PERERA_SM_2328,S5_cross_partition_group_tuple_cell
CondRxnBench-Benchmark-v0.1-splits-candidate.1,perera_suzuki_miyaura_2018,S5,PERERA_SM_2329,S5_cross_partition_group_tuple_cell
CondRxnBench-Benchmark-v0.1-splits-candidate.1,perera_suzuki_miyaura_2018,S5,PERERA_SM_2330,S5_cross_partition_group_tuple_cell
CondRxnBench-Benchmark-v0.1-splits-candidate.1,perera_suzuki_miyaura_2018,S5,PERERA_SM_2331,S5_cross_partition_group_tuple_cell
CondRxnBench-Benchmark-v0.1-splits-candidate.1,perera_suzuki_miyaura_2018,S5,PERERA_SM_2332,S5_cross_partition_group_tuple_cell
CondRxnBench-Benchmark-v0.1-splits-candidate.1,perera_suzuki_miyaura_2018,S5,PERERA_SM_2333,S5_cross_partition_group_tuple_cell
CondRxnBench-Benchmark-v0.1-splits-candidate.1,perera_suzuki_miyaura_2018,S5,PERERA_SM_2334,S5_cross_partition_group_tuple_cell
CondRxnBench-Benchmark-v0.1-splits-candidate.1,perera_suzuki_miyaura_2018,S5,PERERA_SM_2335,S5_cross_partition_group_tuple_cell
CondRxnBench-Benchmark-v0.1-splits-candidate.1,perera_suzuki_miyaura_2018,S5,PERERA_SM_2336,S5_cross_partition_group_tuple_cell
CondRxnBench-Benchmark-v0.1-splits-candidate.1,perera_suzuki_miyaura_2018,S5,PERERA_SM_2337,S5_cross_partition_group_tuple_cell
CondRxnBench-Benchmark-v0.1-splits-candidate.1,perera_suzuki_miyaura_2018,S5,PERERA_SM_2338,S5_cross_partition_group_tuple_cell
CondRxnBench-Benchmark-v0.1-splits-candidate.1,perera_suzuki_miyaura_2018,S5,PERERA_SM_2339,S5_cross_partition_group_tuple_cell
CondRxnBench-Benchmark-v0.1-splits-candidate.1,perera_suzuki_miyaura_2018,S5,PERERA_SM_2341,S5_cross_partition_group_tuple_cell
CondRxnBench-Benchmark-v0.1-splits-candidate.1,perera_suzuki_miyaura_2018,S5,PERERA_SM_2342,S5_cross_partition_group_tuple_cell
CondRxnBench-Benchmark-v0.1-splits-candidate.1,perera_suzuki_miyaura_2018,S5,PERERA_SM_2343,S5_cross_partition_group_tuple_cell
CondRxnBench-Benchmark-v0.1-splits-candidate.1,perera_suzuki_miyaura_2018,S5,PERERA_SM_2344,S5_cross_partition_group_tuple_cell
CondRxnBench-Benchmark-v0.1-splits-candidate.1,perera_suzuki_miyaura_2018,S5,PERERA_SM_2345,S5_cross_partition_group_tuple_cell
CondRxnBench-Benchmark-v0.1-splits-candidate.1,perera_suzuki_miyaura_2018,S5,PERERA_SM_2346,S5_cross_partition_group_tuple_cell
CondRxnBench-Benchmark-v0.1-splits-candidate.1,perera_suzuki_miyaura_2018,S5,PERERA_SM_2348,S5_cross_partition_group_tuple_cell
CondRxnBench-Benchmark-v0.1-splits-candidate.1,perera_suzuki_miyaura_2018,S5,PERERA_SM_2349,S5_cross_partition_group_tuple_cell
CondRxnBench-Benchmark-v0.1-splits-candidate.1,perera_suzuki_miyaura_2018,S5,PERERA_SM_2350,S5_cross_partition_group_tuple_cell
CondRxnBench-Benchmark-v0.1-splits-candidate.1,perera_suzuki_miyaura_2018,S5,PERERA_SM_2351,S5_cross_partition_group_tuple_cell
CondRxnBench-Benchmark-v0.1-splits-candidate.1,perera_suzuki_miyaura_2018,S5,PERERA_SM_2352,S5_cross_partition_group_tuple_cell
CondRxnBench-Benchmark-v0.1-splits-candidate.1,perera_suzuki_miyaura_2018,S5,PERERA_SM_2353,S5_cross_partition_group_tuple_cell
CondRxnBench-Benchmark-v0.1-splits-candidate.1,perera_suzuki_miyaura_2018,S5,PERERA_SM_2354,S5_cross_partition_group_tuple_cell
CondRxnBench-Benchmark-v0.1-splits-candidate.1,perera_suzuki_miyaura_2018,S5,PERERA_SM_2355,S5_cross_partition_group_tuple_cell
CondRxnBench-Benchmark-v0.1-splits-candidate.1,perera_suzuki_miyaura_2018,S5,PERERA_SM_2356,S5_cross_partition_group_tuple_cell
CondRxnBench-Benchmark-v0.1-splits-candidate.1,perera_suzuki_miyaura_2018,S5,PERERA_SM_2357,S5_cross_partition_group_tuple_cell
CondRxnBench-Benchmark-v0.1-splits-candidate.1,perera_suzuki_miyaura_2018,S5,PERERA_SM_2358,S5_cross_partition_group_tuple_cell
CondRxnBench-Benchmark-v0.1-splits-candidate.1,perera_suzuki_miyaura_2018,S5,PERERA_SM_2359,S5_cross_partition_group_tuple_cell
CondRxnBench-Benchmark-v0.1-splits-candidate.1,perera_suzuki_miyaura_2018,S5,PERERA_SM_2361,S5_cross_partition_group_tuple_cell
CondRxnBench-Benchmark-v0.1-splits-candidate.1,perera_suzuki_miyaura_2018,S5,PERERA_SM_2362,S5_cross_partition_group_tuple_cell
CondRxnBench-Benchmark-v0.1-splits-candidate.1,perera_suzuki_miyaura_2018,S5,PERERA_SM_2363,S5_cross_partition_group_tuple_cell
CondRxnBench-Benchmark-v0.1-splits-candidate.1,perera_suzuki_miyaura_2018,S5,PERERA_SM_2364,S5_cross_partition_group_tuple_cell
CondRxnBench-Benchmark-v0.1-splits-candidate.1,perera_suzuki_miyaura_2018,S5,PERERA_SM_2365,S5_cross_partition_group_tuple_cell
CondRxnBench-Benchmark-v0.1-splits-candidate.1,perera_suzuki_miyaura_2018,S5,PERERA_SM_2366,S5_cross_partition_group_tuple_cell
CondRxnBench-Benchmark-v0.1-splits-candidate.1,perera_suzuki_miyaura_2018,S5,PERERA_SM_2368,S5_cross_partition_group_tuple_cell
CondRxnBench-Benchmark-v0.1-splits-candidate.1,perera_suzuki_miyaura_2018,S5,PERERA_SM_2369,S5_cross_partition_group_tuple_cell
CondRxnBench-Benchmark-v0.1-splits-candidate.1,perera_suzuki_miyaura_2018,S5,PERERA_SM_2370,S5_cross_partition_group_tuple_cell
CondRxnBench-Benchmark-v0.1-splits-candidate.1,perera_suzuki_miyaura_2018,S5,PERERA_SM_2372,S5_cross_partition_group_tuple_cell
CondRxnBench-Benchmark-v0.1-splits-candidate.1,perera_suzuki_miyaura_2018,S5,PERERA_SM_2374,S5_cross_partition_group_tuple_cell
CondRxnBench-Benchmark-v0.1-splits-candidate.1,perera_suzuki_miyaura_2018,S5,PERERA_SM_2375,S5_cross_partition_group_tuple_cell
CondRxnBench-Benchmark-v0.1-splits-candidate.1,perera_suzuki_miyaura_2018,S5,PERERA_SM_2376,S5_cross_partition_group_tuple_cell
CondRxnBench-Benchmark-v0.1-splits-candidate.1,perera_suzuki_miyaura_2018,S5,PERERA_SM_2377,S5_cross_partition_group_tuple_cell
CondRxnBench-Benchmark-v0.1-splits-candidate.1,perera_suzuki_miyaura_2018,S5,PERERA_SM_2378,S5_cross_partition_group_tuple_cell
CondRxnBench-Benchmark-v0.1-splits-candidate.1,perera_suzuki_miyaura_2018,S5,PERERA_SM_2379,S5_cross_partition_group_tuple_cell
CondRxnBench-Benchmark-v0.1-splits-candidate.1,perera_suzuki_miyaura_2018,S5,PERERA_SM_2380,S5_cross_partition_group_tuple_cell
CondRxnBench-Benchmark-v0.1-splits-candidate.1,perera_suzuki_miyaura_2018,S5,PERERA_SM_2381,S5_cross_partition_group_tuple_cell
CondRxnBench-Benchmark-v0.1-splits-candidate.1,perera_suzuki_miyaura_2018,S5,PERERA_SM_2382,S5_cross_partition_group_tuple_cell
CondRxnBench-Benchmark-v0.1-splits-candidate.1,perera_suzuki_miyaura_2018,S5,PERERA_SM_2383,S5_cross_partition_group_tuple_cell
CondRxnBench-Benchmark-v0.1-splits-candidate.1,perera_suzuki_miyaura_2018,S5,PERERA_SM_2384,S5_cross_partition_group_tuple_cell
CondRxnBench-Benchmark-v0.1-splits-candidate.1,perera_suzuki_miyaura_2018,S5,PERERA_SM_2385,S5_cross_partition_group_tuple_cell
CondRxnBench-Benchmark-v0.1-splits-candidate.1,perera_suzuki_miyaura_2018,S5,PERERA_SM_2386,S5_cross_partition_group_tuple_cell
CondRxnBench-Benchmark-v0.1-splits-candidate.1,perera_suzuki_miyaura_2018,S5,PERERA_SM_2387,S5_cross_partition_group_tuple_cell
CondRxnBench-Benchmark-v0.1-splits-candidate.1,perera_suzuki_miyaura_2018,S5,PERERA_SM_2388,S5_cross_partition_group_tuple_cell
CondRxnBench-Benchmark-v0.1-splits-candidate.1,perera_suzuki_miyaura_2018,S5,PERERA_SM_2389,S5_cross_partition_group_tuple_cell
CondRxnBench-Benchmark-v0.1-splits-candidate.1,perera_suzuki_miyaura_2018,S5,PERERA_SM_2390,S5_cross_partition_group_tuple_cell
CondRxnBench-Benchmark-v0.1-splits-candidate.1,perera_suzuki_miyaura_2018,S5,PERERA_SM_2391,S5_cross_partition_group_tuple_cell
CondRxnBench-Benchmark-v0.1-splits-candidate.1,perera_suzuki_miyaura_2018,S5,PERERA_SM_2392,S5_cross_partition_group_tuple_cell
CondRxnBench-Benchmark-v0.1-splits-candidate.1,perera_suzuki_miyaura_2018,S5,PERERA_SM_2393,S5_cross_partition_group_tuple_cell
CondRxnBench-Benchmark-v0.1-splits-candidate.1,perera_suzuki_miyaura_2018,S5,PERERA_SM_2395,S5_cross_partition_group_tuple_cell
CondRxnBench-Benchmark-v0.1-splits-candidate.1,perera_suzuki_miyaura_2018,S5,PERERA_SM_2397,S5_cross_partition_group_tuple_cell
CondRxnBench-Benchmark-v0.1-splits-candidate.1,perera_suzuki_miyaura_2018,S5,PERERA_SM_2398,S5_cross_partition_group_tuple_cell
CondRxnBench-Benchmark-v0.1-splits-candidate.1,perera_suzuki_miyaura_2018,S5,PERERA_SM_2400,S5_cross_partition_group_tuple_cell
CondRxnBench-Benchmark-v0.1-splits-candidate.1,perera_suzuki_miyaura_2018,S5,PERERA_SM_2404,S5_cross_partition_group_tuple_cell
CondRxnBench-Benchmark-v0.1-splits-candidate.1,perera_suzuki_miyaura_2018,S5,PERERA_SM_2405,S5_cross_partition_group_tuple_cell
CondRxnBench-Benchmark-v0.1-splits-candidate.1,perera_suzuki_miyaura_2018,S5,PERERA_SM_2406,S5_cross_partition_group_tuple_cell
CondRxnBench-Benchmark-v0.1-splits-candidate.1,perera_suzuki_miyaura_2018,S5,PERERA_SM_2408,S5_cross_partition_group_tuple_cell
CondRxnBench-Benchmark-v0.1-splits-candidate.1,perera_suzuki_miyaura_2018,S5,PERERA_SM_2409,S5_cross_partition_group_tuple_cell
CondRxnBench-Benchmark-v0.1-splits-candidate.1,perera_suzuki_miyaura_2018,S5,PERERA_SM_2410,S5_cross_partition_group_tuple_cell
CondRxnBench-Benchmark-v0.1-splits-candidate.1,perera_suzuki_miyaura_2018,S5,PERERA_SM_2411,S5_cross_partition_group_tuple_cell
CondRxnBench-Benchmark-v0.1-splits-candidate.1,perera_suzuki_miyaura_2018,S5,PERERA_SM_2412,S5_cross_partition_group_tuple_cell
CondRxnBench-Benchmark-v0.1-splits-candidate.1,perera_suzuki_miyaura_2018,S5,PERERA_SM_2413,S5_cross_partition_group_tuple_cell
CondRxnBench-Benchmark-v0.1-splits-candidate.1,perera_suzuki_miyaura_2018,S5,PERERA_SM_2414,S5_cross_partition_group_tuple_cell
CondRxnBench-Benchmark-v0.1-splits-candidate.1,perera_suzuki_miyaura_2018,S5,PERERA_SM_2415,S5_cross_partition_group_tuple_cell
CondRxnBench-Benchmark-v0.1-splits-candidate.1,perera_suzuki_miyaura_2018,S5,PERERA_SM_2416,S5_cross_partition_group_tuple_cell
CondRxnBench-Benchmark-v0.1-splits-candidate.1,perera_suzuki_miyaura_2018,S5,PERERA_SM_2417,S5_cross_partition_group_tuple_cell
CondRxnBench-Benchmark-v0.1-splits-candidate.1,perera_suzuki_miyaura_2018,S5,PERERA_SM_2418,S5_cross_partition_group_tuple_cell
CondRxnBench-Benchmark-v0.1-splits-candidate.1,perera_suzuki_miyaura_2018,S5,PERERA_SM_2420,S5_cross_partition_group_tuple_cell
CondRxnBench-Benchmark-v0.1-splits-candidate.1,perera_suzuki_miyaura_2018,S5,PERERA_SM_2421,S5_cross_partition_group_tuple_cell
CondRxnBench-Benchmark-v0.1-splits-candidate.1,perera_suzuki_miyaura_2018,S5,PERERA_SM_2422,S5_cross_partition_group_tuple_cell
CondRxnBench-Benchmark-v0.1-splits-candidate.1,perera_suzuki_miyaura_2018,S5,PERERA_SM_2424,S5_cross_partition_group_tuple_cell
CondRxnBench-Benchmark-v0.1-splits-candidate.1,perera_suzuki_miyaura_2018,S5,PERERA_SM_2425,S5_cross_partition_group_tuple_cell
CondRxnBench-Benchmark-v0.1-splits-candidate.1,perera_suzuki_miyaura_2018,S5,PERERA_SM_2426,S5_cross_partition_group_tuple_cell
CondRxnBench-Benchmark-v0.1-splits-candidate.1,perera_suzuki_miyaura_2018,S5,PERERA_SM_2427,S5_cross_partition_group_tuple_cell
CondRxnBench-Benchmark-v0.1-splits-candidate.1,perera_suzuki_miyaura_2018,S5,PERERA_SM_2428,S5_cross_partition_group_tuple_cell
CondRxnBench-Benchmark-v0.1-splits-candidate.1,perera_suzuki_miyaura_2018,S5,PERERA_SM_2429,S5_cross_partition_group_tuple_cell
CondRxnBench-Benchmark-v0.1-splits-candidate.1,perera_suzuki_miyaura_2018,S5,PERERA_SM_2430,S5_cross_partition_group_tuple_cell
CondRxnBench-Benchmark-v0.1-splits-candidate.1,perera_suzuki_miyaura_2018,S5,PERERA_SM_2431,S5_cross_partition_group_tuple_cell
CondRxnBench-Benchmark-v0.1-splits-candidate.1,perera_suzuki_miyaura_2018,S5,PERERA_SM_2432,S5_cross_partition_group_tuple_cell
CondRxnBench-Benchmark-v0.1-splits-candidate.1,perera_suzuki_miyaura_2018,S5,PERERA_SM_2433,S5_cross_partition_group_tuple_cell
CondRxnBench-Benchmark-v0.1-splits-candidate.1,perera_suzuki_miyaura_2018,S5,PERERA_SM_2434,S5_cross_partition_group_tuple_cell
CondRxnBench-Benchmark-v0.1-splits-candidate.1,perera_suzuki_miyaura_2018,S5,PERERA_SM_2435,S5_cross_partition_group_tuple_cell
CondRxnBench-Benchmark-v0.1-splits-candidate.1,perera_suzuki_miyaura_2018,S5,PERERA_SM_2437,S5_cross_partition_group_tuple_cell
CondRxnBench-Benchmark-v0.1-splits-candidate.1,perera_suzuki_miyaura_2018,S5,PERERA_SM_2438,S5_cross_partition_group_tuple_cell
CondRxnBench-Benchmark-v0.1-splits-candidate.1,perera_suzuki_miyaura_2018,S5,PERERA_SM_2439,S5_cross_partition_group_tuple_cell
CondRxnBench-Benchmark-v0.1-splits-candidate.1,perera_suzuki_miyaura_2018,S5,PERERA_SM_2440,S5_cross_partition_group_tuple_cell
CondRxnBench-Benchmark-v0.1-splits-candidate.1,perera_suzuki_miyaura_2018,S5,PERERA_SM_2441,S5_cross_partition_group_tuple_cell
CondRxnBench-Benchmark-v0.1-splits-candidate.1,perera_suzuki_miyaura_2018,S5,PERERA_SM_2442,S5_cross_partition_group_tuple_cell
CondRxnBench-Benchmark-v0.1-splits-candidate.1,perera_suzuki_miyaura_2018,S5,PERERA_SM_2443,S5_cross_partition_group_tuple_cell
CondRxnBench-Benchmark-v0.1-splits-candidate.1,perera_suzuki_miyaura_2018,S5,PERERA_SM_2444,S5_cross_partition_group_tuple_cell
CondRxnBench-Benchmark-v0.1-splits-candidate.1,perera_suzuki_miyaura_2018,S5,PERERA_SM_2445,S5_cross_partition_group_tuple_cell
CondRxnBench-Benchmark-v0.1-splits-candidate.1,perera_suzuki_miyaura_2018,S5,PERERA_SM_2446,S5_cross_partition_group_tuple_cell
CondRxnBench-Benchmark-v0.1-splits-candidate.1,perera_suzuki_miyaura_2018,S5,PERERA_SM_2447,S5_cross_partition_group_tuple_cell
CondRxnBench-Benchmark-v0.1-splits-candidate.1,perera_suzuki_miyaura_2018,S5,PERERA_SM_2448,S5_cross_partition_group_tuple_cell
CondRxnBench-Benchmark-v0.1-splits-candidate.1,perera_suzuki_miyaura_2018,S5,PERERA_SM_2449,S5_cross_partition_group_tuple_cell
CondRxnBench-Benchmark-v0.1-splits-candidate.1,perera_suzuki_miyaura_2018,S5,PERERA_SM_2450,S5_cross_partition_group_tuple_cell
CondRxnBench-Benchmark-v0.1-splits-candidate.1,perera_suzuki_miyaura_2018,S5,PERERA_SM_2452,S5_cross_partition_group_tuple_cell
CondRxnBench-Benchmark-v0.1-splits-candidate.1,perera_suzuki_miyaura_2018,S5,PERERA_SM_2453,S5_cross_partition_group_tuple_cell
CondRxnBench-Benchmark-v0.1-splits-candidate.1,perera_suzuki_miyaura_2018,S5,PERERA_SM_2454,S5_cross_partition_group_tuple_cell
CondRxnBench-Benchmark-v0.1-splits-candidate.1,perera_suzuki_miyaura_2018,S5,PERERA_SM_2455,S5_cross_partition_group_tuple_cell
CondRxnBench-Benchmark-v0.1-splits-candidate.1,perera_suzuki_miyaura_2018,S5,PERERA_SM_2457,S5_cross_partition_group_tuple_cell
CondRxnBench-Benchmark-v0.1-splits-candidate.1,perera_suzuki_miyaura_2018,S5,PERERA_SM_2458,S5_cross_partition_group_tuple_cell
CondRxnBench-Benchmark-v0.1-splits-candidate.1,perera_suzuki_miyaura_2018,S5,PERERA_SM_2459,S5_cross_partition_group_tuple_cell
CondRxnBench-Benchmark-v0.1-splits-candidate.1,perera_suzuki_miyaura_2018,S5,PERERA_SM_2460,S5_cross_partition_group_tuple_cell
CondRxnBench-Benchmark-v0.1-splits-candidate.1,perera_suzuki_miyaura_2018,S5,PERERA_SM_2461,S5_cross_partition_group_tuple_cell
CondRxnBench-Benchmark-v0.1-splits-candidate.1,perera_suzuki_miyaura_2018,S5,PERERA_SM_2462,S5_cross_partition_group_tuple_cell
CondRxnBench-Benchmark-v0.1-splits-candidate.1,perera_suzuki_miyaura_2018,S5,PERERA_SM_2463,S5_cross_partition_group_tuple_cell
CondRxnBench-Benchmark-v0.1-splits-candidate.1,perera_suzuki_miyaura_2018,S5,PERERA_SM_2464,S5_cross_partition_group_tuple_cell
CondRxnBench-Benchmark-v0.1-splits-candidate.1,perera_suzuki_miyaura_2018,S5,PERERA_SM_2465,S5_cross_partition_group_tuple_cell
CondRxnBench-Benchmark-v0.1-splits-candidate.1,perera_suzuki_miyaura_2018,S5,PERERA_SM_2466,S5_cross_partition_group_tuple_cell
CondRxnBench-Benchmark-v0.1-splits-candidate.1,perera_suzuki_miyaura_2018,S5,PERERA_SM_2469,S5_cross_partition_group_tuple_cell
CondRxnBench-Benchmark-v0.1-splits-candidate.1,perera_suzuki_miyaura_2018,S5,PERERA_SM_2470,S5_cross_partition_group_tuple_cell
CondRxnBench-Benchmark-v0.1-splits-candidate.1,perera_suzuki_miyaura_2018,S5,PERERA_SM_2472,S5_cross_partition_group_tuple_cell
CondRxnBench-Benchmark-v0.1-splits-candidate.1,perera_suzuki_miyaura_2018,S5,PERERA_SM_2473,S5_cross_partition_group_tuple_cell
CondRxnBench-Benchmark-v0.1-splits-candidate.1,perera_suzuki_miyaura_2018,S5,PERERA_SM_2474,S5_cross_partition_group_tuple_cell
CondRxnBench-Benchmark-v0.1-splits-candidate.1,perera_suzuki_miyaura_2018,S5,PERERA_SM_2476,S5_cross_partition_group_tuple_cell
CondRxnBench-Benchmark-v0.1-splits-candidate.1,perera_suzuki_miyaura_2018,S5,PERERA_SM_2477,S5_cross_partition_group_tuple_cell
CondRxnBench-Benchmark-v0.1-splits-candidate.1,perera_suzuki_miyaura_2018,S5,PERERA_SM_2481,S5_cross_partition_group_tuple_cell
CondRxnBench-Benchmark-v0.1-splits-candidate.1,perera_suzuki_miyaura_2018,S5,PERERA_SM_2482,S5_cross_partition_group_tuple_cell
CondRxnBench-Benchmark-v0.1-splits-candidate.1,perera_suzuki_miyaura_2018,S5,PERERA_SM_2483,S5_cross_partition_group_tuple_cell
CondRxnBench-Benchmark-v0.1-splits-candidate.1,perera_suzuki_miyaura_2018,S5,PERERA_SM_2485,S5_cross_partition_group_tuple_cell
CondRxnBench-Benchmark-v0.1-splits-candidate.1,perera_suzuki_miyaura_2018,S5,PERERA_SM_2486,S5_cross_partition_group_tuple_cell
CondRxnBench-Benchmark-v0.1-splits-candidate.1,perera_suzuki_miyaura_2018,S5,PERERA_SM_2487,S5_cross_partition_group_tuple_cell
CondRxnBench-Benchmark-v0.1-splits-candidate.1,perera_suzuki_miyaura_2018,S5,PERERA_SM_2488,S5_cross_partition_group_tuple_cell
CondRxnBench-Benchmark-v0.1-splits-candidate.1,perera_suzuki_miyaura_2018,S5,PERERA_SM_2489,S5_cross_partition_group_tuple_cell
CondRxnBench-Benchmark-v0.1-splits-candidate.1,perera_suzuki_miyaura_2018,S5,PERERA_SM_2490,S5_cross_partition_group_tuple_cell
CondRxnBench-Benchmark-v0.1-splits-candidate.1,perera_suzuki_miyaura_2018,S5,PERERA_SM_2491,S5_cross_partition_group_tuple_cell
CondRxnBench-Benchmark-v0.1-splits-candidate.1,perera_suzuki_miyaura_2018,S5,PERERA_SM_2492,S5_cross_partition_group_tuple_cell
CondRxnBench-Benchmark-v0.1-splits-candidate.1,perera_suzuki_miyaura_2018,S5,PERERA_SM_2493,S5_cross_partition_group_tuple_cell
CondRxnBench-Benchmark-v0.1-splits-candidate.1,perera_suzuki_miyaura_2018,S5,PERERA_SM_2494,S5_cross_partition_group_tuple_cell
CondRxnBench-Benchmark-v0.1-splits-candidate.1,perera_suzuki_miyaura_2018,S5,PERERA_SM_2495,S5_cross_partition_group_tuple_cell
CondRxnBench-Benchmark-v0.1-splits-candidate.1,perera_suzuki_miyaura_2018,S5,PERERA_SM_2498,S5_cross_partition_group_tuple_cell
CondRxnBench-Benchmark-v0.1-splits-candidate.1,perera_suzuki_miyaura_2018,S5,PERERA_SM_2500,S5_cross_partition_group_tuple_cell
CondRxnBench-Benchmark-v0.1-splits-candidate.1,perera_suzuki_miyaura_2018,S5,PERERA_SM_2501,S5_cross_partition_group_tuple_cell
CondRxnBench-Benchmark-v0.1-splits-candidate.1,perera_suzuki_miyaura_2018,S5,PERERA_SM_2502,S5_cross_partition_group_tuple_cell
CondRxnBench-Benchmark-v0.1-splits-candidate.1,perera_suzuki_miyaura_2018,S5,PERERA_SM_2503,S5_cross_partition_group_tuple_cell
CondRxnBench-Benchmark-v0.1-splits-candidate.1,perera_suzuki_miyaura_2018,S5,PERERA_SM_2504,S5_cross_partition_group_tuple_cell
CondRxnBench-Benchmark-v0.1-splits-candidate.1,perera_suzuki_miyaura_2018,S5,PERERA_SM_2505,S5_cross_partition_group_tuple_cell
CondRxnBench-Benchmark-v0.1-splits-candidate.1,perera_suzuki_miyaura_2018,S5,PERERA_SM_2506,S5_cross_partition_group_tuple_cell
CondRxnBench-Benchmark-v0.1-splits-candidate.1,perera_suzuki_miyaura_2018,S5,PERERA_SM_2507,S5_cross_partition_group_tuple_cell
CondRxnBench-Benchmark-v0.1-splits-candidate.1,perera_suzuki_miyaura_2018,S5,PERERA_SM_2511,S5_cross_partition_group_tuple_cell
CondRxnBench-Benchmark-v0.1-splits-candidate.1,perera_suzuki_miyaura_2018,S5,PERERA_SM_2512,S5_cross_partition_group_tuple_cell
CondRxnBench-Benchmark-v0.1-splits-candidate.1,perera_suzuki_miyaura_2018,S5,PERERA_SM_2513,S5_cross_partition_group_tuple_cell
CondRxnBench-Benchmark-v0.1-splits-candidate.1,perera_suzuki_miyaura_2018,S5,PERERA_SM_2514,S5_cross_partition_group_tuple_cell
CondRxnBench-Benchmark-v0.1-splits-candidate.1,perera_suzuki_miyaura_2018,S5,PERERA_SM_2515,S5_cross_partition_group_tuple_cell
CondRxnBench-Benchmark-v0.1-splits-candidate.1,perera_suzuki_miyaura_2018,S5,PERERA_SM_2516,S5_cross_partition_group_tuple_cell
CondRxnBench-Benchmark-v0.1-splits-candidate.1,perera_suzuki_miyaura_2018,S5,PERERA_SM_2517,S5_cross_partition_group_tuple_cell
CondRxnBench-Benchmark-v0.1-splits-candidate.1,perera_suzuki_miyaura_2018,S5,PERERA_SM_2518,S5_cross_partition_group_tuple_cell
CondRxnBench-Benchmark-v0.1-splits-candidate.1,perera_suzuki_miyaura_2018,S5,PERERA_SM_2519,S5_cross_partition_group_tuple_cell
CondRxnBench-Benchmark-v0.1-splits-candidate.1,perera_suzuki_miyaura_2018,S5,PERERA_SM_2520,S5_cross_partition_group_tuple_cell
CondRxnBench-Benchmark-v0.1-splits-candidate.1,perera_suzuki_miyaura_2018,S5,PERERA_SM_2521,S5_cross_partition_group_tuple_cell
CondRxnBench-Benchmark-v0.1-splits-candidate.1,perera_suzuki_miyaura_2018,S5,PERERA_SM_2522,S5_cross_partition_group_tuple_cell
CondRxnBench-Benchmark-v0.1-splits-candidate.1,perera_suzuki_miyaura_2018,S5,PERERA_SM_2523,S5_cross_partition_group_tuple_cell
CondRxnBench-Benchmark-v0.1-splits-candidate.1,perera_suzuki_miyaura_2018,S5,PERERA_SM_2524,S5_cross_partition_group_tuple_cell
CondRxnBench-Benchmark-v0.1-splits-candidate.1,perera_suzuki_miyaura_2018,S5,PERERA_SM_2525,S5_cross_partition_group_tuple_cell
CondRxnBench-Benchmark-v0.1-splits-candidate.1,perera_suzuki_miyaura_2018,S5,PERERA_SM_2526,S5_cross_partition_group_tuple_cell
CondRxnBench-Benchmark-v0.1-splits-candidate.1,perera_suzuki_miyaura_2018,S5,PERERA_SM_2527,S5_cross_partition_group_tuple_cell
CondRxnBench-Benchmark-v0.1-splits-candidate.1,perera_suzuki_miyaura_2018,S5,PERERA_SM_2528,S5_cross_partition_group_tuple_cell
CondRxnBench-Benchmark-v0.1-splits-candidate.1,perera_suzuki_miyaura_2018,S5,PERERA_SM_2529,S5_cross_partition_group_tuple_cell
CondRxnBench-Benchmark-v0.1-splits-candidate.1,perera_suzuki_miyaura_2018,S5,PERERA_SM_2530,S5_cross_partition_group_tuple_cell
CondRxnBench-Benchmark-v0.1-splits-candidate.1,perera_suzuki_miyaura_2018,S5,PERERA_SM_2531,S5_cross_partition_group_tuple_cell
CondRxnBench-Benchmark-v0.1-splits-candidate.1,perera_suzuki_miyaura_2018,S5,PERERA_SM_2532,S5_cross_partition_group_tuple_cell
CondRxnBench-Benchmark-v0.1-splits-candidate.1,perera_suzuki_miyaura_2018,S5,PERERA_SM_2533,S5_cross_partition_group_tuple_cell
CondRxnBench-Benchmark-v0.1-splits-candidate.1,perera_suzuki_miyaura_2018,S5,PERERA_SM_2534,S5_cross_partition_group_tuple_cell
CondRxnBench-Benchmark-v0.1-splits-candidate.1,perera_suzuki_miyaura_2018,S5,PERERA_SM_2535,S5_cross_partition_group_tuple_cell
CondRxnBench-Benchmark-v0.1-splits-candidate.1,perera_suzuki_miyaura_2018,S5,PERERA_SM_2536,S5_cross_partition_group_tuple_cell
CondRxnBench-Benchmark-v0.1-splits-candidate.1,perera_suzuki_miyaura_2018,S5,PERERA_SM_2537,S5_cross_partition_group_tuple_cell
CondRxnBench-Benchmark-v0.1-splits-candidate.1,perera_suzuki_miyaura_2018,S5,PERERA_SM_2538,S5_cross_partition_group_tuple_cell
CondRxnBench-Benchmark-v0.1-splits-candidate.1,perera_suzuki_miyaura_2018,S5,PERERA_SM_2539,S5_cross_partition_group_tuple_cell
CondRxnBench-Benchmark-v0.1-splits-candidate.1,perera_suzuki_miyaura_2018,S5,PERERA_SM_2540,S5_cross_partition_group_tuple_cell
CondRxnBench-Benchmark-v0.1-splits-candidate.1,perera_suzuki_miyaura_2018,S5,PERERA_SM_2541,S5_cross_partition_group_tuple_cell
CondRxnBench-Benchmark-v0.1-splits-candidate.1,perera_suzuki_miyaura_2018,S5,PERERA_SM_2543,S5_cross_partition_group_tuple_cell
CondRxnBench-Benchmark-v0.1-splits-candidate.1,perera_suzuki_miyaura_2018,S5,PERERA_SM_2544,S5_cross_partition_group_tuple_cell
CondRxnBench-Benchmark-v0.1-splits-candidate.1,perera_suzuki_miyaura_2018,S5,PERERA_SM_2545,S5_cross_partition_group_tuple_cell
CondRxnBench-Benchmark-v0.1-splits-candidate.1,perera_suzuki_miyaura_2018,S5,PERERA_SM_2547,S5_cross_partition_group_tuple_cell
CondRxnBench-Benchmark-v0.1-splits-candidate.1,perera_suzuki_miyaura_2018,S5,PERERA_SM_2548,S5_cross_partition_group_tuple_cell
CondRxnBench-Benchmark-v0.1-splits-candidate.1,perera_suzuki_miyaura_2018,S5,PERERA_SM_2550,S5_cross_partition_group_tuple_cell
CondRxnBench-Benchmark-v0.1-splits-candidate.1,perera_suzuki_miyaura_2018,S5,PERERA_SM_2551,S5_cross_partition_group_tuple_cell
CondRxnBench-Benchmark-v0.1-splits-candidate.1,perera_suzuki_miyaura_2018,S5,PERERA_SM_2552,S5_cross_partition_group_tuple_cell
CondRxnBench-Benchmark-v0.1-splits-candidate.1,perera_suzuki_miyaura_2018,S5,PERERA_SM_2553,S5_cross_partition_group_tuple_cell
CondRxnBench-Benchmark-v0.1-splits-candidate.1,perera_suzuki_miyaura_2018,S5,PERERA_SM_2554,S5_cross_partition_group_tuple_cell
CondRxnBench-Benchmark-v0.1-splits-candidate.1,perera_suzuki_miyaura_2018,S5,PERERA_SM_2555,S5_cross_partition_group_tuple_cell
CondRxnBench-Benchmark-v0.1-splits-candidate.1,perera_suzuki_miyaura_2018,S5,PERERA_SM_2556,S5_cross_partition_group_tuple_cell
CondRxnBench-Benchmark-v0.1-splits-candidate.1,perera_suzuki_miyaura_2018,S5,PERERA_SM_2557,S5_cross_partition_group_tuple_cell
CondRxnBench-Benchmark-v0.1-splits-candidate.1,perera_suzuki_miyaura_2018,S5,PERERA_SM_2558,S5_cross_partition_group_tuple_cell
CondRxnBench-Benchmark-v0.1-splits-candidate.1,perera_suzuki_miyaura_2018,S5,PERERA_SM_2559,S5_cross_partition_group_tuple_cell
CondRxnBench-Benchmark-v0.1-splits-candidate.1,perera_suzuki_miyaura_2018,S5,PERERA_SM_2560,S5_cross_partition_group_tuple_cell
CondRxnBench-Benchmark-v0.1-splits-candidate.1,perera_suzuki_miyaura_2018,S5,PERERA_SM_2561,S5_cross_partition_group_tuple_cell
CondRxnBench-Benchmark-v0.1-splits-candidate.1,perera_suzuki_miyaura_2018,S5,PERERA_SM_2563,S5_cross_partition_group_tuple_cell
CondRxnBench-Benchmark-v0.1-splits-candidate.1,perera_suzuki_miyaura_2018,S5,PERERA_SM_2564,S5_cross_partition_group_tuple_cell
CondRxnBench-Benchmark-v0.1-splits-candidate.1,perera_suzuki_miyaura_2018,S5,PERERA_SM_2566,S5_cross_partition_group_tuple_cell
CondRxnBench-Benchmark-v0.1-splits-candidate.1,perera_suzuki_miyaura_2018,S5,PERERA_SM_2567,S5_cross_partition_group_tuple_cell
CondRxnBench-Benchmark-v0.1-splits-candidate.1,perera_suzuki_miyaura_2018,S5,PERERA_SM_2568,S5_cross_partition_group_tuple_cell
CondRxnBench-Benchmark-v0.1-splits-candidate.1,perera_suzuki_miyaura_2018,S5,PERERA_SM_2570,S5_cross_partition_group_tuple_cell
CondRxnBench-Benchmark-v0.1-splits-candidate.1,perera_suzuki_miyaura_2018,S5,PERERA_SM_2571,S5_cross_partition_group_tuple_cell
CondRxnBench-Benchmark-v0.1-splits-candidate.1,perera_suzuki_miyaura_2018,S5,PERERA_SM_2572,S5_cross_partition_group_tuple_cell
CondRxnBench-Benchmark-v0.1-splits-candidate.1,perera_suzuki_miyaura_2018,S5,PERERA_SM_2573,S5_cross_partition_group_tuple_cell
CondRxnBench-Benchmark-v0.1-splits-candidate.1,perera_suzuki_miyaura_2018,S5,PERERA_SM_2574,S5_cross_partition_group_tuple_cell
CondRxnBench-Benchmark-v0.1-splits-candidate.1,perera_suzuki_miyaura_2018,S5,PERERA_SM_2575,S5_cross_partition_group_tuple_cell
CondRxnBench-Benchmark-v0.1-splits-candidate.1,perera_suzuki_miyaura_2018,S5,PERERA_SM_2576,S5_cross_partition_group_tuple_cell
CondRxnBench-Benchmark-v0.1-splits-candidate.1,perera_suzuki_miyaura_2018,S5,PERERA_SM_2577,S5_cross_partition_group_tuple_cell
CondRxnBench-Benchmark-v0.1-splits-candidate.1,perera_suzuki_miyaura_2018,S5,PERERA_SM_2578,S5_cross_partition_group_tuple_cell
CondRxnBench-Benchmark-v0.1-splits-candidate.1,perera_suzuki_miyaura_2018,S5,PERERA_SM_2579,S5_cross_partition_group_tuple_cell
CondRxnBench-Benchmark-v0.1-splits-candidate.1,perera_suzuki_miyaura_2018,S5,PERERA_SM_2580,S5_cross_partition_group_tuple_cell
CondRxnBench-Benchmark-v0.1-splits-candidate.1,perera_suzuki_miyaura_2018,S5,PERERA_SM_2581,S5_cross_partition_group_tuple_cell
CondRxnBench-Benchmark-v0.1-splits-candidate.1,perera_suzuki_miyaura_2018,S5,PERERA_SM_2582,S5_cross_partition_group_tuple_cell
CondRxnBench-Benchmark-v0.1-splits-candidate.1,perera_suzuki_miyaura_2018,S5,PERERA_SM_2583,S5_cross_partition_group_tuple_cell
CondRxnBench-Benchmark-v0.1-splits-candidate.1,perera_suzuki_miyaura_2018,S5,PERERA_SM_2584,S5_cross_partition_group_tuple_cell
CondRxnBench-Benchmark-v0.1-splits-candidate.1,perera_suzuki_miyaura_2018,S5,PERERA_SM_2585,S5_cross_partition_group_tuple_cell
CondRxnBench-Benchmark-v0.1-splits-candidate.1,perera_suzuki_miyaura_2018,S5,PERERA_SM_2586,S5_cross_partition_group_tuple_cell
CondRxnBench-Benchmark-v0.1-splits-candidate.1,perera_suzuki_miyaura_2018,S5,PERERA_SM_2587,S5_cross_partition_group_tuple_cell
CondRxnBench-Benchmark-v0.1-splits-candidate.1,perera_suzuki_miyaura_2018,S5,PERERA_SM_2588,S5_cross_partition_group_tuple_cell
CondRxnBench-Benchmark-v0.1-splits-candidate.1,perera_suzuki_miyaura_2018,S5,PERERA_SM_2589,S5_cross_partition_group_tuple_cell
CondRxnBench-Benchmark-v0.1-splits-candidate.1,perera_suzuki_miyaura_2018,S5,PERERA_SM_2591,S5_cross_partition_group_tuple_cell
CondRxnBench-Benchmark-v0.1-splits-candidate.1,perera_suzuki_miyaura_2018,S5,PERERA_SM_2592,S5_cross_partition_group_tuple_cell
CondRxnBench-Benchmark-v0.1-splits-candidate.1,perera_suzuki_miyaura_2018,S5,PERERA_SM_2595,S5_cross_partition_group_tuple_cell
CondRxnBench-Benchmark-v0.1-splits-candidate.1,perera_suzuki_miyaura_2018,S5,PERERA_SM_2596,S5_cross_partition_group_tuple_cell
CondRxnBench-Benchmark-v0.1-splits-candidate.1,perera_suzuki_miyaura_2018,S5,PERERA_SM_2597,S5_cross_partition_group_tuple_cell
CondRxnBench-Benchmark-v0.1-splits-candidate.1,perera_suzuki_miyaura_2018,S5,PERERA_SM_2598,S5_cross_partition_group_tuple_cell
CondRxnBench-Benchmark-v0.1-splits-candidate.1,perera_suzuki_miyaura_2018,S5,PERERA_SM_2600,S5_cross_partition_group_tuple_cell
CondRxnBench-Benchmark-v0.1-splits-candidate.1,perera_suzuki_miyaura_2018,S5,PERERA_SM_2601,S5_cross_partition_group_tuple_cell
CondRxnBench-Benchmark-v0.1-splits-candidate.1,perera_suzuki_miyaura_2018,S5,PERERA_SM_2602,S5_cross_partition_group_tuple_cell
CondRxnBench-Benchmark-v0.1-splits-candidate.1,perera_suzuki_miyaura_2018,S5,PERERA_SM_2603,S5_cross_partition_group_tuple_cell
CondRxnBench-Benchmark-v0.1-splits-candidate.1,perera_suzuki_miyaura_2018,S5,PERERA_SM_2604,S5_cross_partition_group_tuple_cell
CondRxnBench-Benchmark-v0.1-splits-candidate.1,perera_suzuki_miyaura_2018,S5,PERERA_SM_2605,S5_cross_partition_group_tuple_cell
CondRxnBench-Benchmark-v0.1-splits-candidate.1,perera_suzuki_miyaura_2018,S5,PERERA_SM_2606,S5_cross_partition_group_tuple_cell
CondRxnBench-Benchmark-v0.1-splits-candidate.1,perera_suzuki_miyaura_2018,S5,PERERA_SM_2607,S5_cross_partition_group_tuple_cell
CondRxnBench-Benchmark-v0.1-splits-candidate.1,perera_suzuki_miyaura_2018,S5,PERERA_SM_2608,S5_cross_partition_group_tuple_cell
CondRxnBench-Benchmark-v0.1-splits-candidate.1,perera_suzuki_miyaura_2018,S5,PERERA_SM_2610,S5_cross_partition_group_tuple_cell
CondRxnBench-Benchmark-v0.1-splits-candidate.1,perera_suzuki_miyaura_2018,S5,PERERA_SM_2611,S5_cross_partition_group_tuple_cell
CondRxnBench-Benchmark-v0.1-splits-candidate.1,perera_suzuki_miyaura_2018,S5,PERERA_SM_2612,S5_cross_partition_group_tuple_cell
CondRxnBench-Benchmark-v0.1-splits-candidate.1,perera_suzuki_miyaura_2018,S5,PERERA_SM_2613,S5_cross_partition_group_tuple_cell
CondRxnBench-Benchmark-v0.1-splits-candidate.1,perera_suzuki_miyaura_2018,S5,PERERA_SM_2614,S5_cross_partition_group_tuple_cell
CondRxnBench-Benchmark-v0.1-splits-candidate.1,perera_suzuki_miyaura_2018,S5,PERERA_SM_2615,S5_cross_partition_group_tuple_cell
CondRxnBench-Benchmark-v0.1-splits-candidate.1,perera_suzuki_miyaura_2018,S5,PERERA_SM_2616,S5_cross_partition_group_tuple_cell
CondRxnBench-Benchmark-v0.1-splits-candidate.1,perera_suzuki_miyaura_2018,S5,PERERA_SM_2617,S5_cross_partition_group_tuple_cell
CondRxnBench-Benchmark-v0.1-splits-candidate.1,perera_suzuki_miyaura_2018,S5,PERERA_SM_2618,S5_cross_partition_group_tuple_cell
CondRxnBench-Benchmark-v0.1-splits-candidate.1,perera_suzuki_miyaura_2018,S5,PERERA_SM_2619,S5_cross_partition_group_tuple_cell
CondRxnBench-Benchmark-v0.1-splits-candidate.1,perera_suzuki_miyaura_2018,S5,PERERA_SM_2620,S5_cross_partition_group_tuple_cell
CondRxnBench-Benchmark-v0.1-splits-candidate.1,perera_suzuki_miyaura_2018,S5,PERERA_SM_2621,S5_cross_partition_group_tuple_cell
CondRxnBench-Benchmark-v0.1-splits-candidate.1,perera_suzuki_miyaura_2018,S5,PERERA_SM_2622,S5_cross_partition_group_tuple_cell
CondRxnBench-Benchmark-v0.1-splits-candidate.1,perera_suzuki_miyaura_2018,S5,PERERA_SM_2623,S5_cross_partition_group_tuple_cell
CondRxnBench-Benchmark-v0.1-splits-candidate.1,perera_suzuki_miyaura_2018,S5,PERERA_SM_2624,S5_cross_partition_group_tuple_cell
CondRxnBench-Benchmark-v0.1-splits-candidate.1,perera_suzuki_miyaura_2018,S5,PERERA_SM_2625,S5_cross_partition_group_tuple_cell
CondRxnBench-Benchmark-v0.1-splits-candidate.1,perera_suzuki_miyaura_2018,S5,PERERA_SM_2626,S5_cross_partition_group_tuple_cell
CondRxnBench-Benchmark-v0.1-splits-candidate.1,perera_suzuki_miyaura_2018,S5,PERERA_SM_2627,S5_cross_partition_group_tuple_cell
CondRxnBench-Benchmark-v0.1-splits-candidate.1,perera_suzuki_miyaura_2018,S5,PERERA_SM_2629,S5_cross_partition_group_tuple_cell
CondRxnBench-Benchmark-v0.1-splits-candidate.1,perera_suzuki_miyaura_2018,S5,PERERA_SM_2630,S5_cross_partition_group_tuple_cell
CondRxnBench-Benchmark-v0.1-splits-candidate.1,perera_suzuki_miyaura_2018,S5,PERERA_SM_2631,S5_cross_partition_group_tuple_cell
CondRxnBench-Benchmark-v0.1-splits-candidate.1,perera_suzuki_miyaura_2018,S5,PERERA_SM_2632,S5_cross_partition_group_tuple_cell
CondRxnBench-Benchmark-v0.1-splits-candidate.1,perera_suzuki_miyaura_2018,S5,PERERA_SM_2633,S5_cross_partition_group_tuple_cell
CondRxnBench-Benchmark-v0.1-splits-candidate.1,perera_suzuki_miyaura_2018,S5,PERERA_SM_2634,S5_cross_partition_group_tuple_cell
CondRxnBench-Benchmark-v0.1-splits-candidate.1,perera_suzuki_miyaura_2018,S5,PERERA_SM_2636,S5_cross_partition_group_tuple_cell
CondRxnBench-Benchmark-v0.1-splits-candidate.1,perera_suzuki_miyaura_2018,S5,PERERA_SM_2637,S5_cross_partition_group_tuple_cell
CondRxnBench-Benchmark-v0.1-splits-candidate.1,perera_suzuki_miyaura_2018,S5,PERERA_SM_2638,S5_cross_partition_group_tuple_cell
CondRxnBench-Benchmark-v0.1-splits-candidate.1,perera_suzuki_miyaura_2018,S5,PERERA_SM_2639,S5_cross_partition_group_tuple_cell
CondRxnBench-Benchmark-v0.1-splits-candidate.1,perera_suzuki_miyaura_2018,S5,PERERA_SM_2640,S5_cross_partition_group_tuple_cell
CondRxnBench-Benchmark-v0.1-splits-candidate.1,perera_suzuki_miyaura_2018,S5,PERERA_SM_2642,S5_cross_partition_group_tuple_cell
CondRxnBench-Benchmark-v0.1-splits-candidate.1,perera_suzuki_miyaura_2018,S5,PERERA_SM_2643,S5_cross_partition_group_tuple_cell
CondRxnBench-Benchmark-v0.1-splits-candidate.1,perera_suzuki_miyaura_2018,S5,PERERA_SM_2644,S5_cross_partition_group_tuple_cell
CondRxnBench-Benchmark-v0.1-splits-candidate.1,perera_suzuki_miyaura_2018,S5,PERERA_SM_2645,S5_cross_partition_group_tuple_cell
CondRxnBench-Benchmark-v0.1-splits-candidate.1,perera_suzuki_miyaura_2018,S5,PERERA_SM_2648,S5_cross_partition_group_tuple_cell
CondRxnBench-Benchmark-v0.1-splits-candidate.1,perera_suzuki_miyaura_2018,S5,PERERA_SM_2649,S5_cross_partition_group_tuple_cell
CondRxnBench-Benchmark-v0.1-splits-candidate.1,perera_suzuki_miyaura_2018,S5,PERERA_SM_2650,S5_cross_partition_group_tuple_cell
CondRxnBench-Benchmark-v0.1-splits-candidate.1,perera_suzuki_miyaura_2018,S5,PERERA_SM_2653,S5_cross_partition_group_tuple_cell
CondRxnBench-Benchmark-v0.1-splits-candidate.1,perera_suzuki_miyaura_2018,S5,PERERA_SM_2655,S5_cross_partition_group_tuple_cell
CondRxnBench-Benchmark-v0.1-splits-candidate.1,perera_suzuki_miyaura_2018,S5,PERERA_SM_2656,S5_cross_partition_group_tuple_cell
CondRxnBench-Benchmark-v0.1-splits-candidate.1,perera_suzuki_miyaura_2018,S5,PERERA_SM_2657,S5_cross_partition_group_tuple_cell
CondRxnBench-Benchmark-v0.1-splits-candidate.1,perera_suzuki_miyaura_2018,S5,PERERA_SM_2658,S5_cross_partition_group_tuple_cell
CondRxnBench-Benchmark-v0.1-splits-candidate.1,perera_suzuki_miyaura_2018,S5,PERERA_SM_2659,S5_cross_partition_group_tuple_cell
CondRxnBench-Benchmark-v0.1-splits-candidate.1,perera_suzuki_miyaura_2018,S5,PERERA_SM_2660,S5_cross_partition_group_tuple_cell
CondRxnBench-Benchmark-v0.1-splits-candidate.1,perera_suzuki_miyaura_2018,S5,PERERA_SM_2661,S5_cross_partition_group_tuple_cell
CondRxnBench-Benchmark-v0.1-splits-candidate.1,perera_suzuki_miyaura_2018,S5,PERERA_SM_2662,S5_cross_partition_group_tuple_cell
CondRxnBench-Benchmark-v0.1-splits-candidate.1,perera_suzuki_miyaura_2018,S5,PERERA_SM_2663,S5_cross_partition_group_tuple_cell
CondRxnBench-Benchmark-v0.1-splits-candidate.1,perera_suzuki_miyaura_2018,S5,PERERA_SM_2664,S5_cross_partition_group_tuple_cell
CondRxnBench-Benchmark-v0.1-splits-candidate.1,perera_suzuki_miyaura_2018,S5,PERERA_SM_2665,S5_cross_partition_group_tuple_cell
CondRxnBench-Benchmark-v0.1-splits-candidate.1,perera_suzuki_miyaura_2018,S5,PERERA_SM_2666,S5_cross_partition_group_tuple_cell
CondRxnBench-Benchmark-v0.1-splits-candidate.1,perera_suzuki_miyaura_2018,S5,PERERA_SM_2667,S5_cross_partition_group_tuple_cell
CondRxnBench-Benchmark-v0.1-splits-candidate.1,perera_suzuki_miyaura_2018,S5,PERERA_SM_2669,S5_cross_partition_group_tuple_cell
CondRxnBench-Benchmark-v0.1-splits-candidate.1,perera_suzuki_miyaura_2018,S5,PERERA_SM_2670,S5_cross_partition_group_tuple_cell
CondRxnBench-Benchmark-v0.1-splits-candidate.1,perera_suzuki_miyaura_2018,S5,PERERA_SM_2672,S5_cross_partition_group_tuple_cell
CondRxnBench-Benchmark-v0.1-splits-candidate.1,perera_suzuki_miyaura_2018,S5,PERERA_SM_2673,S5_cross_partition_group_tuple_cell
CondRxnBench-Benchmark-v0.1-splits-candidate.1,perera_suzuki_miyaura_2018,S5,PERERA_SM_2674,S5_cross_partition_group_tuple_cell
CondRxnBench-Benchmark-v0.1-splits-candidate.1,perera_suzuki_miyaura_2018,S5,PERERA_SM_2675,S5_cross_partition_group_tuple_cell
CondRxnBench-Benchmark-v0.1-splits-candidate.1,perera_suzuki_miyaura_2018,S5,PERERA_SM_2676,S5_cross_partition_group_tuple_cell
CondRxnBench-Benchmark-v0.1-splits-candidate.1,perera_suzuki_miyaura_2018,S5,PERERA_SM_2677,S5_cross_partition_group_tuple_cell
CondRxnBench-Benchmark-v0.1-splits-candidate.1,perera_suzuki_miyaura_2018,S5,PERERA_SM_2678,S5_cross_partition_group_tuple_cell
CondRxnBench-Benchmark-v0.1-splits-candidate.1,perera_suzuki_miyaura_2018,S5,PERERA_SM_2679,S5_cross_partition_group_tuple_cell
CondRxnBench-Benchmark-v0.1-splits-candidate.1,perera_suzuki_miyaura_2018,S5,PERERA_SM_2681,S5_cross_partition_group_tuple_cell
CondRxnBench-Benchmark-v0.1-splits-candidate.1,perera_suzuki_miyaura_2018,S5,PERERA_SM_2682,S5_cross_partition_group_tuple_cell
CondRxnBench-Benchmark-v0.1-splits-candidate.1,perera_suzuki_miyaura_2018,S5,PERERA_SM_2683,S5_cross_partition_group_tuple_cell
CondRxnBench-Benchmark-v0.1-splits-candidate.1,perera_suzuki_miyaura_2018,S5,PERERA_SM_2684,S5_cross_partition_group_tuple_cell
CondRxnBench-Benchmark-v0.1-splits-candidate.1,perera_suzuki_miyaura_2018,S5,PERERA_SM_2685,S5_cross_partition_group_tuple_cell
CondRxnBench-Benchmark-v0.1-splits-candidate.1,perera_suzuki_miyaura_2018,S5,PERERA_SM_2686,S5_cross_partition_group_tuple_cell
CondRxnBench-Benchmark-v0.1-splits-candidate.1,perera_suzuki_miyaura_2018,S5,PERERA_SM_2687,S5_cross_partition_group_tuple_cell
CondRxnBench-Benchmark-v0.1-splits-candidate.1,perera_suzuki_miyaura_2018,S5,PERERA_SM_2688,S5_cross_partition_group_tuple_cell
CondRxnBench-Benchmark-v0.1-splits-candidate.1,perera_suzuki_miyaura_2018,S5,PERERA_SM_2689,S5_cross_partition_group_tuple_cell
CondRxnBench-Benchmark-v0.1-splits-candidate.1,perera_suzuki_miyaura_2018,S5,PERERA_SM_2690,S5_cross_partition_group_tuple_cell
CondRxnBench-Benchmark-v0.1-splits-candidate.1,perera_suzuki_miyaura_2018,S5,PERERA_SM_2691,S5_cross_partition_group_tuple_cell
CondRxnBench-Benchmark-v0.1-splits-candidate.1,perera_suzuki_miyaura_2018,S5,PERERA_SM_2692,S5_cross_partition_group_tuple_cell
CondRxnBench-Benchmark-v0.1-splits-candidate.1,perera_suzuki_miyaura_2018,S5,PERERA_SM_2693,S5_cross_partition_group_tuple_cell
CondRxnBench-Benchmark-v0.1-splits-candidate.1,perera_suzuki_miyaura_2018,S5,PERERA_SM_2694,S5_cross_partition_group_tuple_cell
CondRxnBench-Benchmark-v0.1-splits-candidate.1,perera_suzuki_miyaura_2018,S5,PERERA_SM_2695,S5_cross_partition_group_tuple_cell
CondRxnBench-Benchmark-v0.1-splits-candidate.1,perera_suzuki_miyaura_2018,S5,PERERA_SM_2696,S5_cross_partition_group_tuple_cell
CondRxnBench-Benchmark-v0.1-splits-candidate.1,perera_suzuki_miyaura_2018,S5,PERERA_SM_2697,S5_cross_partition_group_tuple_cell
CondRxnBench-Benchmark-v0.1-splits-candidate.1,perera_suzuki_miyaura_2018,S5,PERERA_SM_2698,S5_cross_partition_group_tuple_cell
CondRxnBench-Benchmark-v0.1-splits-candidate.1,perera_suzuki_miyaura_2018,S5,PERERA_SM_2699,S5_cross_partition_group_tuple_cell
CondRxnBench-Benchmark-v0.1-splits-candidate.1,perera_suzuki_miyaura_2018,S5,PERERA_SM_2700,S5_cross_partition_group_tuple_cell
CondRxnBench-Benchmark-v0.1-splits-candidate.1,perera_suzuki_miyaura_2018,S5,PERERA_SM_2701,S5_cross_partition_group_tuple_cell
CondRxnBench-Benchmark-v0.1-splits-candidate.1,perera_suzuki_miyaura_2018,S5,PERERA_SM_2702,S5_cross_partition_group_tuple_cell
CondRxnBench-Benchmark-v0.1-splits-candidate.1,perera_suzuki_miyaura_2018,S5,PERERA_SM_2703,S5_cross_partition_group_tuple_cell
CondRxnBench-Benchmark-v0.1-splits-candidate.1,perera_suzuki_miyaura_2018,S5,PERERA_SM_2704,S5_cross_partition_group_tuple_cell
CondRxnBench-Benchmark-v0.1-splits-candidate.1,perera_suzuki_miyaura_2018,S5,PERERA_SM_2705,S5_cross_partition_group_tuple_cell
CondRxnBench-Benchmark-v0.1-splits-candidate.1,perera_suzuki_miyaura_2018,S5,PERERA_SM_2706,S5_cross_partition_group_tuple_cell
CondRxnBench-Benchmark-v0.1-splits-candidate.1,perera_suzuki_miyaura_2018,S5,PERERA_SM_2707,S5_cross_partition_group_tuple_cell
CondRxnBench-Benchmark-v0.1-splits-candidate.1,perera_suzuki_miyaura_2018,S5,PERERA_SM_2708,S5_cross_partition_group_tuple_cell
CondRxnBench-Benchmark-v0.1-splits-candidate.1,perera_suzuki_miyaura_2018,S5,PERERA_SM_2709,S5_cross_partition_group_tuple_cell
CondRxnBench-Benchmark-v0.1-splits-candidate.1,perera_suzuki_miyaura_2018,S5,PERERA_SM_2710,S5_cross_partition_group_tuple_cell
CondRxnBench-Benchmark-v0.1-splits-candidate.1,perera_suzuki_miyaura_2018,S5,PERERA_SM_2711,S5_cross_partition_group_tuple_cell
CondRxnBench-Benchmark-v0.1-splits-candidate.1,perera_suzuki_miyaura_2018,S5,PERERA_SM_2712,S5_cross_partition_group_tuple_cell
CondRxnBench-Benchmark-v0.1-splits-candidate.1,perera_suzuki_miyaura_2018,S5,PERERA_SM_2714,S5_cross_partition_group_tuple_cell
CondRxnBench-Benchmark-v0.1-splits-candidate.1,perera_suzuki_miyaura_2018,S5,PERERA_SM_2715,S5_cross_partition_group_tuple_cell
CondRxnBench-Benchmark-v0.1-splits-candidate.1,perera_suzuki_miyaura_2018,S5,PERERA_SM_2716,S5_cross_partition_group_tuple_cell
CondRxnBench-Benchmark-v0.1-splits-candidate.1,perera_suzuki_miyaura_2018,S5,PERERA_SM_2717,S5_cross_partition_group_tuple_cell
CondRxnBench-Benchmark-v0.1-splits-candidate.1,perera_suzuki_miyaura_2018,S5,PERERA_SM_2718,S5_cross_partition_group_tuple_cell
CondRxnBench-Benchmark-v0.1-splits-candidate.1,perera_suzuki_miyaura_2018,S5,PERERA_SM_2719,S5_cross_partition_group_tuple_cell
CondRxnBench-Benchmark-v0.1-splits-candidate.1,perera_suzuki_miyaura_2018,S5,PERERA_SM_2720,S5_cross_partition_group_tuple_cell
CondRxnBench-Benchmark-v0.1-splits-candidate.1,perera_suzuki_miyaura_2018,S5,PERERA_SM_2721,S5_cross_partition_group_tuple_cell
CondRxnBench-Benchmark-v0.1-splits-candidate.1,perera_suzuki_miyaura_2018,S5,PERERA_SM_2722,S5_cross_partition_group_tuple_cell
CondRxnBench-Benchmark-v0.1-splits-candidate.1,perera_suzuki_miyaura_2018,S5,PERERA_SM_2723,S5_cross_partition_group_tuple_cell
CondRxnBench-Benchmark-v0.1-splits-candidate.1,perera_suzuki_miyaura_2018,S5,PERERA_SM_2724,S5_cross_partition_group_tuple_cell
CondRxnBench-Benchmark-v0.1-splits-candidate.1,perera_suzuki_miyaura_2018,S5,PERERA_SM_2725,S5_cross_partition_group_tuple_cell
CondRxnBench-Benchmark-v0.1-splits-candidate.1,perera_suzuki_miyaura_2018,S5,PERERA_SM_2726,S5_cross_partition_group_tuple_cell
CondRxnBench-Benchmark-v0.1-splits-candidate.1,perera_suzuki_miyaura_2018,S5,PERERA_SM_2727,S5_cross_partition_group_tuple_cell
CondRxnBench-Benchmark-v0.1-splits-candidate.1,perera_suzuki_miyaura_2018,S5,PERERA_SM_2728,S5_cross_partition_group_tuple_cell
CondRxnBench-Benchmark-v0.1-splits-candidate.1,perera_suzuki_miyaura_2018,S5,PERERA_SM_2729,S5_cross_partition_group_tuple_cell
CondRxnBench-Benchmark-v0.1-splits-candidate.1,perera_suzuki_miyaura_2018,S5,PERERA_SM_2730,S5_cross_partition_group_tuple_cell
CondRxnBench-Benchmark-v0.1-splits-candidate.1,perera_suzuki_miyaura_2018,S5,PERERA_SM_2731,S5_cross_partition_group_tuple_cell
CondRxnBench-Benchmark-v0.1-splits-candidate.1,perera_suzuki_miyaura_2018,S5,PERERA_SM_2732,S5_cross_partition_group_tuple_cell
CondRxnBench-Benchmark-v0.1-splits-candidate.1,perera_suzuki_miyaura_2018,S5,PERERA_SM_2733,S5_cross_partition_group_tuple_cell
CondRxnBench-Benchmark-v0.1-splits-candidate.1,perera_suzuki_miyaura_2018,S5,PERERA_SM_2734,S5_cross_partition_group_tuple_cell
CondRxnBench-Benchmark-v0.1-splits-candidate.1,perera_suzuki_miyaura_2018,S5,PERERA_SM_2735,S5_cross_partition_group_tuple_cell
CondRxnBench-Benchmark-v0.1-splits-candidate.1,perera_suzuki_miyaura_2018,S5,PERERA_SM_2736,S5_cross_partition_group_tuple_cell
CondRxnBench-Benchmark-v0.1-splits-candidate.1,perera_suzuki_miyaura_2018,S5,PERERA_SM_2737,S5_cross_partition_group_tuple_cell
CondRxnBench-Benchmark-v0.1-splits-candidate.1,perera_suzuki_miyaura_2018,S5,PERERA_SM_2738,S5_cross_partition_group_tuple_cell
CondRxnBench-Benchmark-v0.1-splits-candidate.1,perera_suzuki_miyaura_2018,S5,PERERA_SM_2742,S5_cross_partition_group_tuple_cell
CondRxnBench-Benchmark-v0.1-splits-candidate.1,perera_suzuki_miyaura_2018,S5,PERERA_SM_2743,S5_cross_partition_group_tuple_cell
CondRxnBench-Benchmark-v0.1-splits-candidate.1,perera_suzuki_miyaura_2018,S5,PERERA_SM_2744,S5_cross_partition_group_tuple_cell
CondRxnBench-Benchmark-v0.1-splits-candidate.1,perera_suzuki_miyaura_2018,S5,PERERA_SM_2745,S5_cross_partition_group_tuple_cell
CondRxnBench-Benchmark-v0.1-splits-candidate.1,perera_suzuki_miyaura_2018,S5,PERERA_SM_2746,S5_cross_partition_group_tuple_cell
CondRxnBench-Benchmark-v0.1-splits-candidate.1,perera_suzuki_miyaura_2018,S5,PERERA_SM_2748,S5_cross_partition_group_tuple_cell
CondRxnBench-Benchmark-v0.1-splits-candidate.1,perera_suzuki_miyaura_2018,S5,PERERA_SM_2749,S5_cross_partition_group_tuple_cell
CondRxnBench-Benchmark-v0.1-splits-candidate.1,perera_suzuki_miyaura_2018,S5,PERERA_SM_2750,S5_cross_partition_group_tuple_cell
CondRxnBench-Benchmark-v0.1-splits-candidate.1,perera_suzuki_miyaura_2018,S5,PERERA_SM_2751,S5_cross_partition_group_tuple_cell
CondRxnBench-Benchmark-v0.1-splits-candidate.1,perera_suzuki_miyaura_2018,S5,PERERA_SM_2752,S5_cross_partition_group_tuple_cell
CondRxnBench-Benchmark-v0.1-splits-candidate.1,perera_suzuki_miyaura_2018,S5,PERERA_SM_2753,S5_cross_partition_group_tuple_cell
CondRxnBench-Benchmark-v0.1-splits-candidate.1,perera_suzuki_miyaura_2018,S5,PERERA_SM_2754,S5_cross_partition_group_tuple_cell
CondRxnBench-Benchmark-v0.1-splits-candidate.1,perera_suzuki_miyaura_2018,S5,PERERA_SM_2755,S5_cross_partition_group_tuple_cell
CondRxnBench-Benchmark-v0.1-splits-candidate.1,perera_suzuki_miyaura_2018,S5,PERERA_SM_2756,S5_cross_partition_group_tuple_cell
CondRxnBench-Benchmark-v0.1-splits-candidate.1,perera_suzuki_miyaura_2018,S5,PERERA_SM_2757,S5_cross_partition_group_tuple_cell
CondRxnBench-Benchmark-v0.1-splits-candidate.1,perera_suzuki_miyaura_2018,S5,PERERA_SM_2759,S5_cross_partition_group_tuple_cell
CondRxnBench-Benchmark-v0.1-splits-candidate.1,perera_suzuki_miyaura_2018,S5,PERERA_SM_2761,S5_cross_partition_group_tuple_cell
CondRxnBench-Benchmark-v0.1-splits-candidate.1,perera_suzuki_miyaura_2018,S5,PERERA_SM_2762,S5_cross_partition_group_tuple_cell
CondRxnBench-Benchmark-v0.1-splits-candidate.1,perera_suzuki_miyaura_2018,S5,PERERA_SM_2763,S5_cross_partition_group_tuple_cell
CondRxnBench-Benchmark-v0.1-splits-candidate.1,perera_suzuki_miyaura_2018,S5,PERERA_SM_2764,S5_cross_partition_group_tuple_cell
CondRxnBench-Benchmark-v0.1-splits-candidate.1,perera_suzuki_miyaura_2018,S5,PERERA_SM_2765,S5_cross_partition_group_tuple_cell
CondRxnBench-Benchmark-v0.1-splits-candidate.1,perera_suzuki_miyaura_2018,S5,PERERA_SM_2766,S5_cross_partition_group_tuple_cell
CondRxnBench-Benchmark-v0.1-splits-candidate.1,perera_suzuki_miyaura_2018,S5,PERERA_SM_2768,S5_cross_partition_group_tuple_cell
CondRxnBench-Benchmark-v0.1-splits-candidate.1,perera_suzuki_miyaura_2018,S5,PERERA_SM_2769,S5_cross_partition_group_tuple_cell
CondRxnBench-Benchmark-v0.1-splits-candidate.1,perera_suzuki_miyaura_2018,S5,PERERA_SM_2770,S5_cross_partition_group_tuple_cell
CondRxnBench-Benchmark-v0.1-splits-candidate.1,perera_suzuki_miyaura_2018,S5,PERERA_SM_2771,S5_cross_partition_group_tuple_cell
CondRxnBench-Benchmark-v0.1-splits-candidate.1,perera_suzuki_miyaura_2018,S5,PERERA_SM_2772,S5_cross_partition_group_tuple_cell
CondRxnBench-Benchmark-v0.1-splits-candidate.1,perera_suzuki_miyaura_2018,S5,PERERA_SM_2773,S5_cross_partition_group_tuple_cell
CondRxnBench-Benchmark-v0.1-splits-candidate.1,perera_suzuki_miyaura_2018,S5,PERERA_SM_2774,S5_cross_partition_group_tuple_cell
CondRxnBench-Benchmark-v0.1-splits-candidate.1,perera_suzuki_miyaura_2018,S5,PERERA_SM_2775,S5_cross_partition_group_tuple_cell
CondRxnBench-Benchmark-v0.1-splits-candidate.1,perera_suzuki_miyaura_2018,S5,PERERA_SM_2776,S5_cross_partition_group_tuple_cell
CondRxnBench-Benchmark-v0.1-splits-candidate.1,perera_suzuki_miyaura_2018,S5,PERERA_SM_2777,S5_cross_partition_group_tuple_cell
CondRxnBench-Benchmark-v0.1-splits-candidate.1,perera_suzuki_miyaura_2018,S5,PERERA_SM_2778,S5_cross_partition_group_tuple_cell
CondRxnBench-Benchmark-v0.1-splits-candidate.1,perera_suzuki_miyaura_2018,S5,PERERA_SM_2780,S5_cross_partition_group_tuple_cell
CondRxnBench-Benchmark-v0.1-splits-candidate.1,perera_suzuki_miyaura_2018,S5,PERERA_SM_2782,S5_cross_partition_group_tuple_cell
CondRxnBench-Benchmark-v0.1-splits-candidate.1,perera_suzuki_miyaura_2018,S5,PERERA_SM_2783,S5_cross_partition_group_tuple_cell
CondRxnBench-Benchmark-v0.1-splits-candidate.1,perera_suzuki_miyaura_2018,S5,PERERA_SM_2784,S5_cross_partition_group_tuple_cell
CondRxnBench-Benchmark-v0.1-splits-candidate.1,perera_suzuki_miyaura_2018,S5,PERERA_SM_2785,S5_cross_partition_group_tuple_cell
CondRxnBench-Benchmark-v0.1-splits-candidate.1,perera_suzuki_miyaura_2018,S5,PERERA_SM_2786,S5_cross_partition_group_tuple_cell
CondRxnBench-Benchmark-v0.1-splits-candidate.1,perera_suzuki_miyaura_2018,S5,PERERA_SM_2787,S5_cross_partition_group_tuple_cell
CondRxnBench-Benchmark-v0.1-splits-candidate.1,perera_suzuki_miyaura_2018,S5,PERERA_SM_2788,S5_cross_partition_group_tuple_cell
CondRxnBench-Benchmark-v0.1-splits-candidate.1,perera_suzuki_miyaura_2018,S5,PERERA_SM_2789,S5_cross_partition_group_tuple_cell
CondRxnBench-Benchmark-v0.1-splits-candidate.1,perera_suzuki_miyaura_2018,S5,PERERA_SM_2790,S5_cross_partition_group_tuple_cell
CondRxnBench-Benchmark-v0.1-splits-candidate.1,perera_suzuki_miyaura_2018,S5,PERERA_SM_2791,S5_cross_partition_group_tuple_cell
CondRxnBench-Benchmark-v0.1-splits-candidate.1,perera_suzuki_miyaura_2018,S5,PERERA_SM_2792,S5_cross_partition_group_tuple_cell
CondRxnBench-Benchmark-v0.1-splits-candidate.1,perera_suzuki_miyaura_2018,S5,PERERA_SM_2793,S5_cross_partition_group_tuple_cell
CondRxnBench-Benchmark-v0.1-splits-candidate.1,perera_suzuki_miyaura_2018,S5,PERERA_SM_2794,S5_cross_partition_group_tuple_cell
CondRxnBench-Benchmark-v0.1-splits-candidate.1,perera_suzuki_miyaura_2018,S5,PERERA_SM_2795,S5_cross_partition_group_tuple_cell
CondRxnBench-Benchmark-v0.1-splits-candidate.1,perera_suzuki_miyaura_2018,S5,PERERA_SM_2797,S5_cross_partition_group_tuple_cell
CondRxnBench-Benchmark-v0.1-splits-candidate.1,perera_suzuki_miyaura_2018,S5,PERERA_SM_2798,S5_cross_partition_group_tuple_cell
CondRxnBench-Benchmark-v0.1-splits-candidate.1,perera_suzuki_miyaura_2018,S5,PERERA_SM_2800,S5_cross_partition_group_tuple_cell
CondRxnBench-Benchmark-v0.1-splits-candidate.1,perera_suzuki_miyaura_2018,S5,PERERA_SM_2803,S5_cross_partition_group_tuple_cell
CondRxnBench-Benchmark-v0.1-splits-candidate.1,perera_suzuki_miyaura_2018,S5,PERERA_SM_2804,S5_cross_partition_group_tuple_cell
CondRxnBench-Benchmark-v0.1-splits-candidate.1,perera_suzuki_miyaura_2018,S5,PERERA_SM_2805,S5_cross_partition_group_tuple_cell
CondRxnBench-Benchmark-v0.1-splits-candidate.1,perera_suzuki_miyaura_2018,S5,PERERA_SM_2806,S5_cross_partition_group_tuple_cell
CondRxnBench-Benchmark-v0.1-splits-candidate.1,perera_suzuki_miyaura_2018,S5,PERERA_SM_2807,S5_cross_partition_group_tuple_cell
CondRxnBench-Benchmark-v0.1-splits-candidate.1,perera_suzuki_miyaura_2018,S5,PERERA_SM_2808,S5_cross_partition_group_tuple_cell
CondRxnBench-Benchmark-v0.1-splits-candidate.1,perera_suzuki_miyaura_2018,S5,PERERA_SM_2809,S5_cross_partition_group_tuple_cell
CondRxnBench-Benchmark-v0.1-splits-candidate.1,perera_suzuki_miyaura_2018,S5,PERERA_SM_2810,S5_cross_partition_group_tuple_cell
CondRxnBench-Benchmark-v0.1-splits-candidate.1,perera_suzuki_miyaura_2018,S5,PERERA_SM_2811,S5_cross_partition_group_tuple_cell
CondRxnBench-Benchmark-v0.1-splits-candidate.1,perera_suzuki_miyaura_2018,S5,PERERA_SM_2813,S5_cross_partition_group_tuple_cell
CondRxnBench-Benchmark-v0.1-splits-candidate.1,perera_suzuki_miyaura_2018,S5,PERERA_SM_2814,S5_cross_partition_group_tuple_cell
CondRxnBench-Benchmark-v0.1-splits-candidate.1,perera_suzuki_miyaura_2018,S5,PERERA_SM_2816,S5_cross_partition_group_tuple_cell
CondRxnBench-Benchmark-v0.1-splits-candidate.1,perera_suzuki_miyaura_2018,S5,PERERA_SM_2817,S5_cross_partition_group_tuple_cell
CondRxnBench-Benchmark-v0.1-splits-candidate.1,perera_suzuki_miyaura_2018,S5,PERERA_SM_2818,S5_cross_partition_group_tuple_cell
CondRxnBench-Benchmark-v0.1-splits-candidate.1,perera_suzuki_miyaura_2018,S5,PERERA_SM_2820,S5_cross_partition_group_tuple_cell
CondRxnBench-Benchmark-v0.1-splits-candidate.1,perera_suzuki_miyaura_2018,S5,PERERA_SM_2821,S5_cross_partition_group_tuple_cell
CondRxnBench-Benchmark-v0.1-splits-candidate.1,perera_suzuki_miyaura_2018,S5,PERERA_SM_2823,S5_cross_partition_group_tuple_cell
CondRxnBench-Benchmark-v0.1-splits-candidate.1,perera_suzuki_miyaura_2018,S5,PERERA_SM_2824,S5_cross_partition_group_tuple_cell
CondRxnBench-Benchmark-v0.1-splits-candidate.1,perera_suzuki_miyaura_2018,S5,PERERA_SM_2825,S5_cross_partition_group_tuple_cell
CondRxnBench-Benchmark-v0.1-splits-candidate.1,perera_suzuki_miyaura_2018,S5,PERERA_SM_2826,S5_cross_partition_group_tuple_cell
CondRxnBench-Benchmark-v0.1-splits-candidate.1,perera_suzuki_miyaura_2018,S5,PERERA_SM_2827,S5_cross_partition_group_tuple_cell
CondRxnBench-Benchmark-v0.1-splits-candidate.1,perera_suzuki_miyaura_2018,S5,PERERA_SM_2829,S5_cross_partition_group_tuple_cell
CondRxnBench-Benchmark-v0.1-splits-candidate.1,perera_suzuki_miyaura_2018,S5,PERERA_SM_2830,S5_cross_partition_group_tuple_cell
CondRxnBench-Benchmark-v0.1-splits-candidate.1,perera_suzuki_miyaura_2018,S5,PERERA_SM_2831,S5_cross_partition_group_tuple_cell
CondRxnBench-Benchmark-v0.1-splits-candidate.1,perera_suzuki_miyaura_2018,S5,PERERA_SM_2832,S5_cross_partition_group_tuple_cell
CondRxnBench-Benchmark-v0.1-splits-candidate.1,perera_suzuki_miyaura_2018,S5,PERERA_SM_2833,S5_cross_partition_group_tuple_cell
CondRxnBench-Benchmark-v0.1-splits-candidate.1,perera_suzuki_miyaura_2018,S5,PERERA_SM_2834,S5_cross_partition_group_tuple_cell
CondRxnBench-Benchmark-v0.1-splits-candidate.1,perera_suzuki_miyaura_2018,S5,PERERA_SM_2835,S5_cross_partition_group_tuple_cell
CondRxnBench-Benchmark-v0.1-splits-candidate.1,perera_suzuki_miyaura_2018,S5,PERERA_SM_2837,S5_cross_partition_group_tuple_cell
CondRxnBench-Benchmark-v0.1-splits-candidate.1,perera_suzuki_miyaura_2018,S5,PERERA_SM_2838,S5_cross_partition_group_tuple_cell
CondRxnBench-Benchmark-v0.1-splits-candidate.1,perera_suzuki_miyaura_2018,S5,PERERA_SM_2839,S5_cross_partition_group_tuple_cell
CondRxnBench-Benchmark-v0.1-splits-candidate.1,perera_suzuki_miyaura_2018,S5,PERERA_SM_2840,S5_cross_partition_group_tuple_cell
CondRxnBench-Benchmark-v0.1-splits-candidate.1,perera_suzuki_miyaura_2018,S5,PERERA_SM_2841,S5_cross_partition_group_tuple_cell
CondRxnBench-Benchmark-v0.1-splits-candidate.1,perera_suzuki_miyaura_2018,S5,PERERA_SM_2842,S5_cross_partition_group_tuple_cell
CondRxnBench-Benchmark-v0.1-splits-candidate.1,perera_suzuki_miyaura_2018,S5,PERERA_SM_2843,S5_cross_partition_group_tuple_cell
CondRxnBench-Benchmark-v0.1-splits-candidate.1,perera_suzuki_miyaura_2018,S5,PERERA_SM_2844,S5_cross_partition_group_tuple_cell
CondRxnBench-Benchmark-v0.1-splits-candidate.1,perera_suzuki_miyaura_2018,S5,PERERA_SM_2845,S5_cross_partition_group_tuple_cell
CondRxnBench-Benchmark-v0.1-splits-candidate.1,perera_suzuki_miyaura_2018,S5,PERERA_SM_2846,S5_cross_partition_group_tuple_cell
CondRxnBench-Benchmark-v0.1-splits-candidate.1,perera_suzuki_miyaura_2018,S5,PERERA_SM_2848,S5_cross_partition_group_tuple_cell
CondRxnBench-Benchmark-v0.1-splits-candidate.1,perera_suzuki_miyaura_2018,S5,PERERA_SM_2851,S5_cross_partition_group_tuple_cell
CondRxnBench-Benchmark-v0.1-splits-candidate.1,perera_suzuki_miyaura_2018,S5,PERERA_SM_2852,S5_cross_partition_group_tuple_cell
CondRxnBench-Benchmark-v0.1-splits-candidate.1,perera_suzuki_miyaura_2018,S5,PERERA_SM_2854,S5_cross_partition_group_tuple_cell
CondRxnBench-Benchmark-v0.1-splits-candidate.1,perera_suzuki_miyaura_2018,S5,PERERA_SM_2855,S5_cross_partition_group_tuple_cell
CondRxnBench-Benchmark-v0.1-splits-candidate.1,perera_suzuki_miyaura_2018,S5,PERERA_SM_2856,S5_cross_partition_group_tuple_cell
CondRxnBench-Benchmark-v0.1-splits-candidate.1,perera_suzuki_miyaura_2018,S5,PERERA_SM_2857,S5_cross_partition_group_tuple_cell
CondRxnBench-Benchmark-v0.1-splits-candidate.1,perera_suzuki_miyaura_2018,S5,PERERA_SM_2858,S5_cross_partition_group_tuple_cell
CondRxnBench-Benchmark-v0.1-splits-candidate.1,perera_suzuki_miyaura_2018,S5,PERERA_SM_2859,S5_cross_partition_group_tuple_cell
CondRxnBench-Benchmark-v0.1-splits-candidate.1,perera_suzuki_miyaura_2018,S5,PERERA_SM_2860,S5_cross_partition_group_tuple_cell
CondRxnBench-Benchmark-v0.1-splits-candidate.1,perera_suzuki_miyaura_2018,S5,PERERA_SM_2861,S5_cross_partition_group_tuple_cell
CondRxnBench-Benchmark-v0.1-splits-candidate.1,perera_suzuki_miyaura_2018,S5,PERERA_SM_2862,S5_cross_partition_group_tuple_cell
CondRxnBench-Benchmark-v0.1-splits-candidate.1,perera_suzuki_miyaura_2018,S5,PERERA_SM_2863,S5_cross_partition_group_tuple_cell
CondRxnBench-Benchmark-v0.1-splits-candidate.1,perera_suzuki_miyaura_2018,S5,PERERA_SM_2864,S5_cross_partition_group_tuple_cell
CondRxnBench-Benchmark-v0.1-splits-candidate.1,perera_suzuki_miyaura_2018,S5,PERERA_SM_2865,S5_cross_partition_group_tuple_cell
CondRxnBench-Benchmark-v0.1-splits-candidate.1,perera_suzuki_miyaura_2018,S5,PERERA_SM_2866,S5_cross_partition_group_tuple_cell
CondRxnBench-Benchmark-v0.1-splits-candidate.1,perera_suzuki_miyaura_2018,S5,PERERA_SM_2867,S5_cross_partition_group_tuple_cell
CondRxnBench-Benchmark-v0.1-splits-candidate.1,perera_suzuki_miyaura_2018,S5,PERERA_SM_2868,S5_cross_partition_group_tuple_cell
CondRxnBench-Benchmark-v0.1-splits-candidate.1,perera_suzuki_miyaura_2018,S5,PERERA_SM_2869,S5_cross_partition_group_tuple_cell
CondRxnBench-Benchmark-v0.1-splits-candidate.1,perera_suzuki_miyaura_2018,S5,PERERA_SM_2870,S5_cross_partition_group_tuple_cell
CondRxnBench-Benchmark-v0.1-splits-candidate.1,perera_suzuki_miyaura_2018,S5,PERERA_SM_2871,S5_cross_partition_group_tuple_cell
CondRxnBench-Benchmark-v0.1-splits-candidate.1,perera_suzuki_miyaura_2018,S5,PERERA_SM_2872,S5_cross_partition_group_tuple_cell
CondRxnBench-Benchmark-v0.1-splits-candidate.1,perera_suzuki_miyaura_2018,S5,PERERA_SM_2873,S5_cross_partition_group_tuple_cell
CondRxnBench-Benchmark-v0.1-splits-candidate.1,perera_suzuki_miyaura_2018,S5,PERERA_SM_2874,S5_cross_partition_group_tuple_cell
CondRxnBench-Benchmark-v0.1-splits-candidate.1,perera_suzuki_miyaura_2018,S5,PERERA_SM_2876,S5_cross_partition_group_tuple_cell
CondRxnBench-Benchmark-v0.1-splits-candidate.1,perera_suzuki_miyaura_2018,S5,PERERA_SM_2877,S5_cross_partition_group_tuple_cell
CondRxnBench-Benchmark-v0.1-splits-candidate.1,perera_suzuki_miyaura_2018,S5,PERERA_SM_2880,S5_cross_partition_group_tuple_cell
CondRxnBench-Benchmark-v0.1-splits-candidate.1,perera_suzuki_miyaura_2018,S5,PERERA_SM_2881,S5_cross_partition_group_tuple_cell
CondRxnBench-Benchmark-v0.1-splits-candidate.1,perera_suzuki_miyaura_2018,S5,PERERA_SM_2882,S5_cross_partition_group_tuple_cell
CondRxnBench-Benchmark-v0.1-splits-candidate.1,perera_suzuki_miyaura_2018,S5,PERERA_SM_2883,S5_cross_partition_group_tuple_cell
CondRxnBench-Benchmark-v0.1-splits-candidate.1,perera_suzuki_miyaura_2018,S5,PERERA_SM_2884,S5_cross_partition_group_tuple_cell
CondRxnBench-Benchmark-v0.1-splits-candidate.1,perera_suzuki_miyaura_2018,S5,PERERA_SM_2885,S5_cross_partition_group_tuple_cell
CondRxnBench-Benchmark-v0.1-splits-candidate.1,perera_suzuki_miyaura_2018,S5,PERERA_SM_2886,S5_cross_partition_group_tuple_cell
CondRxnBench-Benchmark-v0.1-splits-candidate.1,perera_suzuki_miyaura_2018,S5,PERERA_SM_2887,S5_cross_partition_group_tuple_cell
CondRxnBench-Benchmark-v0.1-splits-candidate.1,perera_suzuki_miyaura_2018,S5,PERERA_SM_2889,S5_cross_partition_group_tuple_cell
CondRxnBench-Benchmark-v0.1-splits-candidate.1,perera_suzuki_miyaura_2018,S5,PERERA_SM_2890,S5_cross_partition_group_tuple_cell
CondRxnBench-Benchmark-v0.1-splits-candidate.1,perera_suzuki_miyaura_2018,S5,PERERA_SM_2891,S5_cross_partition_group_tuple_cell
CondRxnBench-Benchmark-v0.1-splits-candidate.1,perera_suzuki_miyaura_2018,S5,PERERA_SM_2892,S5_cross_partition_group_tuple_cell
CondRxnBench-Benchmark-v0.1-splits-candidate.1,perera_suzuki_miyaura_2018,S5,PERERA_SM_2893,S5_cross_partition_group_tuple_cell
CondRxnBench-Benchmark-v0.1-splits-candidate.1,perera_suzuki_miyaura_2018,S5,PERERA_SM_2894,S5_cross_partition_group_tuple_cell
CondRxnBench-Benchmark-v0.1-splits-candidate.1,perera_suzuki_miyaura_2018,S5,PERERA_SM_2895,S5_cross_partition_group_tuple_cell
CondRxnBench-Benchmark-v0.1-splits-candidate.1,perera_suzuki_miyaura_2018,S5,PERERA_SM_2896,S5_cross_partition_group_tuple_cell
CondRxnBench-Benchmark-v0.1-splits-candidate.1,perera_suzuki_miyaura_2018,S5,PERERA_SM_2897,S5_cross_partition_group_tuple_cell
CondRxnBench-Benchmark-v0.1-splits-candidate.1,perera_suzuki_miyaura_2018,S5,PERERA_SM_2898,S5_cross_partition_group_tuple_cell
CondRxnBench-Benchmark-v0.1-splits-candidate.1,perera_suzuki_miyaura_2018,S5,PERERA_SM_2899,S5_cross_partition_group_tuple_cell
CondRxnBench-Benchmark-v0.1-splits-candidate.1,perera_suzuki_miyaura_2018,S5,PERERA_SM_2900,S5_cross_partition_group_tuple_cell
CondRxnBench-Benchmark-v0.1-splits-candidate.1,perera_suzuki_miyaura_2018,S5,PERERA_SM_2902,S5_cross_partition_group_tuple_cell
CondRxnBench-Benchmark-v0.1-splits-candidate.1,perera_suzuki_miyaura_2018,S5,PERERA_SM_2903,S5_cross_partition_group_tuple_cell
CondRxnBench-Benchmark-v0.1-splits-candidate.1,perera_suzuki_miyaura_2018,S5,PERERA_SM_2904,S5_cross_partition_group_tuple_cell
CondRxnBench-Benchmark-v0.1-splits-candidate.1,perera_suzuki_miyaura_2018,S5,PERERA_SM_2905,S5_cross_partition_group_tuple_cell
CondRxnBench-Benchmark-v0.1-splits-candidate.1,perera_suzuki_miyaura_2018,S5,PERERA_SM_2906,S5_cross_partition_group_tuple_cell
CondRxnBench-Benchmark-v0.1-splits-candidate.1,perera_suzuki_miyaura_2018,S5,PERERA_SM_2908,S5_cross_partition_group_tuple_cell
CondRxnBench-Benchmark-v0.1-splits-candidate.1,perera_suzuki_miyaura_2018,S5,PERERA_SM_2910,S5_cross_partition_group_tuple_cell
CondRxnBench-Benchmark-v0.1-splits-candidate.1,perera_suzuki_miyaura_2018,S5,PERERA_SM_2911,S5_cross_partition_group_tuple_cell
CondRxnBench-Benchmark-v0.1-splits-candidate.1,perera_suzuki_miyaura_2018,S5,PERERA_SM_2912,S5_cross_partition_group_tuple_cell
CondRxnBench-Benchmark-v0.1-splits-candidate.1,perera_suzuki_miyaura_2018,S5,PERERA_SM_2913,S5_cross_partition_group_tuple_cell
CondRxnBench-Benchmark-v0.1-splits-candidate.1,perera_suzuki_miyaura_2018,S5,PERERA_SM_2915,S5_cross_partition_group_tuple_cell
CondRxnBench-Benchmark-v0.1-splits-candidate.1,perera_suzuki_miyaura_2018,S5,PERERA_SM_2916,S5_cross_partition_group_tuple_cell
CondRxnBench-Benchmark-v0.1-splits-candidate.1,perera_suzuki_miyaura_2018,S5,PERERA_SM_2917,S5_cross_partition_group_tuple_cell
CondRxnBench-Benchmark-v0.1-splits-candidate.1,perera_suzuki_miyaura_2018,S5,PERERA_SM_2919,S5_cross_partition_group_tuple_cell
CondRxnBench-Benchmark-v0.1-splits-candidate.1,perera_suzuki_miyaura_2018,S5,PERERA_SM_2920,S5_cross_partition_group_tuple_cell
CondRxnBench-Benchmark-v0.1-splits-candidate.1,perera_suzuki_miyaura_2018,S5,PERERA_SM_2921,S5_cross_partition_group_tuple_cell
CondRxnBench-Benchmark-v0.1-splits-candidate.1,perera_suzuki_miyaura_2018,S5,PERERA_SM_2923,S5_cross_partition_group_tuple_cell
CondRxnBench-Benchmark-v0.1-splits-candidate.1,perera_suzuki_miyaura_2018,S5,PERERA_SM_2924,S5_cross_partition_group_tuple_cell
CondRxnBench-Benchmark-v0.1-splits-candidate.1,perera_suzuki_miyaura_2018,S5,PERERA_SM_2925,S5_cross_partition_group_tuple_cell
CondRxnBench-Benchmark-v0.1-splits-candidate.1,perera_suzuki_miyaura_2018,S5,PERERA_SM_2926,S5_cross_partition_group_tuple_cell
CondRxnBench-Benchmark-v0.1-splits-candidate.1,perera_suzuki_miyaura_2018,S5,PERERA_SM_2927,S5_cross_partition_group_tuple_cell
CondRxnBench-Benchmark-v0.1-splits-candidate.1,perera_suzuki_miyaura_2018,S5,PERERA_SM_2929,S5_cross_partition_group_tuple_cell
CondRxnBench-Benchmark-v0.1-splits-candidate.1,perera_suzuki_miyaura_2018,S5,PERERA_SM_2930,S5_cross_partition_group_tuple_cell
CondRxnBench-Benchmark-v0.1-splits-candidate.1,perera_suzuki_miyaura_2018,S5,PERERA_SM_2931,S5_cross_partition_group_tuple_cell
CondRxnBench-Benchmark-v0.1-splits-candidate.1,perera_suzuki_miyaura_2018,S5,PERERA_SM_2932,S5_cross_partition_group_tuple_cell
CondRxnBench-Benchmark-v0.1-splits-candidate.1,perera_suzuki_miyaura_2018,S5,PERERA_SM_2933,S5_cross_partition_group_tuple_cell
CondRxnBench-Benchmark-v0.1-splits-candidate.1,perera_suzuki_miyaura_2018,S5,PERERA_SM_2934,S5_cross_partition_group_tuple_cell
CondRxnBench-Benchmark-v0.1-splits-candidate.1,perera_suzuki_miyaura_2018,S5,PERERA_SM_2936,S5_cross_partition_group_tuple_cell
CondRxnBench-Benchmark-v0.1-splits-candidate.1,perera_suzuki_miyaura_2018,S5,PERERA_SM_2937,S5_cross_partition_group_tuple_cell
CondRxnBench-Benchmark-v0.1-splits-candidate.1,perera_suzuki_miyaura_2018,S5,PERERA_SM_2938,S5_cross_partition_group_tuple_cell
CondRxnBench-Benchmark-v0.1-splits-candidate.1,perera_suzuki_miyaura_2018,S5,PERERA_SM_2940,S5_cross_partition_group_tuple_cell
CondRxnBench-Benchmark-v0.1-splits-candidate.1,perera_suzuki_miyaura_2018,S5,PERERA_SM_2941,S5_cross_partition_group_tuple_cell
CondRxnBench-Benchmark-v0.1-splits-candidate.1,perera_suzuki_miyaura_2018,S5,PERERA_SM_2942,S5_cross_partition_group_tuple_cell
CondRxnBench-Benchmark-v0.1-splits-candidate.1,perera_suzuki_miyaura_2018,S5,PERERA_SM_2944,S5_cross_partition_group_tuple_cell
CondRxnBench-Benchmark-v0.1-splits-candidate.1,perera_suzuki_miyaura_2018,S5,PERERA_SM_2946,S5_cross_partition_group_tuple_cell
CondRxnBench-Benchmark-v0.1-splits-candidate.1,perera_suzuki_miyaura_2018,S5,PERERA_SM_2947,S5_cross_partition_group_tuple_cell
CondRxnBench-Benchmark-v0.1-splits-candidate.1,perera_suzuki_miyaura_2018,S5,PERERA_SM_2948,S5_cross_partition_group_tuple_cell
CondRxnBench-Benchmark-v0.1-splits-candidate.1,perera_suzuki_miyaura_2018,S5,PERERA_SM_2949,S5_cross_partition_group_tuple_cell
CondRxnBench-Benchmark-v0.1-splits-candidate.1,perera_suzuki_miyaura_2018,S5,PERERA_SM_2950,S5_cross_partition_group_tuple_cell
CondRxnBench-Benchmark-v0.1-splits-candidate.1,perera_suzuki_miyaura_2018,S5,PERERA_SM_2951,S5_cross_partition_group_tuple_cell
CondRxnBench-Benchmark-v0.1-splits-candidate.1,perera_suzuki_miyaura_2018,S5,PERERA_SM_2953,S5_cross_partition_group_tuple_cell
CondRxnBench-Benchmark-v0.1-splits-candidate.1,perera_suzuki_miyaura_2018,S5,PERERA_SM_2954,S5_cross_partition_group_tuple_cell
CondRxnBench-Benchmark-v0.1-splits-candidate.1,perera_suzuki_miyaura_2018,S5,PERERA_SM_2955,S5_cross_partition_group_tuple_cell
CondRxnBench-Benchmark-v0.1-splits-candidate.1,perera_suzuki_miyaura_2018,S5,PERERA_SM_2956,S5_cross_partition_group_tuple_cell
CondRxnBench-Benchmark-v0.1-splits-candidate.1,perera_suzuki_miyaura_2018,S5,PERERA_SM_2959,S5_cross_partition_group_tuple_cell
CondRxnBench-Benchmark-v0.1-splits-candidate.1,perera_suzuki_miyaura_2018,S5,PERERA_SM_2960,S5_cross_partition_group_tuple_cell
CondRxnBench-Benchmark-v0.1-splits-candidate.1,perera_suzuki_miyaura_2018,S5,PERERA_SM_2961,S5_cross_partition_group_tuple_cell
CondRxnBench-Benchmark-v0.1-splits-candidate.1,perera_suzuki_miyaura_2018,S5,PERERA_SM_2962,S5_cross_partition_group_tuple_cell
CondRxnBench-Benchmark-v0.1-splits-candidate.1,perera_suzuki_miyaura_2018,S5,PERERA_SM_2964,S5_cross_partition_group_tuple_cell
CondRxnBench-Benchmark-v0.1-splits-candidate.1,perera_suzuki_miyaura_2018,S5,PERERA_SM_2965,S5_cross_partition_group_tuple_cell
CondRxnBench-Benchmark-v0.1-splits-candidate.1,perera_suzuki_miyaura_2018,S5,PERERA_SM_2966,S5_cross_partition_group_tuple_cell
CondRxnBench-Benchmark-v0.1-splits-candidate.1,perera_suzuki_miyaura_2018,S5,PERERA_SM_2969,S5_cross_partition_group_tuple_cell
CondRxnBench-Benchmark-v0.1-splits-candidate.1,perera_suzuki_miyaura_2018,S5,PERERA_SM_2970,S5_cross_partition_group_tuple_cell
CondRxnBench-Benchmark-v0.1-splits-candidate.1,perera_suzuki_miyaura_2018,S5,PERERA_SM_2971,S5_cross_partition_group_tuple_cell
CondRxnBench-Benchmark-v0.1-splits-candidate.1,perera_suzuki_miyaura_2018,S5,PERERA_SM_2972,S5_cross_partition_group_tuple_cell
CondRxnBench-Benchmark-v0.1-splits-candidate.1,perera_suzuki_miyaura_2018,S5,PERERA_SM_2973,S5_cross_partition_group_tuple_cell
CondRxnBench-Benchmark-v0.1-splits-candidate.1,perera_suzuki_miyaura_2018,S5,PERERA_SM_2974,S5_cross_partition_group_tuple_cell
CondRxnBench-Benchmark-v0.1-splits-candidate.1,perera_suzuki_miyaura_2018,S5,PERERA_SM_2975,S5_cross_partition_group_tuple_cell
CondRxnBench-Benchmark-v0.1-splits-candidate.1,perera_suzuki_miyaura_2018,S5,PERERA_SM_2976,S5_cross_partition_group_tuple_cell
CondRxnBench-Benchmark-v0.1-splits-candidate.1,perera_suzuki_miyaura_2018,S5,PERERA_SM_2977,S5_cross_partition_group_tuple_cell
CondRxnBench-Benchmark-v0.1-splits-candidate.1,perera_suzuki_miyaura_2018,S5,PERERA_SM_2978,S5_cross_partition_group_tuple_cell
CondRxnBench-Benchmark-v0.1-splits-candidate.1,perera_suzuki_miyaura_2018,S5,PERERA_SM_2979,S5_cross_partition_group_tuple_cell
CondRxnBench-Benchmark-v0.1-splits-candidate.1,perera_suzuki_miyaura_2018,S5,PERERA_SM_2980,S5_cross_partition_group_tuple_cell
CondRxnBench-Benchmark-v0.1-splits-candidate.1,perera_suzuki_miyaura_2018,S5,PERERA_SM_2981,S5_cross_partition_group_tuple_cell
CondRxnBench-Benchmark-v0.1-splits-candidate.1,perera_suzuki_miyaura_2018,S5,PERERA_SM_2982,S5_cross_partition_group_tuple_cell
CondRxnBench-Benchmark-v0.1-splits-candidate.1,perera_suzuki_miyaura_2018,S5,PERERA_SM_2983,S5_cross_partition_group_tuple_cell
CondRxnBench-Benchmark-v0.1-splits-candidate.1,perera_suzuki_miyaura_2018,S5,PERERA_SM_2985,S5_cross_partition_group_tuple_cell
CondRxnBench-Benchmark-v0.1-splits-candidate.1,perera_suzuki_miyaura_2018,S5,PERERA_SM_2986,S5_cross_partition_group_tuple_cell
CondRxnBench-Benchmark-v0.1-splits-candidate.1,perera_suzuki_miyaura_2018,S5,PERERA_SM_2987,S5_cross_partition_group_tuple_cell
CondRxnBench-Benchmark-v0.1-splits-candidate.1,perera_suzuki_miyaura_2018,S5,PERERA_SM_2989,S5_cross_partition_group_tuple_cell
CondRxnBench-Benchmark-v0.1-splits-candidate.1,perera_suzuki_miyaura_2018,S5,PERERA_SM_2990,S5_cross_partition_group_tuple_cell
CondRxnBench-Benchmark-v0.1-splits-candidate.1,perera_suzuki_miyaura_2018,S5,PERERA_SM_2991,S5_cross_partition_group_tuple_cell
CondRxnBench-Benchmark-v0.1-splits-candidate.1,perera_suzuki_miyaura_2018,S5,PERERA_SM_2992,S5_cross_partition_group_tuple_cell
CondRxnBench-Benchmark-v0.1-splits-candidate.1,perera_suzuki_miyaura_2018,S5,PERERA_SM_2993,S5_cross_partition_group_tuple_cell
CondRxnBench-Benchmark-v0.1-splits-candidate.1,perera_suzuki_miyaura_2018,S5,PERERA_SM_2994,S5_cross_partition_group_tuple_cell
CondRxnBench-Benchmark-v0.1-splits-candidate.1,perera_suzuki_miyaura_2018,S5,PERERA_SM_2995,S5_cross_partition_group_tuple_cell
CondRxnBench-Benchmark-v0.1-splits-candidate.1,perera_suzuki_miyaura_2018,S5,PERERA_SM_2996,S5_cross_partition_group_tuple_cell
CondRxnBench-Benchmark-v0.1-splits-candidate.1,perera_suzuki_miyaura_2018,S5,PERERA_SM_2997,S5_cross_partition_group_tuple_cell
CondRxnBench-Benchmark-v0.1-splits-candidate.1,perera_suzuki_miyaura_2018,S5,PERERA_SM_2998,S5_cross_partition_group_tuple_cell
CondRxnBench-Benchmark-v0.1-splits-candidate.1,perera_suzuki_miyaura_2018,S5,PERERA_SM_2999,S5_cross_partition_group_tuple_cell
CondRxnBench-Benchmark-v0.1-splits-candidate.1,perera_suzuki_miyaura_2018,S5,PERERA_SM_3000,S5_cross_partition_group_tuple_cell
CondRxnBench-Benchmark-v0.1-splits-candidate.1,perera_suzuki_miyaura_2018,S5,PERERA_SM_3002,S5_cross_partition_group_tuple_cell
CondRxnBench-Benchmark-v0.1-splits-candidate.1,perera_suzuki_miyaura_2018,S5,PERERA_SM_3004,S5_cross_partition_group_tuple_cell
CondRxnBench-Benchmark-v0.1-splits-candidate.1,perera_suzuki_miyaura_2018,S5,PERERA_SM_3005,S5_cross_partition_group_tuple_cell
CondRxnBench-Benchmark-v0.1-splits-candidate.1,perera_suzuki_miyaura_2018,S5,PERERA_SM_3007,S5_cross_partition_group_tuple_cell
CondRxnBench-Benchmark-v0.1-splits-candidate.1,perera_suzuki_miyaura_2018,S5,PERERA_SM_3008,S5_cross_partition_group_tuple_cell
CondRxnBench-Benchmark-v0.1-splits-candidate.1,perera_suzuki_miyaura_2018,S5,PERERA_SM_3009,S5_cross_partition_group_tuple_cell
CondRxnBench-Benchmark-v0.1-splits-candidate.1,perera_suzuki_miyaura_2018,S5,PERERA_SM_3010,S5_cross_partition_group_tuple_cell
CondRxnBench-Benchmark-v0.1-splits-candidate.1,perera_suzuki_miyaura_2018,S5,PERERA_SM_3011,S5_cross_partition_group_tuple_cell
CondRxnBench-Benchmark-v0.1-splits-candidate.1,perera_suzuki_miyaura_2018,S5,PERERA_SM_3012,S5_cross_partition_group_tuple_cell
CondRxnBench-Benchmark-v0.1-splits-candidate.1,perera_suzuki_miyaura_2018,S5,PERERA_SM_3013,S5_cross_partition_group_tuple_cell
CondRxnBench-Benchmark-v0.1-splits-candidate.1,perera_suzuki_miyaura_2018,S5,PERERA_SM_3015,S5_cross_partition_group_tuple_cell
CondRxnBench-Benchmark-v0.1-splits-candidate.1,perera_suzuki_miyaura_2018,S5,PERERA_SM_3016,S5_cross_partition_group_tuple_cell
CondRxnBench-Benchmark-v0.1-splits-candidate.1,perera_suzuki_miyaura_2018,S5,PERERA_SM_3017,S5_cross_partition_group_tuple_cell
CondRxnBench-Benchmark-v0.1-splits-candidate.1,perera_suzuki_miyaura_2018,S5,PERERA_SM_3019,S5_cross_partition_group_tuple_cell
CondRxnBench-Benchmark-v0.1-splits-candidate.1,perera_suzuki_miyaura_2018,S5,PERERA_SM_3020,S5_cross_partition_group_tuple_cell
CondRxnBench-Benchmark-v0.1-splits-candidate.1,perera_suzuki_miyaura_2018,S5,PERERA_SM_3021,S5_cross_partition_group_tuple_cell
CondRxnBench-Benchmark-v0.1-splits-candidate.1,perera_suzuki_miyaura_2018,S5,PERERA_SM_3022,S5_cross_partition_group_tuple_cell
CondRxnBench-Benchmark-v0.1-splits-candidate.1,perera_suzuki_miyaura_2018,S5,PERERA_SM_3023,S5_cross_partition_group_tuple_cell
CondRxnBench-Benchmark-v0.1-splits-candidate.1,perera_suzuki_miyaura_2018,S5,PERERA_SM_3024,S5_cross_partition_group_tuple_cell
CondRxnBench-Benchmark-v0.1-splits-candidate.1,perera_suzuki_miyaura_2018,S5,PERERA_SM_3025,S5_cross_partition_group_tuple_cell
CondRxnBench-Benchmark-v0.1-splits-candidate.1,perera_suzuki_miyaura_2018,S5,PERERA_SM_3026,S5_cross_partition_group_tuple_cell
CondRxnBench-Benchmark-v0.1-splits-candidate.1,perera_suzuki_miyaura_2018,S5,PERERA_SM_3027,S5_cross_partition_group_tuple_cell
CondRxnBench-Benchmark-v0.1-splits-candidate.1,perera_suzuki_miyaura_2018,S5,PERERA_SM_3028,S5_cross_partition_group_tuple_cell
CondRxnBench-Benchmark-v0.1-splits-candidate.1,perera_suzuki_miyaura_2018,S5,PERERA_SM_3029,S5_cross_partition_group_tuple_cell
CondRxnBench-Benchmark-v0.1-splits-candidate.1,perera_suzuki_miyaura_2018,S5,PERERA_SM_3030,S5_cross_partition_group_tuple_cell
CondRxnBench-Benchmark-v0.1-splits-candidate.1,perera_suzuki_miyaura_2018,S5,PERERA_SM_3031,S5_cross_partition_group_tuple_cell
CondRxnBench-Benchmark-v0.1-splits-candidate.1,perera_suzuki_miyaura_2018,S5,PERERA_SM_3032,S5_cross_partition_group_tuple_cell
CondRxnBench-Benchmark-v0.1-splits-candidate.1,perera_suzuki_miyaura_2018,S5,PERERA_SM_3033,S5_cross_partition_group_tuple_cell
CondRxnBench-Benchmark-v0.1-splits-candidate.1,perera_suzuki_miyaura_2018,S5,PERERA_SM_3034,S5_cross_partition_group_tuple_cell
CondRxnBench-Benchmark-v0.1-splits-candidate.1,perera_suzuki_miyaura_2018,S5,PERERA_SM_3035,S5_cross_partition_group_tuple_cell
CondRxnBench-Benchmark-v0.1-splits-candidate.1,perera_suzuki_miyaura_2018,S5,PERERA_SM_3036,S5_cross_partition_group_tuple_cell
CondRxnBench-Benchmark-v0.1-splits-candidate.1,perera_suzuki_miyaura_2018,S5,PERERA_SM_3037,S5_cross_partition_group_tuple_cell
CondRxnBench-Benchmark-v0.1-splits-candidate.1,perera_suzuki_miyaura_2018,S5,PERERA_SM_3038,S5_cross_partition_group_tuple_cell
CondRxnBench-Benchmark-v0.1-splits-candidate.1,perera_suzuki_miyaura_2018,S5,PERERA_SM_3039,S5_cross_partition_group_tuple_cell
CondRxnBench-Benchmark-v0.1-splits-candidate.1,perera_suzuki_miyaura_2018,S5,PERERA_SM_3040,S5_cross_partition_group_tuple_cell
CondRxnBench-Benchmark-v0.1-splits-candidate.1,perera_suzuki_miyaura_2018,S5,PERERA_SM_3041,S5_cross_partition_group_tuple_cell
CondRxnBench-Benchmark-v0.1-splits-candidate.1,perera_suzuki_miyaura_2018,S5,PERERA_SM_3042,S5_cross_partition_group_tuple_cell
CondRxnBench-Benchmark-v0.1-splits-candidate.1,perera_suzuki_miyaura_2018,S5,PERERA_SM_3043,S5_cross_partition_group_tuple_cell
CondRxnBench-Benchmark-v0.1-splits-candidate.1,perera_suzuki_miyaura_2018,S5,PERERA_SM_3044,S5_cross_partition_group_tuple_cell
CondRxnBench-Benchmark-v0.1-splits-candidate.1,perera_suzuki_miyaura_2018,S5,PERERA_SM_3045,S5_cross_partition_group_tuple_cell
CondRxnBench-Benchmark-v0.1-splits-candidate.1,perera_suzuki_miyaura_2018,S5,PERERA_SM_3046,S5_cross_partition_group_tuple_cell
CondRxnBench-Benchmark-v0.1-splits-candidate.1,perera_suzuki_miyaura_2018,S5,PERERA_SM_3047,S5_cross_partition_group_tuple_cell
CondRxnBench-Benchmark-v0.1-splits-candidate.1,perera_suzuki_miyaura_2018,S5,PERERA_SM_3049,S5_cross_partition_group_tuple_cell
CondRxnBench-Benchmark-v0.1-splits-candidate.1,perera_suzuki_miyaura_2018,S5,PERERA_SM_3050,S5_cross_partition_group_tuple_cell
CondRxnBench-Benchmark-v0.1-splits-candidate.1,perera_suzuki_miyaura_2018,S5,PERERA_SM_3051,S5_cross_partition_group_tuple_cell
CondRxnBench-Benchmark-v0.1-splits-candidate.1,perera_suzuki_miyaura_2018,S5,PERERA_SM_3052,S5_cross_partition_group_tuple_cell
CondRxnBench-Benchmark-v0.1-splits-candidate.1,perera_suzuki_miyaura_2018,S5,PERERA_SM_3053,S5_cross_partition_group_tuple_cell
CondRxnBench-Benchmark-v0.1-splits-candidate.1,perera_suzuki_miyaura_2018,S5,PERERA_SM_3054,S5_cross_partition_group_tuple_cell
CondRxnBench-Benchmark-v0.1-splits-candidate.1,perera_suzuki_miyaura_2018,S5,PERERA_SM_3055,S5_cross_partition_group_tuple_cell
CondRxnBench-Benchmark-v0.1-splits-candidate.1,perera_suzuki_miyaura_2018,S5,PERERA_SM_3056,S5_cross_partition_group_tuple_cell
CondRxnBench-Benchmark-v0.1-splits-candidate.1,perera_suzuki_miyaura_2018,S5,PERERA_SM_3057,S5_cross_partition_group_tuple_cell
CondRxnBench-Benchmark-v0.1-splits-candidate.1,perera_suzuki_miyaura_2018,S5,PERERA_SM_3059,S5_cross_partition_group_tuple_cell
CondRxnBench-Benchmark-v0.1-splits-candidate.1,perera_suzuki_miyaura_2018,S5,PERERA_SM_3060,S5_cross_partition_group_tuple_cell
CondRxnBench-Benchmark-v0.1-splits-candidate.1,perera_suzuki_miyaura_2018,S5,PERERA_SM_3061,S5_cross_partition_group_tuple_cell
CondRxnBench-Benchmark-v0.1-splits-candidate.1,perera_suzuki_miyaura_2018,S5,PERERA_SM_3062,S5_cross_partition_group_tuple_cell
CondRxnBench-Benchmark-v0.1-splits-candidate.1,perera_suzuki_miyaura_2018,S5,PERERA_SM_3063,S5_cross_partition_group_tuple_cell
CondRxnBench-Benchmark-v0.1-splits-candidate.1,perera_suzuki_miyaura_2018,S5,PERERA_SM_3064,S5_cross_partition_group_tuple_cell
CondRxnBench-Benchmark-v0.1-splits-candidate.1,perera_suzuki_miyaura_2018,S5,PERERA_SM_3065,S5_cross_partition_group_tuple_cell
CondRxnBench-Benchmark-v0.1-splits-candidate.1,perera_suzuki_miyaura_2018,S5,PERERA_SM_3066,S5_cross_partition_group_tuple_cell
CondRxnBench-Benchmark-v0.1-splits-candidate.1,perera_suzuki_miyaura_2018,S5,PERERA_SM_3067,S5_cross_partition_group_tuple_cell
CondRxnBench-Benchmark-v0.1-splits-candidate.1,perera_suzuki_miyaura_2018,S5,PERERA_SM_3068,S5_cross_partition_group_tuple_cell
CondRxnBench-Benchmark-v0.1-splits-candidate.1,perera_suzuki_miyaura_2018,S5,PERERA_SM_3069,S5_cross_partition_group_tuple_cell
CondRxnBench-Benchmark-v0.1-splits-candidate.1,perera_suzuki_miyaura_2018,S5,PERERA_SM_3070,S5_cross_partition_group_tuple_cell
CondRxnBench-Benchmark-v0.1-splits-candidate.1,perera_suzuki_miyaura_2018,S5,PERERA_SM_3071,S5_cross_partition_group_tuple_cell
CondRxnBench-Benchmark-v0.1-splits-candidate.1,perera_suzuki_miyaura_2018,S5,PERERA_SM_3072,S5_cross_partition_group_tuple_cell
CondRxnBench-Benchmark-v0.1-splits-candidate.1,perera_suzuki_miyaura_2018,S5,PERERA_SM_3079,S5_cross_partition_group_tuple_cell
CondRxnBench-Benchmark-v0.1-splits-candidate.1,perera_suzuki_miyaura_2018,S5,PERERA_SM_3080,S5_cross_partition_group_tuple_cell
CondRxnBench-Benchmark-v0.1-splits-candidate.1,perera_suzuki_miyaura_2018,S5,PERERA_SM_3081,S5_cross_partition_group_tuple_cell
CondRxnBench-Benchmark-v0.1-splits-candidate.1,perera_suzuki_miyaura_2018,S5,PERERA_SM_3082,S5_cross_partition_group_tuple_cell
CondRxnBench-Benchmark-v0.1-splits-candidate.1,perera_suzuki_miyaura_2018,S5,PERERA_SM_3084,S5_cross_partition_group_tuple_cell
CondRxnBench-Benchmark-v0.1-splits-candidate.1,perera_suzuki_miyaura_2018,S5,PERERA_SM_3085,S5_cross_partition_group_tuple_cell
CondRxnBench-Benchmark-v0.1-splits-candidate.1,perera_suzuki_miyaura_2018,S5,PERERA_SM_3094,S5_cross_partition_group_tuple_cell
CondRxnBench-Benchmark-v0.1-splits-candidate.1,perera_suzuki_miyaura_2018,S5,PERERA_SM_3100,S5_cross_partition_group_tuple_cell
CondRxnBench-Benchmark-v0.1-splits-candidate.1,perera_suzuki_miyaura_2018,S5,PERERA_SM_3101,S5_cross_partition_group_tuple_cell
CondRxnBench-Benchmark-v0.1-splits-candidate.1,perera_suzuki_miyaura_2018,S5,PERERA_SM_3102,S5_cross_partition_group_tuple_cell
CondRxnBench-Benchmark-v0.1-splits-candidate.1,perera_suzuki_miyaura_2018,S5,PERERA_SM_3105,S5_cross_partition_group_tuple_cell
CondRxnBench-Benchmark-v0.1-splits-candidate.1,perera_suzuki_miyaura_2018,S5,PERERA_SM_3108,S5_cross_partition_group_tuple_cell
CondRxnBench-Benchmark-v0.1-splits-candidate.1,perera_suzuki_miyaura_2018,S5,PERERA_SM_3109,S5_cross_partition_group_tuple_cell
CondRxnBench-Benchmark-v0.1-splits-candidate.1,perera_suzuki_miyaura_2018,S5,PERERA_SM_3112,S5_cross_partition_group_tuple_cell
CondRxnBench-Benchmark-v0.1-splits-candidate.1,perera_suzuki_miyaura_2018,S5,PERERA_SM_3116,S5_cross_partition_group_tuple_cell
CondRxnBench-Benchmark-v0.1-splits-candidate.1,perera_suzuki_miyaura_2018,S5,PERERA_SM_3118,S5_cross_partition_group_tuple_cell
CondRxnBench-Benchmark-v0.1-splits-candidate.1,perera_suzuki_miyaura_2018,S5,PERERA_SM_3119,S5_cross_partition_group_tuple_cell
CondRxnBench-Benchmark-v0.1-splits-candidate.1,perera_suzuki_miyaura_2018,S5,PERERA_SM_3127,S5_cross_partition_group_tuple_cell
CondRxnBench-Benchmark-v0.1-splits-candidate.1,perera_suzuki_miyaura_2018,S5,PERERA_SM_3132,S5_cross_partition_group_tuple_cell
CondRxnBench-Benchmark-v0.1-splits-candidate.1,perera_suzuki_miyaura_2018,S5,PERERA_SM_3140,S5_cross_partition_group_tuple_cell
CondRxnBench-Benchmark-v0.1-splits-candidate.1,perera_suzuki_miyaura_2018,S5,PERERA_SM_3145,S5_cross_partition_group_tuple_cell
CondRxnBench-Benchmark-v0.1-splits-candidate.1,perera_suzuki_miyaura_2018,S5,PERERA_SM_3146,S5_cross_partition_group_tuple_cell
CondRxnBench-Benchmark-v0.1-splits-candidate.1,perera_suzuki_miyaura_2018,S5,PERERA_SM_3164,S5_cross_partition_group_tuple_cell
CondRxnBench-Benchmark-v0.1-splits-candidate.1,perera_suzuki_miyaura_2018,S5,PERERA_SM_3169,S5_cross_partition_group_tuple_cell
CondRxnBench-Benchmark-v0.1-splits-candidate.1,perera_suzuki_miyaura_2018,S5,PERERA_SM_3176,S5_cross_partition_group_tuple_cell
CondRxnBench-Benchmark-v0.1-splits-candidate.1,perera_suzuki_miyaura_2018,S5,PERERA_SM_3179,S5_cross_partition_group_tuple_cell
CondRxnBench-Benchmark-v0.1-splits-candidate.1,perera_suzuki_miyaura_2018,S5,PERERA_SM_3180,S5_cross_partition_group_tuple_cell
CondRxnBench-Benchmark-v0.1-splits-candidate.1,perera_suzuki_miyaura_2018,S5,PERERA_SM_3181,S5_cross_partition_group_tuple_cell
CondRxnBench-Benchmark-v0.1-splits-candidate.1,perera_suzuki_miyaura_2018,S5,PERERA_SM_3182,S5_cross_partition_group_tuple_cell
CondRxnBench-Benchmark-v0.1-splits-candidate.1,perera_suzuki_miyaura_2018,S5,PERERA_SM_3183,S5_cross_partition_group_tuple_cell
CondRxnBench-Benchmark-v0.1-splits-candidate.1,perera_suzuki_miyaura_2018,S5,PERERA_SM_3184,S5_cross_partition_group_tuple_cell
CondRxnBench-Benchmark-v0.1-splits-candidate.1,perera_suzuki_miyaura_2018,S5,PERERA_SM_3188,S5_cross_partition_group_tuple_cell
CondRxnBench-Benchmark-v0.1-splits-candidate.1,perera_suzuki_miyaura_2018,S5,PERERA_SM_3196,S5_cross_partition_group_tuple_cell
CondRxnBench-Benchmark-v0.1-splits-candidate.1,perera_suzuki_miyaura_2018,S5,PERERA_SM_3197,S5_cross_partition_group_tuple_cell
CondRxnBench-Benchmark-v0.1-splits-candidate.1,perera_suzuki_miyaura_2018,S5,PERERA_SM_3201,S5_cross_partition_group_tuple_cell
CondRxnBench-Benchmark-v0.1-splits-candidate.1,perera_suzuki_miyaura_2018,S5,PERERA_SM_3208,S5_cross_partition_group_tuple_cell
CondRxnBench-Benchmark-v0.1-splits-candidate.1,perera_suzuki_miyaura_2018,S5,PERERA_SM_3210,S5_cross_partition_group_tuple_cell
CondRxnBench-Benchmark-v0.1-splits-candidate.1,perera_suzuki_miyaura_2018,S5,PERERA_SM_3211,S5_cross_partition_group_tuple_cell
CondRxnBench-Benchmark-v0.1-splits-candidate.1,perera_suzuki_miyaura_2018,S5,PERERA_SM_3212,S5_cross_partition_group_tuple_cell
CondRxnBench-Benchmark-v0.1-splits-candidate.1,perera_suzuki_miyaura_2018,S5,PERERA_SM_3213,S5_cross_partition_group_tuple_cell
CondRxnBench-Benchmark-v0.1-splits-candidate.1,perera_suzuki_miyaura_2018,S5,PERERA_SM_3214,S5_cross_partition_group_tuple_cell
CondRxnBench-Benchmark-v0.1-splits-candidate.1,perera_suzuki_miyaura_2018,S5,PERERA_SM_3216,S5_cross_partition_group_tuple_cell
CondRxnBench-Benchmark-v0.1-splits-candidate.1,perera_suzuki_miyaura_2018,S5,PERERA_SM_3220,S5_cross_partition_group_tuple_cell
CondRxnBench-Benchmark-v0.1-splits-candidate.1,perera_suzuki_miyaura_2018,S5,PERERA_SM_3222,S5_cross_partition_group_tuple_cell
CondRxnBench-Benchmark-v0.1-splits-candidate.1,perera_suzuki_miyaura_2018,S5,PERERA_SM_3223,S5_cross_partition_group_tuple_cell
CondRxnBench-Benchmark-v0.1-splits-candidate.1,perera_suzuki_miyaura_2018,S5,PERERA_SM_3224,S5_cross_partition_group_tuple_cell
CondRxnBench-Benchmark-v0.1-splits-candidate.1,perera_suzuki_miyaura_2018,S5,PERERA_SM_3228,S5_cross_partition_group_tuple_cell
CondRxnBench-Benchmark-v0.1-splits-candidate.1,perera_suzuki_miyaura_2018,S5,PERERA_SM_3229,S5_cross_partition_group_tuple_cell
CondRxnBench-Benchmark-v0.1-splits-candidate.1,perera_suzuki_miyaura_2018,S5,PERERA_SM_3232,S5_cross_partition_group_tuple_cell
CondRxnBench-Benchmark-v0.1-splits-candidate.1,perera_suzuki_miyaura_2018,S5,PERERA_SM_3235,S5_cross_partition_group_tuple_cell
CondRxnBench-Benchmark-v0.1-splits-candidate.1,perera_suzuki_miyaura_2018,S5,PERERA_SM_3236,S5_cross_partition_group_tuple_cell
CondRxnBench-Benchmark-v0.1-splits-candidate.1,perera_suzuki_miyaura_2018,S5,PERERA_SM_3237,S5_cross_partition_group_tuple_cell
CondRxnBench-Benchmark-v0.1-splits-candidate.1,perera_suzuki_miyaura_2018,S5,PERERA_SM_3241,S5_cross_partition_group_tuple_cell
CondRxnBench-Benchmark-v0.1-splits-candidate.1,perera_suzuki_miyaura_2018,S5,PERERA_SM_3245,S5_cross_partition_group_tuple_cell
CondRxnBench-Benchmark-v0.1-splits-candidate.1,perera_suzuki_miyaura_2018,S5,PERERA_SM_3248,S5_cross_partition_group_tuple_cell
CondRxnBench-Benchmark-v0.1-splits-candidate.1,perera_suzuki_miyaura_2018,S5,PERERA_SM_3252,S5_cross_partition_group_tuple_cell
CondRxnBench-Benchmark-v0.1-splits-candidate.1,perera_suzuki_miyaura_2018,S5,PERERA_SM_3255,S5_cross_partition_group_tuple_cell
CondRxnBench-Benchmark-v0.1-splits-candidate.1,perera_suzuki_miyaura_2018,S5,PERERA_SM_3261,S5_cross_partition_group_tuple_cell
CondRxnBench-Benchmark-v0.1-splits-candidate.1,perera_suzuki_miyaura_2018,S5,PERERA_SM_3268,S5_cross_partition_group_tuple_cell
CondRxnBench-Benchmark-v0.1-splits-candidate.1,perera_suzuki_miyaura_2018,S5,PERERA_SM_3269,S5_cross_partition_group_tuple_cell
CondRxnBench-Benchmark-v0.1-splits-candidate.1,perera_suzuki_miyaura_2018,S5,PERERA_SM_3275,S5_cross_partition_group_tuple_cell
CondRxnBench-Benchmark-v0.1-splits-candidate.1,perera_suzuki_miyaura_2018,S5,PERERA_SM_3277,S5_cross_partition_group_tuple_cell
CondRxnBench-Benchmark-v0.1-splits-candidate.1,perera_suzuki_miyaura_2018,S5,PERERA_SM_3278,S5_cross_partition_group_tuple_cell
CondRxnBench-Benchmark-v0.1-splits-candidate.1,perera_suzuki_miyaura_2018,S5,PERERA_SM_3280,S5_cross_partition_group_tuple_cell
CondRxnBench-Benchmark-v0.1-splits-candidate.1,perera_suzuki_miyaura_2018,S5,PERERA_SM_3285,S5_cross_partition_group_tuple_cell
CondRxnBench-Benchmark-v0.1-splits-candidate.1,perera_suzuki_miyaura_2018,S5,PERERA_SM_3291,S5_cross_partition_group_tuple_cell
CondRxnBench-Benchmark-v0.1-splits-candidate.1,perera_suzuki_miyaura_2018,S5,PERERA_SM_3294,S5_cross_partition_group_tuple_cell
CondRxnBench-Benchmark-v0.1-splits-candidate.1,perera_suzuki_miyaura_2018,S5,PERERA_SM_3296,S5_cross_partition_group_tuple_cell
CondRxnBench-Benchmark-v0.1-splits-candidate.1,perera_suzuki_miyaura_2018,S5,PERERA_SM_3300,S5_cross_partition_group_tuple_cell
CondRxnBench-Benchmark-v0.1-splits-candidate.1,perera_suzuki_miyaura_2018,S5,PERERA_SM_3301,S5_cross_partition_group_tuple_cell
CondRxnBench-Benchmark-v0.1-splits-candidate.1,perera_suzuki_miyaura_2018,S5,PERERA_SM_3304,S5_cross_partition_group_tuple_cell
CondRxnBench-Benchmark-v0.1-splits-candidate.1,perera_suzuki_miyaura_2018,S5,PERERA_SM_3306,S5_cross_partition_group_tuple_cell
CondRxnBench-Benchmark-v0.1-splits-candidate.1,perera_suzuki_miyaura_2018,S5,PERERA_SM_3307,S5_cross_partition_group_tuple_cell
CondRxnBench-Benchmark-v0.1-splits-candidate.1,perera_suzuki_miyaura_2018,S5,PERERA_SM_3310,S5_cross_partition_group_tuple_cell
CondRxnBench-Benchmark-v0.1-splits-candidate.1,perera_suzuki_miyaura_2018,S5,PERERA_SM_3314,S5_cross_partition_group_tuple_cell
CondRxnBench-Benchmark-v0.1-splits-candidate.1,perera_suzuki_miyaura_2018,S5,PERERA_SM_3315,S5_cross_partition_group_tuple_cell
CondRxnBench-Benchmark-v0.1-splits-candidate.1,perera_suzuki_miyaura_2018,S5,PERERA_SM_3322,S5_cross_partition_group_tuple_cell
CondRxnBench-Benchmark-v0.1-splits-candidate.1,perera_suzuki_miyaura_2018,S5,PERERA_SM_3326,S5_cross_partition_group_tuple_cell
CondRxnBench-Benchmark-v0.1-splits-candidate.1,perera_suzuki_miyaura_2018,S5,PERERA_SM_3330,S5_cross_partition_group_tuple_cell
CondRxnBench-Benchmark-v0.1-splits-candidate.1,perera_suzuki_miyaura_2018,S5,PERERA_SM_3331,S5_cross_partition_group_tuple_cell
CondRxnBench-Benchmark-v0.1-splits-candidate.1,perera_suzuki_miyaura_2018,S5,PERERA_SM_3336,S5_cross_partition_group_tuple_cell
CondRxnBench-Benchmark-v0.1-splits-candidate.1,perera_suzuki_miyaura_2018,S5,PERERA_SM_3340,S5_cross_partition_group_tuple_cell
CondRxnBench-Benchmark-v0.1-splits-candidate.1,perera_suzuki_miyaura_2018,S5,PERERA_SM_3342,S5_cross_partition_group_tuple_cell
CondRxnBench-Benchmark-v0.1-splits-candidate.1,perera_suzuki_miyaura_2018,S5,PERERA_SM_3347,S5_cross_partition_group_tuple_cell
CondRxnBench-Benchmark-v0.1-splits-candidate.1,perera_suzuki_miyaura_2018,S5,PERERA_SM_3349,S5_cross_partition_group_tuple_cell
CondRxnBench-Benchmark-v0.1-splits-candidate.1,perera_suzuki_miyaura_2018,S5,PERERA_SM_3351,S5_cross_partition_group_tuple_cell
CondRxnBench-Benchmark-v0.1-splits-candidate.1,perera_suzuki_miyaura_2018,S5,PERERA_SM_3355,S5_cross_partition_group_tuple_cell
CondRxnBench-Benchmark-v0.1-splits-candidate.1,perera_suzuki_miyaura_2018,S5,PERERA_SM_3359,S5_cross_partition_group_tuple_cell
CondRxnBench-Benchmark-v0.1-splits-candidate.1,perera_suzuki_miyaura_2018,S5,PERERA_SM_3365,S5_cross_partition_group_tuple_cell
CondRxnBench-Benchmark-v0.1-splits-candidate.1,perera_suzuki_miyaura_2018,S5,PERERA_SM_3373,S5_cross_partition_group_tuple_cell
CondRxnBench-Benchmark-v0.1-splits-candidate.1,perera_suzuki_miyaura_2018,S5,PERERA_SM_3374,S5_cross_partition_group_tuple_cell
CondRxnBench-Benchmark-v0.1-splits-candidate.1,perera_suzuki_miyaura_2018,S5,PERERA_SM_3375,S5_cross_partition_group_tuple_cell
CondRxnBench-Benchmark-v0.1-splits-candidate.1,perera_suzuki_miyaura_2018,S5,PERERA_SM_3380,S5_cross_partition_group_tuple_cell
CondRxnBench-Benchmark-v0.1-splits-candidate.1,perera_suzuki_miyaura_2018,S5,PERERA_SM_3381,S5_cross_partition_group_tuple_cell
CondRxnBench-Benchmark-v0.1-splits-candidate.1,perera_suzuki_miyaura_2018,S5,PERERA_SM_3385,S5_cross_partition_group_tuple_cell
CondRxnBench-Benchmark-v0.1-splits-candidate.1,perera_suzuki_miyaura_2018,S5,PERERA_SM_3386,S5_cross_partition_group_tuple_cell
CondRxnBench-Benchmark-v0.1-splits-candidate.1,perera_suzuki_miyaura_2018,S5,PERERA_SM_3391,S5_cross_partition_group_tuple_cell
CondRxnBench-Benchmark-v0.1-splits-candidate.1,perera_suzuki_miyaura_2018,S5,PERERA_SM_3392,S5_cross_partition_group_tuple_cell
CondRxnBench-Benchmark-v0.1-splits-candidate.1,perera_suzuki_miyaura_2018,S5,PERERA_SM_3396,S5_cross_partition_group_tuple_cell
CondRxnBench-Benchmark-v0.1-splits-candidate.1,perera_suzuki_miyaura_2018,S5,PERERA_SM_3397,S5_cross_partition_group_tuple_cell
CondRxnBench-Benchmark-v0.1-splits-candidate.1,perera_suzuki_miyaura_2018,S5,PERERA_SM_3399,S5_cross_partition_group_tuple_cell
CondRxnBench-Benchmark-v0.1-splits-candidate.1,perera_suzuki_miyaura_2018,S5,PERERA_SM_3414,S5_cross_partition_group_tuple_cell
CondRxnBench-Benchmark-v0.1-splits-candidate.1,perera_suzuki_miyaura_2018,S5,PERERA_SM_3425,S5_cross_partition_group_tuple_cell
CondRxnBench-Benchmark-v0.1-splits-candidate.1,perera_suzuki_miyaura_2018,S5,PERERA_SM_3428,S5_cross_partition_group_tuple_cell
CondRxnBench-Benchmark-v0.1-splits-candidate.1,perera_suzuki_miyaura_2018,S5,PERERA_SM_3431,S5_cross_partition_group_tuple_cell
CondRxnBench-Benchmark-v0.1-splits-candidate.1,perera_suzuki_miyaura_2018,S5,PERERA_SM_3433,S5_cross_partition_group_tuple_cell
CondRxnBench-Benchmark-v0.1-splits-candidate.1,perera_suzuki_miyaura_2018,S5,PERERA_SM_3434,S5_cross_partition_group_tuple_cell
CondRxnBench-Benchmark-v0.1-splits-candidate.1,perera_suzuki_miyaura_2018,S5,PERERA_SM_3436,S5_cross_partition_group_tuple_cell
CondRxnBench-Benchmark-v0.1-splits-candidate.1,perera_suzuki_miyaura_2018,S5,PERERA_SM_3439,S5_cross_partition_group_tuple_cell
CondRxnBench-Benchmark-v0.1-splits-candidate.1,perera_suzuki_miyaura_2018,S5,PERERA_SM_3447,S5_cross_partition_group_tuple_cell
CondRxnBench-Benchmark-v0.1-splits-candidate.1,perera_suzuki_miyaura_2018,S5,PERERA_SM_3451,S5_cross_partition_group_tuple_cell
CondRxnBench-Benchmark-v0.1-splits-candidate.1,perera_suzuki_miyaura_2018,S5,PERERA_SM_3452,S5_cross_partition_group_tuple_cell
CondRxnBench-Benchmark-v0.1-splits-candidate.1,perera_suzuki_miyaura_2018,S5,PERERA_SM_3463,S5_cross_partition_group_tuple_cell
CondRxnBench-Benchmark-v0.1-splits-candidate.1,perera_suzuki_miyaura_2018,S5,PERERA_SM_3464,S5_cross_partition_group_tuple_cell
CondRxnBench-Benchmark-v0.1-splits-candidate.1,perera_suzuki_miyaura_2018,S5,PERERA_SM_3465,S5_cross_partition_group_tuple_cell
CondRxnBench-Benchmark-v0.1-splits-candidate.1,perera_suzuki_miyaura_2018,S5,PERERA_SM_3466,S5_cross_partition_group_tuple_cell
CondRxnBench-Benchmark-v0.1-splits-candidate.1,perera_suzuki_miyaura_2018,S5,PERERA_SM_3468,S5_cross_partition_group_tuple_cell
CondRxnBench-Benchmark-v0.1-splits-candidate.1,perera_suzuki_miyaura_2018,S5,PERERA_SM_3469,S5_cross_partition_group_tuple_cell
CondRxnBench-Benchmark-v0.1-splits-candidate.1,perera_suzuki_miyaura_2018,S5,PERERA_SM_3478,S5_cross_partition_group_tuple_cell
CondRxnBench-Benchmark-v0.1-splits-candidate.1,perera_suzuki_miyaura_2018,S5,PERERA_SM_3484,S5_cross_partition_group_tuple_cell
CondRxnBench-Benchmark-v0.1-splits-candidate.1,perera_suzuki_miyaura_2018,S5,PERERA_SM_3485,S5_cross_partition_group_tuple_cell
CondRxnBench-Benchmark-v0.1-splits-candidate.1,perera_suzuki_miyaura_2018,S5,PERERA_SM_3486,S5_cross_partition_group_tuple_cell
CondRxnBench-Benchmark-v0.1-splits-candidate.1,perera_suzuki_miyaura_2018,S5,PERERA_SM_3489,S5_cross_partition_group_tuple_cell
CondRxnBench-Benchmark-v0.1-splits-candidate.1,perera_suzuki_miyaura_2018,S5,PERERA_SM_3492,S5_cross_partition_group_tuple_cell
CondRxnBench-Benchmark-v0.1-splits-candidate.1,perera_suzuki_miyaura_2018,S5,PERERA_SM_3493,S5_cross_partition_group_tuple_cell
CondRxnBench-Benchmark-v0.1-splits-candidate.1,perera_suzuki_miyaura_2018,S5,PERERA_SM_3496,S5_cross_partition_group_tuple_cell
CondRxnBench-Benchmark-v0.1-splits-candidate.1,perera_suzuki_miyaura_2018,S5,PERERA_SM_3500,S5_cross_partition_group_tuple_cell
CondRxnBench-Benchmark-v0.1-splits-candidate.1,perera_suzuki_miyaura_2018,S5,PERERA_SM_3502,S5_cross_partition_group_tuple_cell
CondRxnBench-Benchmark-v0.1-splits-candidate.1,perera_suzuki_miyaura_2018,S5,PERERA_SM_3503,S5_cross_partition_group_tuple_cell
CondRxnBench-Benchmark-v0.1-splits-candidate.1,perera_suzuki_miyaura_2018,S5,PERERA_SM_3511,S5_cross_partition_group_tuple_cell
CondRxnBench-Benchmark-v0.1-splits-candidate.1,perera_suzuki_miyaura_2018,S5,PERERA_SM_3516,S5_cross_partition_group_tuple_cell
CondRxnBench-Benchmark-v0.1-splits-candidate.1,perera_suzuki_miyaura_2018,S5,PERERA_SM_3524,S5_cross_partition_group_tuple_cell
CondRxnBench-Benchmark-v0.1-splits-candidate.1,perera_suzuki_miyaura_2018,S5,PERERA_SM_3529,S5_cross_partition_group_tuple_cell
CondRxnBench-Benchmark-v0.1-splits-candidate.1,perera_suzuki_miyaura_2018,S5,PERERA_SM_3530,S5_cross_partition_group_tuple_cell
CondRxnBench-Benchmark-v0.1-splits-candidate.1,perera_suzuki_miyaura_2018,S5,PERERA_SM_3548,S5_cross_partition_group_tuple_cell
CondRxnBench-Benchmark-v0.1-splits-candidate.1,perera_suzuki_miyaura_2018,S5,PERERA_SM_3553,S5_cross_partition_group_tuple_cell
CondRxnBench-Benchmark-v0.1-splits-candidate.1,perera_suzuki_miyaura_2018,S5,PERERA_SM_3560,S5_cross_partition_group_tuple_cell
CondRxnBench-Benchmark-v0.1-splits-candidate.1,perera_suzuki_miyaura_2018,S5,PERERA_SM_3563,S5_cross_partition_group_tuple_cell
CondRxnBench-Benchmark-v0.1-splits-candidate.1,perera_suzuki_miyaura_2018,S5,PERERA_SM_3564,S5_cross_partition_group_tuple_cell
CondRxnBench-Benchmark-v0.1-splits-candidate.1,perera_suzuki_miyaura_2018,S5,PERERA_SM_3565,S5_cross_partition_group_tuple_cell
CondRxnBench-Benchmark-v0.1-splits-candidate.1,perera_suzuki_miyaura_2018,S5,PERERA_SM_3566,S5_cross_partition_group_tuple_cell
CondRxnBench-Benchmark-v0.1-splits-candidate.1,perera_suzuki_miyaura_2018,S5,PERERA_SM_3567,S5_cross_partition_group_tuple_cell
CondRxnBench-Benchmark-v0.1-splits-candidate.1,perera_suzuki_miyaura_2018,S5,PERERA_SM_3568,S5_cross_partition_group_tuple_cell
CondRxnBench-Benchmark-v0.1-splits-candidate.1,perera_suzuki_miyaura_2018,S5,PERERA_SM_3572,S5_cross_partition_group_tuple_cell
CondRxnBench-Benchmark-v0.1-splits-candidate.1,perera_suzuki_miyaura_2018,S5,PERERA_SM_3580,S5_cross_partition_group_tuple_cell
CondRxnBench-Benchmark-v0.1-splits-candidate.1,perera_suzuki_miyaura_2018,S5,PERERA_SM_3581,S5_cross_partition_group_tuple_cell
CondRxnBench-Benchmark-v0.1-splits-candidate.1,perera_suzuki_miyaura_2018,S5,PERERA_SM_3585,S5_cross_partition_group_tuple_cell
CondRxnBench-Benchmark-v0.1-splits-candidate.1,perera_suzuki_miyaura_2018,S5,PERERA_SM_3592,S5_cross_partition_group_tuple_cell
CondRxnBench-Benchmark-v0.1-splits-candidate.1,perera_suzuki_miyaura_2018,S5,PERERA_SM_3594,S5_cross_partition_group_tuple_cell
CondRxnBench-Benchmark-v0.1-splits-candidate.1,perera_suzuki_miyaura_2018,S5,PERERA_SM_3595,S5_cross_partition_group_tuple_cell
CondRxnBench-Benchmark-v0.1-splits-candidate.1,perera_suzuki_miyaura_2018,S5,PERERA_SM_3596,S5_cross_partition_group_tuple_cell
CondRxnBench-Benchmark-v0.1-splits-candidate.1,perera_suzuki_miyaura_2018,S5,PERERA_SM_3597,S5_cross_partition_group_tuple_cell
CondRxnBench-Benchmark-v0.1-splits-candidate.1,perera_suzuki_miyaura_2018,S5,PERERA_SM_3598,S5_cross_partition_group_tuple_cell
CondRxnBench-Benchmark-v0.1-splits-candidate.1,perera_suzuki_miyaura_2018,S5,PERERA_SM_3600,S5_cross_partition_group_tuple_cell
CondRxnBench-Benchmark-v0.1-splits-candidate.1,perera_suzuki_miyaura_2018,S5,PERERA_SM_3604,S5_cross_partition_group_tuple_cell
CondRxnBench-Benchmark-v0.1-splits-candidate.1,perera_suzuki_miyaura_2018,S5,PERERA_SM_3606,S5_cross_partition_group_tuple_cell
CondRxnBench-Benchmark-v0.1-splits-candidate.1,perera_suzuki_miyaura_2018,S5,PERERA_SM_3607,S5_cross_partition_group_tuple_cell
CondRxnBench-Benchmark-v0.1-splits-candidate.1,perera_suzuki_miyaura_2018,S5,PERERA_SM_3608,S5_cross_partition_group_tuple_cell
CondRxnBench-Benchmark-v0.1-splits-candidate.1,perera_suzuki_miyaura_2018,S5,PERERA_SM_3612,S5_cross_partition_group_tuple_cell
CondRxnBench-Benchmark-v0.1-splits-candidate.1,perera_suzuki_miyaura_2018,S5,PERERA_SM_3613,S5_cross_partition_group_tuple_cell
CondRxnBench-Benchmark-v0.1-splits-candidate.1,perera_suzuki_miyaura_2018,S5,PERERA_SM_3616,S5_cross_partition_group_tuple_cell
CondRxnBench-Benchmark-v0.1-splits-candidate.1,perera_suzuki_miyaura_2018,S5,PERERA_SM_3619,S5_cross_partition_group_tuple_cell
CondRxnBench-Benchmark-v0.1-splits-candidate.1,perera_suzuki_miyaura_2018,S5,PERERA_SM_3620,S5_cross_partition_group_tuple_cell
CondRxnBench-Benchmark-v0.1-splits-candidate.1,perera_suzuki_miyaura_2018,S5,PERERA_SM_3621,S5_cross_partition_group_tuple_cell
CondRxnBench-Benchmark-v0.1-splits-candidate.1,perera_suzuki_miyaura_2018,S5,PERERA_SM_3625,S5_cross_partition_group_tuple_cell
CondRxnBench-Benchmark-v0.1-splits-candidate.1,perera_suzuki_miyaura_2018,S5,PERERA_SM_3629,S5_cross_partition_group_tuple_cell
CondRxnBench-Benchmark-v0.1-splits-candidate.1,perera_suzuki_miyaura_2018,S5,PERERA_SM_3632,S5_cross_partition_group_tuple_cell
CondRxnBench-Benchmark-v0.1-splits-candidate.1,perera_suzuki_miyaura_2018,S5,PERERA_SM_3636,S5_cross_partition_group_tuple_cell
CondRxnBench-Benchmark-v0.1-splits-candidate.1,perera_suzuki_miyaura_2018,S5,PERERA_SM_3639,S5_cross_partition_group_tuple_cell
CondRxnBench-Benchmark-v0.1-splits-candidate.1,perera_suzuki_miyaura_2018,S5,PERERA_SM_3645,S5_cross_partition_group_tuple_cell
CondRxnBench-Benchmark-v0.1-splits-candidate.1,perera_suzuki_miyaura_2018,S5,PERERA_SM_3652,S5_cross_partition_group_tuple_cell
CondRxnBench-Benchmark-v0.1-splits-candidate.1,perera_suzuki_miyaura_2018,S5,PERERA_SM_3653,S5_cross_partition_group_tuple_cell
CondRxnBench-Benchmark-v0.1-splits-candidate.1,perera_suzuki_miyaura_2018,S5,PERERA_SM_3659,S5_cross_partition_group_tuple_cell
CondRxnBench-Benchmark-v0.1-splits-candidate.1,perera_suzuki_miyaura_2018,S5,PERERA_SM_3661,S5_cross_partition_group_tuple_cell
CondRxnBench-Benchmark-v0.1-splits-candidate.1,perera_suzuki_miyaura_2018,S5,PERERA_SM_3662,S5_cross_partition_group_tuple_cell
CondRxnBench-Benchmark-v0.1-splits-candidate.1,perera_suzuki_miyaura_2018,S5,PERERA_SM_3664,S5_cross_partition_group_tuple_cell
CondRxnBench-Benchmark-v0.1-splits-candidate.1,perera_suzuki_miyaura_2018,S5,PERERA_SM_3669,S5_cross_partition_group_tuple_cell
CondRxnBench-Benchmark-v0.1-splits-candidate.1,perera_suzuki_miyaura_2018,S5,PERERA_SM_3675,S5_cross_partition_group_tuple_cell
CondRxnBench-Benchmark-v0.1-splits-candidate.1,perera_suzuki_miyaura_2018,S5,PERERA_SM_3678,S5_cross_partition_group_tuple_cell
CondRxnBench-Benchmark-v0.1-splits-candidate.1,perera_suzuki_miyaura_2018,S5,PERERA_SM_3680,S5_cross_partition_group_tuple_cell
CondRxnBench-Benchmark-v0.1-splits-candidate.1,perera_suzuki_miyaura_2018,S5,PERERA_SM_3684,S5_cross_partition_group_tuple_cell
CondRxnBench-Benchmark-v0.1-splits-candidate.1,perera_suzuki_miyaura_2018,S5,PERERA_SM_3685,S5_cross_partition_group_tuple_cell
CondRxnBench-Benchmark-v0.1-splits-candidate.1,perera_suzuki_miyaura_2018,S5,PERERA_SM_3688,S5_cross_partition_group_tuple_cell
CondRxnBench-Benchmark-v0.1-splits-candidate.1,perera_suzuki_miyaura_2018,S5,PERERA_SM_3690,S5_cross_partition_group_tuple_cell
CondRxnBench-Benchmark-v0.1-splits-candidate.1,perera_suzuki_miyaura_2018,S5,PERERA_SM_3691,S5_cross_partition_group_tuple_cell
CondRxnBench-Benchmark-v0.1-splits-candidate.1,perera_suzuki_miyaura_2018,S5,PERERA_SM_3694,S5_cross_partition_group_tuple_cell
CondRxnBench-Benchmark-v0.1-splits-candidate.1,perera_suzuki_miyaura_2018,S5,PERERA_SM_3698,S5_cross_partition_group_tuple_cell
CondRxnBench-Benchmark-v0.1-splits-candidate.1,perera_suzuki_miyaura_2018,S5,PERERA_SM_3699,S5_cross_partition_group_tuple_cell
CondRxnBench-Benchmark-v0.1-splits-candidate.1,perera_suzuki_miyaura_2018,S5,PERERA_SM_3706,S5_cross_partition_group_tuple_cell
CondRxnBench-Benchmark-v0.1-splits-candidate.1,perera_suzuki_miyaura_2018,S5,PERERA_SM_3710,S5_cross_partition_group_tuple_cell
CondRxnBench-Benchmark-v0.1-splits-candidate.1,perera_suzuki_miyaura_2018,S5,PERERA_SM_3714,S5_cross_partition_group_tuple_cell
CondRxnBench-Benchmark-v0.1-splits-candidate.1,perera_suzuki_miyaura_2018,S5,PERERA_SM_3715,S5_cross_partition_group_tuple_cell
CondRxnBench-Benchmark-v0.1-splits-candidate.1,perera_suzuki_miyaura_2018,S5,PERERA_SM_3720,S5_cross_partition_group_tuple_cell
CondRxnBench-Benchmark-v0.1-splits-candidate.1,perera_suzuki_miyaura_2018,S5,PERERA_SM_3724,S5_cross_partition_group_tuple_cell
CondRxnBench-Benchmark-v0.1-splits-candidate.1,perera_suzuki_miyaura_2018,S5,PERERA_SM_3726,S5_cross_partition_group_tuple_cell
CondRxnBench-Benchmark-v0.1-splits-candidate.1,perera_suzuki_miyaura_2018,S5,PERERA_SM_3731,S5_cross_partition_group_tuple_cell
CondRxnBench-Benchmark-v0.1-splits-candidate.1,perera_suzuki_miyaura_2018,S5,PERERA_SM_3733,S5_cross_partition_group_tuple_cell
CondRxnBench-Benchmark-v0.1-splits-candidate.1,perera_suzuki_miyaura_2018,S5,PERERA_SM_3735,S5_cross_partition_group_tuple_cell
CondRxnBench-Benchmark-v0.1-splits-candidate.1,perera_suzuki_miyaura_2018,S5,PERERA_SM_3739,S5_cross_partition_group_tuple_cell
CondRxnBench-Benchmark-v0.1-splits-candidate.1,perera_suzuki_miyaura_2018,S5,PERERA_SM_3743,S5_cross_partition_group_tuple_cell
CondRxnBench-Benchmark-v0.1-splits-candidate.1,perera_suzuki_miyaura_2018,S5,PERERA_SM_3749,S5_cross_partition_group_tuple_cell
CondRxnBench-Benchmark-v0.1-splits-candidate.1,perera_suzuki_miyaura_2018,S5,PERERA_SM_3757,S5_cross_partition_group_tuple_cell
CondRxnBench-Benchmark-v0.1-splits-candidate.1,perera_suzuki_miyaura_2018,S5,PERERA_SM_3758,S5_cross_partition_group_tuple_cell
CondRxnBench-Benchmark-v0.1-splits-candidate.1,perera_suzuki_miyaura_2018,S5,PERERA_SM_3759,S5_cross_partition_group_tuple_cell
CondRxnBench-Benchmark-v0.1-splits-candidate.1,perera_suzuki_miyaura_2018,S5,PERERA_SM_3764,S5_cross_partition_group_tuple_cell
CondRxnBench-Benchmark-v0.1-splits-candidate.1,perera_suzuki_miyaura_2018,S5,PERERA_SM_3765,S5_cross_partition_group_tuple_cell
CondRxnBench-Benchmark-v0.1-splits-candidate.1,perera_suzuki_miyaura_2018,S5,PERERA_SM_3769,S5_cross_partition_group_tuple_cell
CondRxnBench-Benchmark-v0.1-splits-candidate.1,perera_suzuki_miyaura_2018,S5,PERERA_SM_3770,S5_cross_partition_group_tuple_cell
CondRxnBench-Benchmark-v0.1-splits-candidate.1,perera_suzuki_miyaura_2018,S5,PERERA_SM_3775,S5_cross_partition_group_tuple_cell
CondRxnBench-Benchmark-v0.1-splits-candidate.1,perera_suzuki_miyaura_2018,S5,PERERA_SM_3776,S5_cross_partition_group_tuple_cell
CondRxnBench-Benchmark-v0.1-splits-candidate.1,perera_suzuki_miyaura_2018,S5,PERERA_SM_3780,S5_cross_partition_group_tuple_cell
CondRxnBench-Benchmark-v0.1-splits-candidate.1,perera_suzuki_miyaura_2018,S5,PERERA_SM_3781,S5_cross_partition_group_tuple_cell
CondRxnBench-Benchmark-v0.1-splits-candidate.1,perera_suzuki_miyaura_2018,S5,PERERA_SM_3783,S5_cross_partition_group_tuple_cell
CondRxnBench-Benchmark-v0.1-splits-candidate.1,perera_suzuki_miyaura_2018,S5,PERERA_SM_3798,S5_cross_partition_group_tuple_cell
CondRxnBench-Benchmark-v0.1-splits-candidate.1,perera_suzuki_miyaura_2018,S5,PERERA_SM_3809,S5_cross_partition_group_tuple_cell
CondRxnBench-Benchmark-v0.1-splits-candidate.1,perera_suzuki_miyaura_2018,S5,PERERA_SM_3812,S5_cross_partition_group_tuple_cell
CondRxnBench-Benchmark-v0.1-splits-candidate.1,perera_suzuki_miyaura_2018,S5,PERERA_SM_3815,S5_cross_partition_group_tuple_cell
CondRxnBench-Benchmark-v0.1-splits-candidate.1,perera_suzuki_miyaura_2018,S5,PERERA_SM_3817,S5_cross_partition_group_tuple_cell
CondRxnBench-Benchmark-v0.1-splits-candidate.1,perera_suzuki_miyaura_2018,S5,PERERA_SM_3818,S5_cross_partition_group_tuple_cell
CondRxnBench-Benchmark-v0.1-splits-candidate.1,perera_suzuki_miyaura_2018,S5,PERERA_SM_3820,S5_cross_partition_group_tuple_cell
CondRxnBench-Benchmark-v0.1-splits-candidate.1,perera_suzuki_miyaura_2018,S5,PERERA_SM_3823,S5_cross_partition_group_tuple_cell
CondRxnBench-Benchmark-v0.1-splits-candidate.1,perera_suzuki_miyaura_2018,S5,PERERA_SM_3831,S5_cross_partition_group_tuple_cell
CondRxnBench-Benchmark-v0.1-splits-candidate.1,perera_suzuki_miyaura_2018,S5,PERERA_SM_3835,S5_cross_partition_group_tuple_cell
CondRxnBench-Benchmark-v0.1-splits-candidate.1,perera_suzuki_miyaura_2018,S5,PERERA_SM_3836,S5_cross_partition_group_tuple_cell
CondRxnBench-Benchmark-v0.1-splits-candidate.1,perera_suzuki_miyaura_2018,S5,PERERA_SM_3847,S5_cross_partition_group_tuple_cell
CondRxnBench-Benchmark-v0.1-splits-candidate.1,perera_suzuki_miyaura_2018,S5,PERERA_SM_3848,S5_cross_partition_group_tuple_cell
CondRxnBench-Benchmark-v0.1-splits-candidate.1,perera_suzuki_miyaura_2018,S5,PERERA_SM_3849,S5_cross_partition_group_tuple_cell
CondRxnBench-Benchmark-v0.1-splits-candidate.1,perera_suzuki_miyaura_2018,S5,PERERA_SM_3850,S5_cross_partition_group_tuple_cell
CondRxnBench-Benchmark-v0.1-splits-candidate.1,perera_suzuki_miyaura_2018,S5,PERERA_SM_3852,S5_cross_partition_group_tuple_cell
CondRxnBench-Benchmark-v0.1-splits-candidate.1,perera_suzuki_miyaura_2018,S5,PERERA_SM_3853,S5_cross_partition_group_tuple_cell
CondRxnBench-Benchmark-v0.1-splits-candidate.1,perera_suzuki_miyaura_2018,S5,PERERA_SM_3862,S5_cross_partition_group_tuple_cell
CondRxnBench-Benchmark-v0.1-splits-candidate.1,perera_suzuki_miyaura_2018,S5,PERERA_SM_3868,S5_cross_partition_group_tuple_cell
CondRxnBench-Benchmark-v0.1-splits-candidate.1,perera_suzuki_miyaura_2018,S5,PERERA_SM_3869,S5_cross_partition_group_tuple_cell
CondRxnBench-Benchmark-v0.1-splits-candidate.1,perera_suzuki_miyaura_2018,S5,PERERA_SM_3870,S5_cross_partition_group_tuple_cell
CondRxnBench-Benchmark-v0.1-splits-candidate.1,perera_suzuki_miyaura_2018,S5,PERERA_SM_3873,S5_cross_partition_group_tuple_cell
CondRxnBench-Benchmark-v0.1-splits-candidate.1,perera_suzuki_miyaura_2018,S5,PERERA_SM_3876,S5_cross_partition_group_tuple_cell
CondRxnBench-Benchmark-v0.1-splits-candidate.1,perera_suzuki_miyaura_2018,S5,PERERA_SM_3877,S5_cross_partition_group_tuple_cell
CondRxnBench-Benchmark-v0.1-splits-candidate.1,perera_suzuki_miyaura_2018,S5,PERERA_SM_3880,S5_cross_partition_group_tuple_cell
CondRxnBench-Benchmark-v0.1-splits-candidate.1,perera_suzuki_miyaura_2018,S5,PERERA_SM_3884,S5_cross_partition_group_tuple_cell
CondRxnBench-Benchmark-v0.1-splits-candidate.1,perera_suzuki_miyaura_2018,S5,PERERA_SM_3886,S5_cross_partition_group_tuple_cell
CondRxnBench-Benchmark-v0.1-splits-candidate.1,perera_suzuki_miyaura_2018,S5,PERERA_SM_3887,S5_cross_partition_group_tuple_cell
CondRxnBench-Benchmark-v0.1-splits-candidate.1,perera_suzuki_miyaura_2018,S5,PERERA_SM_3895,S5_cross_partition_group_tuple_cell
CondRxnBench-Benchmark-v0.1-splits-candidate.1,perera_suzuki_miyaura_2018,S5,PERERA_SM_3900,S5_cross_partition_group_tuple_cell
CondRxnBench-Benchmark-v0.1-splits-candidate.1,perera_suzuki_miyaura_2018,S5,PERERA_SM_3908,S5_cross_partition_group_tuple_cell
CondRxnBench-Benchmark-v0.1-splits-candidate.1,perera_suzuki_miyaura_2018,S5,PERERA_SM_3913,S5_cross_partition_group_tuple_cell
CondRxnBench-Benchmark-v0.1-splits-candidate.1,perera_suzuki_miyaura_2018,S5,PERERA_SM_3914,S5_cross_partition_group_tuple_cell
CondRxnBench-Benchmark-v0.1-splits-candidate.1,perera_suzuki_miyaura_2018,S5,PERERA_SM_3932,S5_cross_partition_group_tuple_cell
CondRxnBench-Benchmark-v0.1-splits-candidate.1,perera_suzuki_miyaura_2018,S5,PERERA_SM_3937,S5_cross_partition_group_tuple_cell
CondRxnBench-Benchmark-v0.1-splits-candidate.1,perera_suzuki_miyaura_2018,S5,PERERA_SM_3944,S5_cross_partition_group_tuple_cell
CondRxnBench-Benchmark-v0.1-splits-candidate.1,perera_suzuki_miyaura_2018,S5,PERERA_SM_3947,S5_cross_partition_group_tuple_cell
CondRxnBench-Benchmark-v0.1-splits-candidate.1,perera_suzuki_miyaura_2018,S5,PERERA_SM_3948,S5_cross_partition_group_tuple_cell
CondRxnBench-Benchmark-v0.1-splits-candidate.1,perera_suzuki_miyaura_2018,S5,PERERA_SM_3949,S5_cross_partition_group_tuple_cell
CondRxnBench-Benchmark-v0.1-splits-candidate.1,perera_suzuki_miyaura_2018,S5,PERERA_SM_3950,S5_cross_partition_group_tuple_cell
CondRxnBench-Benchmark-v0.1-splits-candidate.1,perera_suzuki_miyaura_2018,S5,PERERA_SM_3951,S5_cross_partition_group_tuple_cell
CondRxnBench-Benchmark-v0.1-splits-candidate.1,perera_suzuki_miyaura_2018,S5,PERERA_SM_3952,S5_cross_partition_group_tuple_cell
CondRxnBench-Benchmark-v0.1-splits-candidate.1,perera_suzuki_miyaura_2018,S5,PERERA_SM_3956,S5_cross_partition_group_tuple_cell
CondRxnBench-Benchmark-v0.1-splits-candidate.1,perera_suzuki_miyaura_2018,S5,PERERA_SM_3964,S5_cross_partition_group_tuple_cell
CondRxnBench-Benchmark-v0.1-splits-candidate.1,perera_suzuki_miyaura_2018,S5,PERERA_SM_3965,S5_cross_partition_group_tuple_cell
CondRxnBench-Benchmark-v0.1-splits-candidate.1,perera_suzuki_miyaura_2018,S5,PERERA_SM_3969,S5_cross_partition_group_tuple_cell
CondRxnBench-Benchmark-v0.1-splits-candidate.1,perera_suzuki_miyaura_2018,S5,PERERA_SM_3976,S5_cross_partition_group_tuple_cell
CondRxnBench-Benchmark-v0.1-splits-candidate.1,perera_suzuki_miyaura_2018,S5,PERERA_SM_3978,S5_cross_partition_group_tuple_cell
CondRxnBench-Benchmark-v0.1-splits-candidate.1,perera_suzuki_miyaura_2018,S5,PERERA_SM_3979,S5_cross_partition_group_tuple_cell
CondRxnBench-Benchmark-v0.1-splits-candidate.1,perera_suzuki_miyaura_2018,S5,PERERA_SM_3980,S5_cross_partition_group_tuple_cell
CondRxnBench-Benchmark-v0.1-splits-candidate.1,perera_suzuki_miyaura_2018,S5,PERERA_SM_3981,S5_cross_partition_group_tuple_cell
CondRxnBench-Benchmark-v0.1-splits-candidate.1,perera_suzuki_miyaura_2018,S5,PERERA_SM_3982,S5_cross_partition_group_tuple_cell
CondRxnBench-Benchmark-v0.1-splits-candidate.1,perera_suzuki_miyaura_2018,S5,PERERA_SM_3984,S5_cross_partition_group_tuple_cell
CondRxnBench-Benchmark-v0.1-splits-candidate.1,perera_suzuki_miyaura_2018,S5,PERERA_SM_3988,S5_cross_partition_group_tuple_cell
CondRxnBench-Benchmark-v0.1-splits-candidate.1,perera_suzuki_miyaura_2018,S5,PERERA_SM_3990,S5_cross_partition_group_tuple_cell
CondRxnBench-Benchmark-v0.1-splits-candidate.1,perera_suzuki_miyaura_2018,S5,PERERA_SM_3991,S5_cross_partition_group_tuple_cell
CondRxnBench-Benchmark-v0.1-splits-candidate.1,perera_suzuki_miyaura_2018,S5,PERERA_SM_3992,S5_cross_partition_group_tuple_cell
CondRxnBench-Benchmark-v0.1-splits-candidate.1,perera_suzuki_miyaura_2018,S5,PERERA_SM_3996,S5_cross_partition_group_tuple_cell
CondRxnBench-Benchmark-v0.1-splits-candidate.1,perera_suzuki_miyaura_2018,S5,PERERA_SM_3997,S5_cross_partition_group_tuple_cell
CondRxnBench-Benchmark-v0.1-splits-candidate.1,perera_suzuki_miyaura_2018,S5,PERERA_SM_4000,S5_cross_partition_group_tuple_cell
CondRxnBench-Benchmark-v0.1-splits-candidate.1,perera_suzuki_miyaura_2018,S5,PERERA_SM_4003,S5_cross_partition_group_tuple_cell
CondRxnBench-Benchmark-v0.1-splits-candidate.1,perera_suzuki_miyaura_2018,S5,PERERA_SM_4004,S5_cross_partition_group_tuple_cell
CondRxnBench-Benchmark-v0.1-splits-candidate.1,perera_suzuki_miyaura_2018,S5,PERERA_SM_4005,S5_cross_partition_group_tuple_cell
CondRxnBench-Benchmark-v0.1-splits-candidate.1,perera_suzuki_miyaura_2018,S5,PERERA_SM_4009,S5_cross_partition_group_tuple_cell
CondRxnBench-Benchmark-v0.1-splits-candidate.1,perera_suzuki_miyaura_2018,S5,PERERA_SM_4013,S5_cross_partition_group_tuple_cell
CondRxnBench-Benchmark-v0.1-splits-candidate.1,perera_suzuki_miyaura_2018,S5,PERERA_SM_4016,S5_cross_partition_group_tuple_cell
CondRxnBench-Benchmark-v0.1-splits-candidate.1,perera_suzuki_miyaura_2018,S5,PERERA_SM_4020,S5_cross_partition_group_tuple_cell
CondRxnBench-Benchmark-v0.1-splits-candidate.1,perera_suzuki_miyaura_2018,S5,PERERA_SM_4023,S5_cross_partition_group_tuple_cell
CondRxnBench-Benchmark-v0.1-splits-candidate.1,perera_suzuki_miyaura_2018,S5,PERERA_SM_4029,S5_cross_partition_group_tuple_cell
CondRxnBench-Benchmark-v0.1-splits-candidate.1,perera_suzuki_miyaura_2018,S5,PERERA_SM_4036,S5_cross_partition_group_tuple_cell
CondRxnBench-Benchmark-v0.1-splits-candidate.1,perera_suzuki_miyaura_2018,S5,PERERA_SM_4037,S5_cross_partition_group_tuple_cell
CondRxnBench-Benchmark-v0.1-splits-candidate.1,perera_suzuki_miyaura_2018,S5,PERERA_SM_4043,S5_cross_partition_group_tuple_cell
CondRxnBench-Benchmark-v0.1-splits-candidate.1,perera_suzuki_miyaura_2018,S5,PERERA_SM_4045,S5_cross_partition_group_tuple_cell
CondRxnBench-Benchmark-v0.1-splits-candidate.1,perera_suzuki_miyaura_2018,S5,PERERA_SM_4046,S5_cross_partition_group_tuple_cell
CondRxnBench-Benchmark-v0.1-splits-candidate.1,perera_suzuki_miyaura_2018,S5,PERERA_SM_4048,S5_cross_partition_group_tuple_cell
CondRxnBench-Benchmark-v0.1-splits-candidate.1,perera_suzuki_miyaura_2018,S5,PERERA_SM_4053,S5_cross_partition_group_tuple_cell
CondRxnBench-Benchmark-v0.1-splits-candidate.1,perera_suzuki_miyaura_2018,S5,PERERA_SM_4059,S5_cross_partition_group_tuple_cell
CondRxnBench-Benchmark-v0.1-splits-candidate.1,perera_suzuki_miyaura_2018,S5,PERERA_SM_4062,S5_cross_partition_group_tuple_cell
CondRxnBench-Benchmark-v0.1-splits-candidate.1,perera_suzuki_miyaura_2018,S5,PERERA_SM_4064,S5_cross_partition_group_tuple_cell
CondRxnBench-Benchmark-v0.1-splits-candidate.1,perera_suzuki_miyaura_2018,S5,PERERA_SM_4068,S5_cross_partition_group_tuple_cell
CondRxnBench-Benchmark-v0.1-splits-candidate.1,perera_suzuki_miyaura_2018,S5,PERERA_SM_4069,S5_cross_partition_group_tuple_cell
CondRxnBench-Benchmark-v0.1-splits-candidate.1,perera_suzuki_miyaura_2018,S5,PERERA_SM_4072,S5_cross_partition_group_tuple_cell
CondRxnBench-Benchmark-v0.1-splits-candidate.1,perera_suzuki_miyaura_2018,S5,PERERA_SM_4074,S5_cross_partition_group_tuple_cell
CondRxnBench-Benchmark-v0.1-splits-candidate.1,perera_suzuki_miyaura_2018,S5,PERERA_SM_4075,S5_cross_partition_group_tuple_cell
CondRxnBench-Benchmark-v0.1-splits-candidate.1,perera_suzuki_miyaura_2018,S5,PERERA_SM_4078,S5_cross_partition_group_tuple_cell
CondRxnBench-Benchmark-v0.1-splits-candidate.1,perera_suzuki_miyaura_2018,S5,PERERA_SM_4082,S5_cross_partition_group_tuple_cell
CondRxnBench-Benchmark-v0.1-splits-candidate.1,perera_suzuki_miyaura_2018,S5,PERERA_SM_4083,S5_cross_partition_group_tuple_cell
CondRxnBench-Benchmark-v0.1-splits-candidate.1,perera_suzuki_miyaura_2018,S5,PERERA_SM_4090,S5_cross_partition_group_tuple_cell
CondRxnBench-Benchmark-v0.1-splits-candidate.1,perera_suzuki_miyaura_2018,S5,PERERA_SM_4094,S5_cross_partition_group_tuple_cell
CondRxnBench-Benchmark-v0.1-splits-candidate.1,perera_suzuki_miyaura_2018,S5,PERERA_SM_4098,S5_cross_partition_group_tuple_cell
CondRxnBench-Benchmark-v0.1-splits-candidate.1,perera_suzuki_miyaura_2018,S5,PERERA_SM_4099,S5_cross_partition_group_tuple_cell
CondRxnBench-Benchmark-v0.1-splits-candidate.1,perera_suzuki_miyaura_2018,S5,PERERA_SM_4104,S5_cross_partition_group_tuple_cell
CondRxnBench-Benchmark-v0.1-splits-candidate.1,perera_suzuki_miyaura_2018,S5,PERERA_SM_4108,S5_cross_partition_group_tuple_cell
CondRxnBench-Benchmark-v0.1-splits-candidate.1,perera_suzuki_miyaura_2018,S5,PERERA_SM_4110,S5_cross_partition_group_tuple_cell
CondRxnBench-Benchmark-v0.1-splits-candidate.1,perera_suzuki_miyaura_2018,S5,PERERA_SM_4115,S5_cross_partition_group_tuple_cell
CondRxnBench-Benchmark-v0.1-splits-candidate.1,perera_suzuki_miyaura_2018,S5,PERERA_SM_4117,S5_cross_partition_group_tuple_cell
CondRxnBench-Benchmark-v0.1-splits-candidate.1,perera_suzuki_miyaura_2018,S5,PERERA_SM_4119,S5_cross_partition_group_tuple_cell
CondRxnBench-Benchmark-v0.1-splits-candidate.1,perera_suzuki_miyaura_2018,S5,PERERA_SM_4123,S5_cross_partition_group_tuple_cell
CondRxnBench-Benchmark-v0.1-splits-candidate.1,perera_suzuki_miyaura_2018,S5,PERERA_SM_4127,S5_cross_partition_group_tuple_cell
CondRxnBench-Benchmark-v0.1-splits-candidate.1,perera_suzuki_miyaura_2018,S5,PERERA_SM_4133,S5_cross_partition_group_tuple_cell
CondRxnBench-Benchmark-v0.1-splits-candidate.1,perera_suzuki_miyaura_2018,S5,PERERA_SM_4141,S5_cross_partition_group_tuple_cell
CondRxnBench-Benchmark-v0.1-splits-candidate.1,perera_suzuki_miyaura_2018,S5,PERERA_SM_4142,S5_cross_partition_group_tuple_cell
CondRxnBench-Benchmark-v0.1-splits-candidate.1,perera_suzuki_miyaura_2018,S5,PERERA_SM_4143,S5_cross_partition_group_tuple_cell
CondRxnBench-Benchmark-v0.1-splits-candidate.1,perera_suzuki_miyaura_2018,S5,PERERA_SM_4148,S5_cross_partition_group_tuple_cell
CondRxnBench-Benchmark-v0.1-splits-candidate.1,perera_suzuki_miyaura_2018,S5,PERERA_SM_4149,S5_cross_partition_group_tuple_cell
CondRxnBench-Benchmark-v0.1-splits-candidate.1,perera_suzuki_miyaura_2018,S5,PERERA_SM_4153,S5_cross_partition_group_tuple_cell
CondRxnBench-Benchmark-v0.1-splits-candidate.1,perera_suzuki_miyaura_2018,S5,PERERA_SM_4154,S5_cross_partition_group_tuple_cell
CondRxnBench-Benchmark-v0.1-splits-candidate.1,perera_suzuki_miyaura_2018,S5,PERERA_SM_4159,S5_cross_partition_group_tuple_cell
CondRxnBench-Benchmark-v0.1-splits-candidate.1,perera_suzuki_miyaura_2018,S5,PERERA_SM_4160,S5_cross_partition_group_tuple_cell
CondRxnBench-Benchmark-v0.1-splits-candidate.1,perera_suzuki_miyaura_2018,S5,PERERA_SM_4164,S5_cross_partition_group_tuple_cell
CondRxnBench-Benchmark-v0.1-splits-candidate.1,perera_suzuki_miyaura_2018,S5,PERERA_SM_4165,S5_cross_partition_group_tuple_cell
CondRxnBench-Benchmark-v0.1-splits-candidate.1,perera_suzuki_miyaura_2018,S5,PERERA_SM_4167,S5_cross_partition_group_tuple_cell
CondRxnBench-Benchmark-v0.1-splits-candidate.1,perera_suzuki_miyaura_2018,S5,PERERA_SM_4182,S5_cross_partition_group_tuple_cell
CondRxnBench-Benchmark-v0.1-splits-candidate.1,perera_suzuki_miyaura_2018,S5,PERERA_SM_4193,S5_cross_partition_group_tuple_cell
CondRxnBench-Benchmark-v0.1-splits-candidate.1,perera_suzuki_miyaura_2018,S5,PERERA_SM_4196,S5_cross_partition_group_tuple_cell
CondRxnBench-Benchmark-v0.1-splits-candidate.1,perera_suzuki_miyaura_2018,S5,PERERA_SM_4199,S5_cross_partition_group_tuple_cell
CondRxnBench-Benchmark-v0.1-splits-candidate.1,perera_suzuki_miyaura_2018,S5,PERERA_SM_4201,S5_cross_partition_group_tuple_cell
CondRxnBench-Benchmark-v0.1-splits-candidate.1,perera_suzuki_miyaura_2018,S5,PERERA_SM_4202,S5_cross_partition_group_tuple_cell
CondRxnBench-Benchmark-v0.1-splits-candidate.1,perera_suzuki_miyaura_2018,S5,PERERA_SM_4204,S5_cross_partition_group_tuple_cell
CondRxnBench-Benchmark-v0.1-splits-candidate.1,perera_suzuki_miyaura_2018,S5,PERERA_SM_4207,S5_cross_partition_group_tuple_cell
CondRxnBench-Benchmark-v0.1-splits-candidate.1,perera_suzuki_miyaura_2018,S5,PERERA_SM_4215,S5_cross_partition_group_tuple_cell
CondRxnBench-Benchmark-v0.1-splits-candidate.1,perera_suzuki_miyaura_2018,S5,PERERA_SM_4219,S5_cross_partition_group_tuple_cell
CondRxnBench-Benchmark-v0.1-splits-candidate.1,perera_suzuki_miyaura_2018,S5,PERERA_SM_4220,S5_cross_partition_group_tuple_cell
CondRxnBench-Benchmark-v0.1-splits-candidate.1,perera_suzuki_miyaura_2018,S5,PERERA_SM_4231,S5_cross_partition_group_tuple_cell
CondRxnBench-Benchmark-v0.1-splits-candidate.1,perera_suzuki_miyaura_2018,S5,PERERA_SM_4232,S5_cross_partition_group_tuple_cell
CondRxnBench-Benchmark-v0.1-splits-candidate.1,perera_suzuki_miyaura_2018,S5,PERERA_SM_4233,S5_cross_partition_group_tuple_cell
CondRxnBench-Benchmark-v0.1-splits-candidate.1,perera_suzuki_miyaura_2018,S5,PERERA_SM_4234,S5_cross_partition_group_tuple_cell
CondRxnBench-Benchmark-v0.1-splits-candidate.1,perera_suzuki_miyaura_2018,S5,PERERA_SM_4236,S5_cross_partition_group_tuple_cell
CondRxnBench-Benchmark-v0.1-splits-candidate.1,perera_suzuki_miyaura_2018,S5,PERERA_SM_4237,S5_cross_partition_group_tuple_cell
CondRxnBench-Benchmark-v0.1-splits-candidate.1,perera_suzuki_miyaura_2018,S5,PERERA_SM_4246,S5_cross_partition_group_tuple_cell
CondRxnBench-Benchmark-v0.1-splits-candidate.1,perera_suzuki_miyaura_2018,S5,PERERA_SM_4252,S5_cross_partition_group_tuple_cell
CondRxnBench-Benchmark-v0.1-splits-candidate.1,perera_suzuki_miyaura_2018,S5,PERERA_SM_4253,S5_cross_partition_group_tuple_cell
CondRxnBench-Benchmark-v0.1-splits-candidate.1,perera_suzuki_miyaura_2018,S5,PERERA_SM_4254,S5_cross_partition_group_tuple_cell
CondRxnBench-Benchmark-v0.1-splits-candidate.1,perera_suzuki_miyaura_2018,S5,PERERA_SM_4257,S5_cross_partition_group_tuple_cell
CondRxnBench-Benchmark-v0.1-splits-candidate.1,perera_suzuki_miyaura_2018,S5,PERERA_SM_4260,S5_cross_partition_group_tuple_cell
CondRxnBench-Benchmark-v0.1-splits-candidate.1,perera_suzuki_miyaura_2018,S5,PERERA_SM_4261,S5_cross_partition_group_tuple_cell
CondRxnBench-Benchmark-v0.1-splits-candidate.1,perera_suzuki_miyaura_2018,S5,PERERA_SM_4264,S5_cross_partition_group_tuple_cell
CondRxnBench-Benchmark-v0.1-splits-candidate.1,perera_suzuki_miyaura_2018,S5,PERERA_SM_4268,S5_cross_partition_group_tuple_cell
CondRxnBench-Benchmark-v0.1-splits-candidate.1,perera_suzuki_miyaura_2018,S5,PERERA_SM_4270,S5_cross_partition_group_tuple_cell
CondRxnBench-Benchmark-v0.1-splits-candidate.1,perera_suzuki_miyaura_2018,S5,PERERA_SM_4271,S5_cross_partition_group_tuple_cell
CondRxnBench-Benchmark-v0.1-splits-candidate.1,perera_suzuki_miyaura_2018,S5,PERERA_SM_4279,S5_cross_partition_group_tuple_cell
CondRxnBench-Benchmark-v0.1-splits-candidate.1,perera_suzuki_miyaura_2018,S5,PERERA_SM_4284,S5_cross_partition_group_tuple_cell
CondRxnBench-Benchmark-v0.1-splits-candidate.1,perera_suzuki_miyaura_2018,S5,PERERA_SM_4292,S5_cross_partition_group_tuple_cell
CondRxnBench-Benchmark-v0.1-splits-candidate.1,perera_suzuki_miyaura_2018,S5,PERERA_SM_4297,S5_cross_partition_group_tuple_cell
CondRxnBench-Benchmark-v0.1-splits-candidate.1,perera_suzuki_miyaura_2018,S5,PERERA_SM_4298,S5_cross_partition_group_tuple_cell
CondRxnBench-Benchmark-v0.1-splits-candidate.1,perera_suzuki_miyaura_2018,S5,PERERA_SM_4316,S5_cross_partition_group_tuple_cell
CondRxnBench-Benchmark-v0.1-splits-candidate.1,perera_suzuki_miyaura_2018,S5,PERERA_SM_4321,S5_cross_partition_group_tuple_cell
CondRxnBench-Benchmark-v0.1-splits-candidate.1,perera_suzuki_miyaura_2018,S5,PERERA_SM_4328,S5_cross_partition_group_tuple_cell
CondRxnBench-Benchmark-v0.1-splits-candidate.1,perera_suzuki_miyaura_2018,S5,PERERA_SM_4331,S5_cross_partition_group_tuple_cell
CondRxnBench-Benchmark-v0.1-splits-candidate.1,perera_suzuki_miyaura_2018,S5,PERERA_SM_4332,S5_cross_partition_group_tuple_cell
CondRxnBench-Benchmark-v0.1-splits-candidate.1,perera_suzuki_miyaura_2018,S5,PERERA_SM_4333,S5_cross_partition_group_tuple_cell
CondRxnBench-Benchmark-v0.1-splits-candidate.1,perera_suzuki_miyaura_2018,S5,PERERA_SM_4334,S5_cross_partition_group_tuple_cell
CondRxnBench-Benchmark-v0.1-splits-candidate.1,perera_suzuki_miyaura_2018,S5,PERERA_SM_4335,S5_cross_partition_group_tuple_cell
CondRxnBench-Benchmark-v0.1-splits-candidate.1,perera_suzuki_miyaura_2018,S5,PERERA_SM_4336,S5_cross_partition_group_tuple_cell
CondRxnBench-Benchmark-v0.1-splits-candidate.1,perera_suzuki_miyaura_2018,S5,PERERA_SM_4340,S5_cross_partition_group_tuple_cell
CondRxnBench-Benchmark-v0.1-splits-candidate.1,perera_suzuki_miyaura_2018,S5,PERERA_SM_4348,S5_cross_partition_group_tuple_cell
CondRxnBench-Benchmark-v0.1-splits-candidate.1,perera_suzuki_miyaura_2018,S5,PERERA_SM_4349,S5_cross_partition_group_tuple_cell
CondRxnBench-Benchmark-v0.1-splits-candidate.1,perera_suzuki_miyaura_2018,S5,PERERA_SM_4353,S5_cross_partition_group_tuple_cell
CondRxnBench-Benchmark-v0.1-splits-candidate.1,perera_suzuki_miyaura_2018,S5,PERERA_SM_4360,S5_cross_partition_group_tuple_cell
CondRxnBench-Benchmark-v0.1-splits-candidate.1,perera_suzuki_miyaura_2018,S5,PERERA_SM_4362,S5_cross_partition_group_tuple_cell
CondRxnBench-Benchmark-v0.1-splits-candidate.1,perera_suzuki_miyaura_2018,S5,PERERA_SM_4363,S5_cross_partition_group_tuple_cell
CondRxnBench-Benchmark-v0.1-splits-candidate.1,perera_suzuki_miyaura_2018,S5,PERERA_SM_4364,S5_cross_partition_group_tuple_cell
CondRxnBench-Benchmark-v0.1-splits-candidate.1,perera_suzuki_miyaura_2018,S5,PERERA_SM_4365,S5_cross_partition_group_tuple_cell
CondRxnBench-Benchmark-v0.1-splits-candidate.1,perera_suzuki_miyaura_2018,S5,PERERA_SM_4366,S5_cross_partition_group_tuple_cell
CondRxnBench-Benchmark-v0.1-splits-candidate.1,perera_suzuki_miyaura_2018,S5,PERERA_SM_4368,S5_cross_partition_group_tuple_cell
CondRxnBench-Benchmark-v0.1-splits-candidate.1,perera_suzuki_miyaura_2018,S5,PERERA_SM_4372,S5_cross_partition_group_tuple_cell
CondRxnBench-Benchmark-v0.1-splits-candidate.1,perera_suzuki_miyaura_2018,S5,PERERA_SM_4374,S5_cross_partition_group_tuple_cell
CondRxnBench-Benchmark-v0.1-splits-candidate.1,perera_suzuki_miyaura_2018,S5,PERERA_SM_4375,S5_cross_partition_group_tuple_cell
CondRxnBench-Benchmark-v0.1-splits-candidate.1,perera_suzuki_miyaura_2018,S5,PERERA_SM_4376,S5_cross_partition_group_tuple_cell
CondRxnBench-Benchmark-v0.1-splits-candidate.1,perera_suzuki_miyaura_2018,S5,PERERA_SM_4380,S5_cross_partition_group_tuple_cell
CondRxnBench-Benchmark-v0.1-splits-candidate.1,perera_suzuki_miyaura_2018,S5,PERERA_SM_4381,S5_cross_partition_group_tuple_cell
CondRxnBench-Benchmark-v0.1-splits-candidate.1,perera_suzuki_miyaura_2018,S5,PERERA_SM_4384,S5_cross_partition_group_tuple_cell
CondRxnBench-Benchmark-v0.1-splits-candidate.1,perera_suzuki_miyaura_2018,S5,PERERA_SM_4387,S5_cross_partition_group_tuple_cell
CondRxnBench-Benchmark-v0.1-splits-candidate.1,perera_suzuki_miyaura_2018,S5,PERERA_SM_4388,S5_cross_partition_group_tuple_cell
CondRxnBench-Benchmark-v0.1-splits-candidate.1,perera_suzuki_miyaura_2018,S5,PERERA_SM_4389,S5_cross_partition_group_tuple_cell
CondRxnBench-Benchmark-v0.1-splits-candidate.1,perera_suzuki_miyaura_2018,S5,PERERA_SM_4393,S5_cross_partition_group_tuple_cell
CondRxnBench-Benchmark-v0.1-splits-candidate.1,perera_suzuki_miyaura_2018,S5,PERERA_SM_4397,S5_cross_partition_group_tuple_cell
CondRxnBench-Benchmark-v0.1-splits-candidate.1,perera_suzuki_miyaura_2018,S5,PERERA_SM_4400,S5_cross_partition_group_tuple_cell
CondRxnBench-Benchmark-v0.1-splits-candidate.1,perera_suzuki_miyaura_2018,S5,PERERA_SM_4404,S5_cross_partition_group_tuple_cell
CondRxnBench-Benchmark-v0.1-splits-candidate.1,perera_suzuki_miyaura_2018,S5,PERERA_SM_4407,S5_cross_partition_group_tuple_cell
CondRxnBench-Benchmark-v0.1-splits-candidate.1,perera_suzuki_miyaura_2018,S5,PERERA_SM_4413,S5_cross_partition_group_tuple_cell
CondRxnBench-Benchmark-v0.1-splits-candidate.1,perera_suzuki_miyaura_2018,S5,PERERA_SM_4420,S5_cross_partition_group_tuple_cell
CondRxnBench-Benchmark-v0.1-splits-candidate.1,perera_suzuki_miyaura_2018,S5,PERERA_SM_4421,S5_cross_partition_group_tuple_cell
CondRxnBench-Benchmark-v0.1-splits-candidate.1,perera_suzuki_miyaura_2018,S5,PERERA_SM_4427,S5_cross_partition_group_tuple_cell
CondRxnBench-Benchmark-v0.1-splits-candidate.1,perera_suzuki_miyaura_2018,S5,PERERA_SM_4429,S5_cross_partition_group_tuple_cell
CondRxnBench-Benchmark-v0.1-splits-candidate.1,perera_suzuki_miyaura_2018,S5,PERERA_SM_4430,S5_cross_partition_group_tuple_cell
CondRxnBench-Benchmark-v0.1-splits-candidate.1,perera_suzuki_miyaura_2018,S5,PERERA_SM_4432,S5_cross_partition_group_tuple_cell
CondRxnBench-Benchmark-v0.1-splits-candidate.1,perera_suzuki_miyaura_2018,S5,PERERA_SM_4437,S5_cross_partition_group_tuple_cell
CondRxnBench-Benchmark-v0.1-splits-candidate.1,perera_suzuki_miyaura_2018,S5,PERERA_SM_4443,S5_cross_partition_group_tuple_cell
CondRxnBench-Benchmark-v0.1-splits-candidate.1,perera_suzuki_miyaura_2018,S5,PERERA_SM_4446,S5_cross_partition_group_tuple_cell
CondRxnBench-Benchmark-v0.1-splits-candidate.1,perera_suzuki_miyaura_2018,S5,PERERA_SM_4448,S5_cross_partition_group_tuple_cell
CondRxnBench-Benchmark-v0.1-splits-candidate.1,perera_suzuki_miyaura_2018,S5,PERERA_SM_4452,S5_cross_partition_group_tuple_cell
CondRxnBench-Benchmark-v0.1-splits-candidate.1,perera_suzuki_miyaura_2018,S5,PERERA_SM_4453,S5_cross_partition_group_tuple_cell
CondRxnBench-Benchmark-v0.1-splits-candidate.1,perera_suzuki_miyaura_2018,S5,PERERA_SM_4456,S5_cross_partition_group_tuple_cell
CondRxnBench-Benchmark-v0.1-splits-candidate.1,perera_suzuki_miyaura_2018,S5,PERERA_SM_4458,S5_cross_partition_group_tuple_cell
CondRxnBench-Benchmark-v0.1-splits-candidate.1,perera_suzuki_miyaura_2018,S5,PERERA_SM_4459,S5_cross_partition_group_tuple_cell
CondRxnBench-Benchmark-v0.1-splits-candidate.1,perera_suzuki_miyaura_2018,S5,PERERA_SM_4462,S5_cross_partition_group_tuple_cell
CondRxnBench-Benchmark-v0.1-splits-candidate.1,perera_suzuki_miyaura_2018,S5,PERERA_SM_4466,S5_cross_partition_group_tuple_cell
CondRxnBench-Benchmark-v0.1-splits-candidate.1,perera_suzuki_miyaura_2018,S5,PERERA_SM_4467,S5_cross_partition_group_tuple_cell
CondRxnBench-Benchmark-v0.1-splits-candidate.1,perera_suzuki_miyaura_2018,S5,PERERA_SM_4474,S5_cross_partition_group_tuple_cell
CondRxnBench-Benchmark-v0.1-splits-candidate.1,perera_suzuki_miyaura_2018,S5,PERERA_SM_4478,S5_cross_partition_group_tuple_cell
CondRxnBench-Benchmark-v0.1-splits-candidate.1,perera_suzuki_miyaura_2018,S5,PERERA_SM_4482,S5_cross_partition_group_tuple_cell
CondRxnBench-Benchmark-v0.1-splits-candidate.1,perera_suzuki_miyaura_2018,S5,PERERA_SM_4483,S5_cross_partition_group_tuple_cell
CondRxnBench-Benchmark-v0.1-splits-candidate.1,perera_suzuki_miyaura_2018,S5,PERERA_SM_4488,S5_cross_partition_group_tuple_cell
CondRxnBench-Benchmark-v0.1-splits-candidate.1,perera_suzuki_miyaura_2018,S5,PERERA_SM_4492,S5_cross_partition_group_tuple_cell
CondRxnBench-Benchmark-v0.1-splits-candidate.1,perera_suzuki_miyaura_2018,S5,PERERA_SM_4494,S5_cross_partition_group_tuple_cell
CondRxnBench-Benchmark-v0.1-splits-candidate.1,perera_suzuki_miyaura_2018,S5,PERERA_SM_4499,S5_cross_partition_group_tuple_cell
CondRxnBench-Benchmark-v0.1-splits-candidate.1,perera_suzuki_miyaura_2018,S5,PERERA_SM_4501,S5_cross_partition_group_tuple_cell
CondRxnBench-Benchmark-v0.1-splits-candidate.1,perera_suzuki_miyaura_2018,S5,PERERA_SM_4503,S5_cross_partition_group_tuple_cell
CondRxnBench-Benchmark-v0.1-splits-candidate.1,perera_suzuki_miyaura_2018,S5,PERERA_SM_4507,S5_cross_partition_group_tuple_cell
CondRxnBench-Benchmark-v0.1-splits-candidate.1,perera_suzuki_miyaura_2018,S5,PERERA_SM_4511,S5_cross_partition_group_tuple_cell
CondRxnBench-Benchmark-v0.1-splits-candidate.1,perera_suzuki_miyaura_2018,S5,PERERA_SM_4517,S5_cross_partition_group_tuple_cell
CondRxnBench-Benchmark-v0.1-splits-candidate.1,perera_suzuki_miyaura_2018,S5,PERERA_SM_4525,S5_cross_partition_group_tuple_cell
CondRxnBench-Benchmark-v0.1-splits-candidate.1,perera_suzuki_miyaura_2018,S5,PERERA_SM_4526,S5_cross_partition_group_tuple_cell
CondRxnBench-Benchmark-v0.1-splits-candidate.1,perera_suzuki_miyaura_2018,S5,PERERA_SM_4527,S5_cross_partition_group_tuple_cell
CondRxnBench-Benchmark-v0.1-splits-candidate.1,perera_suzuki_miyaura_2018,S5,PERERA_SM_4532,S5_cross_partition_group_tuple_cell
CondRxnBench-Benchmark-v0.1-splits-candidate.1,perera_suzuki_miyaura_2018,S5,PERERA_SM_4533,S5_cross_partition_group_tuple_cell
CondRxnBench-Benchmark-v0.1-splits-candidate.1,perera_suzuki_miyaura_2018,S5,PERERA_SM_4537,S5_cross_partition_group_tuple_cell
CondRxnBench-Benchmark-v0.1-splits-candidate.1,perera_suzuki_miyaura_2018,S5,PERERA_SM_4538,S5_cross_partition_group_tuple_cell
CondRxnBench-Benchmark-v0.1-splits-candidate.1,perera_suzuki_miyaura_2018,S5,PERERA_SM_4543,S5_cross_partition_group_tuple_cell
CondRxnBench-Benchmark-v0.1-splits-candidate.1,perera_suzuki_miyaura_2018,S5,PERERA_SM_4544,S5_cross_partition_group_tuple_cell
CondRxnBench-Benchmark-v0.1-splits-candidate.1,perera_suzuki_miyaura_2018,S5,PERERA_SM_4548,S5_cross_partition_group_tuple_cell
CondRxnBench-Benchmark-v0.1-splits-candidate.1,perera_suzuki_miyaura_2018,S5,PERERA_SM_4549,S5_cross_partition_group_tuple_cell
CondRxnBench-Benchmark-v0.1-splits-candidate.1,perera_suzuki_miyaura_2018,S5,PERERA_SM_4551,S5_cross_partition_group_tuple_cell
CondRxnBench-Benchmark-v0.1-splits-candidate.1,perera_suzuki_miyaura_2018,S5,PERERA_SM_4566,S5_cross_partition_group_tuple_cell
CondRxnBench-Benchmark-v0.1-splits-candidate.1,perera_suzuki_miyaura_2018,S5,PERERA_SM_4577,S5_cross_partition_group_tuple_cell
CondRxnBench-Benchmark-v0.1-splits-candidate.1,perera_suzuki_miyaura_2018,S5,PERERA_SM_4580,S5_cross_partition_group_tuple_cell
CondRxnBench-Benchmark-v0.1-splits-candidate.1,perera_suzuki_miyaura_2018,S5,PERERA_SM_4583,S5_cross_partition_group_tuple_cell
CondRxnBench-Benchmark-v0.1-splits-candidate.1,perera_suzuki_miyaura_2018,S5,PERERA_SM_4585,S5_cross_partition_group_tuple_cell
CondRxnBench-Benchmark-v0.1-splits-candidate.1,perera_suzuki_miyaura_2018,S5,PERERA_SM_4586,S5_cross_partition_group_tuple_cell
CondRxnBench-Benchmark-v0.1-splits-candidate.1,perera_suzuki_miyaura_2018,S5,PERERA_SM_4588,S5_cross_partition_group_tuple_cell
CondRxnBench-Benchmark-v0.1-splits-candidate.1,perera_suzuki_miyaura_2018,S5,PERERA_SM_4591,S5_cross_partition_group_tuple_cell
CondRxnBench-Benchmark-v0.1-splits-candidate.1,perera_suzuki_miyaura_2018,S5,PERERA_SM_4599,S5_cross_partition_group_tuple_cell
CondRxnBench-Benchmark-v0.1-splits-candidate.1,perera_suzuki_miyaura_2018,S5,PERERA_SM_4603,S5_cross_partition_group_tuple_cell
CondRxnBench-Benchmark-v0.1-splits-candidate.1,perera_suzuki_miyaura_2018,S5,PERERA_SM_4604,S5_cross_partition_group_tuple_cell
CondRxnBench-Benchmark-v0.1-splits-candidate.1,perera_suzuki_miyaura_2018,S5,PERERA_SM_4609,S5_cross_partition_group_tuple_cell
CondRxnBench-Benchmark-v0.1-splits-candidate.1,perera_suzuki_miyaura_2018,S5,PERERA_SM_4611,S5_cross_partition_group_tuple_cell
CondRxnBench-Benchmark-v0.1-splits-candidate.1,perera_suzuki_miyaura_2018,S5,PERERA_SM_4612,S5_cross_partition_group_tuple_cell
CondRxnBench-Benchmark-v0.1-splits-candidate.1,perera_suzuki_miyaura_2018,S5,PERERA_SM_4613,S5_cross_partition_group_tuple_cell
CondRxnBench-Benchmark-v0.1-splits-candidate.1,perera_suzuki_miyaura_2018,S5,PERERA_SM_4615,S5_cross_partition_group_tuple_cell
CondRxnBench-Benchmark-v0.1-splits-candidate.1,perera_suzuki_miyaura_2018,S5,PERERA_SM_4616,S5_cross_partition_group_tuple_cell
CondRxnBench-Benchmark-v0.1-splits-candidate.1,perera_suzuki_miyaura_2018,S5,PERERA_SM_4617,S5_cross_partition_group_tuple_cell
CondRxnBench-Benchmark-v0.1-splits-candidate.1,perera_suzuki_miyaura_2018,S5,PERERA_SM_4618,S5_cross_partition_group_tuple_cell
CondRxnBench-Benchmark-v0.1-splits-candidate.1,perera_suzuki_miyaura_2018,S5,PERERA_SM_4619,S5_cross_partition_group_tuple_cell
CondRxnBench-Benchmark-v0.1-splits-candidate.1,perera_suzuki_miyaura_2018,S5,PERERA_SM_4621,S5_cross_partition_group_tuple_cell
CondRxnBench-Benchmark-v0.1-splits-candidate.1,perera_suzuki_miyaura_2018,S5,PERERA_SM_4622,S5_cross_partition_group_tuple_cell
CondRxnBench-Benchmark-v0.1-splits-candidate.1,perera_suzuki_miyaura_2018,S5,PERERA_SM_4623,S5_cross_partition_group_tuple_cell
CondRxnBench-Benchmark-v0.1-splits-candidate.1,perera_suzuki_miyaura_2018,S5,PERERA_SM_4624,S5_cross_partition_group_tuple_cell
CondRxnBench-Benchmark-v0.1-splits-candidate.1,perera_suzuki_miyaura_2018,S5,PERERA_SM_4625,S5_cross_partition_group_tuple_cell
CondRxnBench-Benchmark-v0.1-splits-candidate.1,perera_suzuki_miyaura_2018,S5,PERERA_SM_4626,S5_cross_partition_group_tuple_cell
CondRxnBench-Benchmark-v0.1-splits-candidate.1,perera_suzuki_miyaura_2018,S5,PERERA_SM_4627,S5_cross_partition_group_tuple_cell
CondRxnBench-Benchmark-v0.1-splits-candidate.1,perera_suzuki_miyaura_2018,S5,PERERA_SM_4628,S5_cross_partition_group_tuple_cell
CondRxnBench-Benchmark-v0.1-splits-candidate.1,perera_suzuki_miyaura_2018,S5,PERERA_SM_4629,S5_cross_partition_group_tuple_cell
CondRxnBench-Benchmark-v0.1-splits-candidate.1,perera_suzuki_miyaura_2018,S5,PERERA_SM_4630,S5_cross_partition_group_tuple_cell
CondRxnBench-Benchmark-v0.1-splits-candidate.1,perera_suzuki_miyaura_2018,S5,PERERA_SM_4631,S5_cross_partition_group_tuple_cell
CondRxnBench-Benchmark-v0.1-splits-candidate.1,perera_suzuki_miyaura_2018,S5,PERERA_SM_4632,S5_cross_partition_group_tuple_cell
CondRxnBench-Benchmark-v0.1-splits-candidate.1,perera_suzuki_miyaura_2018,S5,PERERA_SM_4634,S5_cross_partition_group_tuple_cell
CondRxnBench-Benchmark-v0.1-splits-candidate.1,perera_suzuki_miyaura_2018,S5,PERERA_SM_4635,S5_cross_partition_group_tuple_cell
CondRxnBench-Benchmark-v0.1-splits-candidate.1,perera_suzuki_miyaura_2018,S5,PERERA_SM_4636,S5_cross_partition_group_tuple_cell
CondRxnBench-Benchmark-v0.1-splits-candidate.1,perera_suzuki_miyaura_2018,S5,PERERA_SM_4638,S5_cross_partition_group_tuple_cell
CondRxnBench-Benchmark-v0.1-splits-candidate.1,perera_suzuki_miyaura_2018,S5,PERERA_SM_4639,S5_cross_partition_group_tuple_cell
CondRxnBench-Benchmark-v0.1-splits-candidate.1,perera_suzuki_miyaura_2018,S5,PERERA_SM_4640,S5_cross_partition_group_tuple_cell
CondRxnBench-Benchmark-v0.1-splits-candidate.1,perera_suzuki_miyaura_2018,S5,PERERA_SM_4641,S5_cross_partition_group_tuple_cell
CondRxnBench-Benchmark-v0.1-splits-candidate.1,perera_suzuki_miyaura_2018,S5,PERERA_SM_4643,S5_cross_partition_group_tuple_cell
CondRxnBench-Benchmark-v0.1-splits-candidate.1,perera_suzuki_miyaura_2018,S5,PERERA_SM_4644,S5_cross_partition_group_tuple_cell
CondRxnBench-Benchmark-v0.1-splits-candidate.1,perera_suzuki_miyaura_2018,S5,PERERA_SM_4645,S5_cross_partition_group_tuple_cell
CondRxnBench-Benchmark-v0.1-splits-candidate.1,perera_suzuki_miyaura_2018,S5,PERERA_SM_4646,S5_cross_partition_group_tuple_cell
CondRxnBench-Benchmark-v0.1-splits-candidate.1,perera_suzuki_miyaura_2018,S5,PERERA_SM_4647,S5_cross_partition_group_tuple_cell
CondRxnBench-Benchmark-v0.1-splits-candidate.1,perera_suzuki_miyaura_2018,S5,PERERA_SM_4648,S5_cross_partition_group_tuple_cell
CondRxnBench-Benchmark-v0.1-splits-candidate.1,perera_suzuki_miyaura_2018,S5,PERERA_SM_4650,S5_cross_partition_group_tuple_cell
CondRxnBench-Benchmark-v0.1-splits-candidate.1,perera_suzuki_miyaura_2018,S5,PERERA_SM_4651,S5_cross_partition_group_tuple_cell
CondRxnBench-Benchmark-v0.1-splits-candidate.1,perera_suzuki_miyaura_2018,S5,PERERA_SM_4652,S5_cross_partition_group_tuple_cell
CondRxnBench-Benchmark-v0.1-splits-candidate.1,perera_suzuki_miyaura_2018,S5,PERERA_SM_4653,S5_cross_partition_group_tuple_cell
CondRxnBench-Benchmark-v0.1-splits-candidate.1,perera_suzuki_miyaura_2018,S5,PERERA_SM_4654,S5_cross_partition_group_tuple_cell
CondRxnBench-Benchmark-v0.1-splits-candidate.1,perera_suzuki_miyaura_2018,S5,PERERA_SM_4655,S5_cross_partition_group_tuple_cell
CondRxnBench-Benchmark-v0.1-splits-candidate.1,perera_suzuki_miyaura_2018,S5,PERERA_SM_4656,S5_cross_partition_group_tuple_cell
CondRxnBench-Benchmark-v0.1-splits-candidate.1,perera_suzuki_miyaura_2018,S5,PERERA_SM_4660,S5_cross_partition_group_tuple_cell
CondRxnBench-Benchmark-v0.1-splits-candidate.1,perera_suzuki_miyaura_2018,S5,PERERA_SM_4661,S5_cross_partition_group_tuple_cell
CondRxnBench-Benchmark-v0.1-splits-candidate.1,perera_suzuki_miyaura_2018,S5,PERERA_SM_4662,S5_cross_partition_group_tuple_cell
CondRxnBench-Benchmark-v0.1-splits-candidate.1,perera_suzuki_miyaura_2018,S5,PERERA_SM_4664,S5_cross_partition_group_tuple_cell
CondRxnBench-Benchmark-v0.1-splits-candidate.1,perera_suzuki_miyaura_2018,S5,PERERA_SM_4665,S5_cross_partition_group_tuple_cell
CondRxnBench-Benchmark-v0.1-splits-candidate.1,perera_suzuki_miyaura_2018,S5,PERERA_SM_4666,S5_cross_partition_group_tuple_cell
CondRxnBench-Benchmark-v0.1-splits-candidate.1,perera_suzuki_miyaura_2018,S5,PERERA_SM_4667,S5_cross_partition_group_tuple_cell
CondRxnBench-Benchmark-v0.1-splits-candidate.1,perera_suzuki_miyaura_2018,S5,PERERA_SM_4668,S5_cross_partition_group_tuple_cell
CondRxnBench-Benchmark-v0.1-splits-candidate.1,perera_suzuki_miyaura_2018,S5,PERERA_SM_4669,S5_cross_partition_group_tuple_cell
CondRxnBench-Benchmark-v0.1-splits-candidate.1,perera_suzuki_miyaura_2018,S5,PERERA_SM_4670,S5_cross_partition_group_tuple_cell
CondRxnBench-Benchmark-v0.1-splits-candidate.1,perera_suzuki_miyaura_2018,S5,PERERA_SM_4673,S5_cross_partition_group_tuple_cell
CondRxnBench-Benchmark-v0.1-splits-candidate.1,perera_suzuki_miyaura_2018,S5,PERERA_SM_4674,S5_cross_partition_group_tuple_cell
CondRxnBench-Benchmark-v0.1-splits-candidate.1,perera_suzuki_miyaura_2018,S5,PERERA_SM_4675,S5_cross_partition_group_tuple_cell
CondRxnBench-Benchmark-v0.1-splits-candidate.1,perera_suzuki_miyaura_2018,S5,PERERA_SM_4676,S5_cross_partition_group_tuple_cell
CondRxnBench-Benchmark-v0.1-splits-candidate.1,perera_suzuki_miyaura_2018,S5,PERERA_SM_4679,S5_cross_partition_group_tuple_cell
CondRxnBench-Benchmark-v0.1-splits-candidate.1,perera_suzuki_miyaura_2018,S5,PERERA_SM_4680,S5_cross_partition_group_tuple_cell
CondRxnBench-Benchmark-v0.1-splits-candidate.1,perera_suzuki_miyaura_2018,S5,PERERA_SM_4681,S5_cross_partition_group_tuple_cell
CondRxnBench-Benchmark-v0.1-splits-candidate.1,perera_suzuki_miyaura_2018,S5,PERERA_SM_4682,S5_cross_partition_group_tuple_cell
CondRxnBench-Benchmark-v0.1-splits-candidate.1,perera_suzuki_miyaura_2018,S5,PERERA_SM_4683,S5_cross_partition_group_tuple_cell
CondRxnBench-Benchmark-v0.1-splits-candidate.1,perera_suzuki_miyaura_2018,S5,PERERA_SM_4684,S5_cross_partition_group_tuple_cell
CondRxnBench-Benchmark-v0.1-splits-candidate.1,perera_suzuki_miyaura_2018,S5,PERERA_SM_4685,S5_cross_partition_group_tuple_cell
CondRxnBench-Benchmark-v0.1-splits-candidate.1,perera_suzuki_miyaura_2018,S5,PERERA_SM_4686,S5_cross_partition_group_tuple_cell
CondRxnBench-Benchmark-v0.1-splits-candidate.1,perera_suzuki_miyaura_2018,S5,PERERA_SM_4687,S5_cross_partition_group_tuple_cell
CondRxnBench-Benchmark-v0.1-splits-candidate.1,perera_suzuki_miyaura_2018,S5,PERERA_SM_4688,S5_cross_partition_group_tuple_cell
CondRxnBench-Benchmark-v0.1-splits-candidate.1,perera_suzuki_miyaura_2018,S5,PERERA_SM_4689,S5_cross_partition_group_tuple_cell
CondRxnBench-Benchmark-v0.1-splits-candidate.1,perera_suzuki_miyaura_2018,S5,PERERA_SM_4690,S5_cross_partition_group_tuple_cell
CondRxnBench-Benchmark-v0.1-splits-candidate.1,perera_suzuki_miyaura_2018,S5,PERERA_SM_4691,S5_cross_partition_group_tuple_cell
CondRxnBench-Benchmark-v0.1-splits-candidate.1,perera_suzuki_miyaura_2018,S5,PERERA_SM_4692,S5_cross_partition_group_tuple_cell
CondRxnBench-Benchmark-v0.1-splits-candidate.1,perera_suzuki_miyaura_2018,S5,PERERA_SM_4693,S5_cross_partition_group_tuple_cell
CondRxnBench-Benchmark-v0.1-splits-candidate.1,perera_suzuki_miyaura_2018,S5,PERERA_SM_4694,S5_cross_partition_group_tuple_cell
CondRxnBench-Benchmark-v0.1-splits-candidate.1,perera_suzuki_miyaura_2018,S5,PERERA_SM_4695,S5_cross_partition_group_tuple_cell
CondRxnBench-Benchmark-v0.1-splits-candidate.1,perera_suzuki_miyaura_2018,S5,PERERA_SM_4696,S5_cross_partition_group_tuple_cell
CondRxnBench-Benchmark-v0.1-splits-candidate.1,perera_suzuki_miyaura_2018,S5,PERERA_SM_4697,S5_cross_partition_group_tuple_cell
CondRxnBench-Benchmark-v0.1-splits-candidate.1,perera_suzuki_miyaura_2018,S5,PERERA_SM_4698,S5_cross_partition_group_tuple_cell
CondRxnBench-Benchmark-v0.1-splits-candidate.1,perera_suzuki_miyaura_2018,S5,PERERA_SM_4699,S5_cross_partition_group_tuple_cell
CondRxnBench-Benchmark-v0.1-splits-candidate.1,perera_suzuki_miyaura_2018,S5,PERERA_SM_4700,S5_cross_partition_group_tuple_cell
CondRxnBench-Benchmark-v0.1-splits-candidate.1,perera_suzuki_miyaura_2018,S5,PERERA_SM_4701,S5_cross_partition_group_tuple_cell
CondRxnBench-Benchmark-v0.1-splits-candidate.1,perera_suzuki_miyaura_2018,S5,PERERA_SM_4702,S5_cross_partition_group_tuple_cell
CondRxnBench-Benchmark-v0.1-splits-candidate.1,perera_suzuki_miyaura_2018,S5,PERERA_SM_4703,S5_cross_partition_group_tuple_cell
CondRxnBench-Benchmark-v0.1-splits-candidate.1,perera_suzuki_miyaura_2018,S5,PERERA_SM_4705,S5_cross_partition_group_tuple_cell
CondRxnBench-Benchmark-v0.1-splits-candidate.1,perera_suzuki_miyaura_2018,S5,PERERA_SM_4706,S5_cross_partition_group_tuple_cell
CondRxnBench-Benchmark-v0.1-splits-candidate.1,perera_suzuki_miyaura_2018,S5,PERERA_SM_4707,S5_cross_partition_group_tuple_cell
CondRxnBench-Benchmark-v0.1-splits-candidate.1,perera_suzuki_miyaura_2018,S5,PERERA_SM_4708,S5_cross_partition_group_tuple_cell
CondRxnBench-Benchmark-v0.1-splits-candidate.1,perera_suzuki_miyaura_2018,S5,PERERA_SM_4709,S5_cross_partition_group_tuple_cell
CondRxnBench-Benchmark-v0.1-splits-candidate.1,perera_suzuki_miyaura_2018,S5,PERERA_SM_4710,S5_cross_partition_group_tuple_cell
CondRxnBench-Benchmark-v0.1-splits-candidate.1,perera_suzuki_miyaura_2018,S5,PERERA_SM_4712,S5_cross_partition_group_tuple_cell
CondRxnBench-Benchmark-v0.1-splits-candidate.1,perera_suzuki_miyaura_2018,S5,PERERA_SM_4714,S5_cross_partition_group_tuple_cell
CondRxnBench-Benchmark-v0.1-splits-candidate.1,perera_suzuki_miyaura_2018,S5,PERERA_SM_4715,S5_cross_partition_group_tuple_cell
CondRxnBench-Benchmark-v0.1-splits-candidate.1,perera_suzuki_miyaura_2018,S5,PERERA_SM_4716,S5_cross_partition_group_tuple_cell
CondRxnBench-Benchmark-v0.1-splits-candidate.1,perera_suzuki_miyaura_2018,S5,PERERA_SM_4717,S5_cross_partition_group_tuple_cell
CondRxnBench-Benchmark-v0.1-splits-candidate.1,perera_suzuki_miyaura_2018,S5,PERERA_SM_4718,S5_cross_partition_group_tuple_cell
CondRxnBench-Benchmark-v0.1-splits-candidate.1,perera_suzuki_miyaura_2018,S5,PERERA_SM_4719,S5_cross_partition_group_tuple_cell
CondRxnBench-Benchmark-v0.1-splits-candidate.1,perera_suzuki_miyaura_2018,S5,PERERA_SM_4720,S5_cross_partition_group_tuple_cell
CondRxnBench-Benchmark-v0.1-splits-candidate.1,perera_suzuki_miyaura_2018,S5,PERERA_SM_4721,S5_cross_partition_group_tuple_cell
CondRxnBench-Benchmark-v0.1-splits-candidate.1,perera_suzuki_miyaura_2018,S5,PERERA_SM_4722,S5_cross_partition_group_tuple_cell
CondRxnBench-Benchmark-v0.1-splits-candidate.1,perera_suzuki_miyaura_2018,S5,PERERA_SM_4723,S5_cross_partition_group_tuple_cell
CondRxnBench-Benchmark-v0.1-splits-candidate.1,perera_suzuki_miyaura_2018,S5,PERERA_SM_4724,S5_cross_partition_group_tuple_cell
CondRxnBench-Benchmark-v0.1-splits-candidate.1,perera_suzuki_miyaura_2018,S5,PERERA_SM_4725,S5_cross_partition_group_tuple_cell
CondRxnBench-Benchmark-v0.1-splits-candidate.1,perera_suzuki_miyaura_2018,S5,PERERA_SM_4726,S5_cross_partition_group_tuple_cell
CondRxnBench-Benchmark-v0.1-splits-candidate.1,perera_suzuki_miyaura_2018,S5,PERERA_SM_4727,S5_cross_partition_group_tuple_cell
CondRxnBench-Benchmark-v0.1-splits-candidate.1,perera_suzuki_miyaura_2018,S5,PERERA_SM_4728,S5_cross_partition_group_tuple_cell
CondRxnBench-Benchmark-v0.1-splits-candidate.1,perera_suzuki_miyaura_2018,S5,PERERA_SM_4729,S5_cross_partition_group_tuple_cell
CondRxnBench-Benchmark-v0.1-splits-candidate.1,perera_suzuki_miyaura_2018,S5,PERERA_SM_4730,S5_cross_partition_group_tuple_cell
CondRxnBench-Benchmark-v0.1-splits-candidate.1,perera_suzuki_miyaura_2018,S5,PERERA_SM_4734,S5_cross_partition_group_tuple_cell
CondRxnBench-Benchmark-v0.1-splits-candidate.1,perera_suzuki_miyaura_2018,S5,PERERA_SM_4735,S5_cross_partition_group_tuple_cell
CondRxnBench-Benchmark-v0.1-splits-candidate.1,perera_suzuki_miyaura_2018,S5,PERERA_SM_4736,S5_cross_partition_group_tuple_cell
CondRxnBench-Benchmark-v0.1-splits-candidate.1,perera_suzuki_miyaura_2018,S5,PERERA_SM_4737,S5_cross_partition_group_tuple_cell
CondRxnBench-Benchmark-v0.1-splits-candidate.1,perera_suzuki_miyaura_2018,S5,PERERA_SM_4738,S5_cross_partition_group_tuple_cell
CondRxnBench-Benchmark-v0.1-splits-candidate.1,perera_suzuki_miyaura_2018,S5,PERERA_SM_4740,S5_cross_partition_group_tuple_cell
CondRxnBench-Benchmark-v0.1-splits-candidate.1,perera_suzuki_miyaura_2018,S5,PERERA_SM_4741,S5_cross_partition_group_tuple_cell
CondRxnBench-Benchmark-v0.1-splits-candidate.1,perera_suzuki_miyaura_2018,S5,PERERA_SM_4742,S5_cross_partition_group_tuple_cell
CondRxnBench-Benchmark-v0.1-splits-candidate.1,perera_suzuki_miyaura_2018,S5,PERERA_SM_4743,S5_cross_partition_group_tuple_cell
CondRxnBench-Benchmark-v0.1-splits-candidate.1,perera_suzuki_miyaura_2018,S5,PERERA_SM_4744,S5_cross_partition_group_tuple_cell
CondRxnBench-Benchmark-v0.1-splits-candidate.1,perera_suzuki_miyaura_2018,S5,PERERA_SM_4745,S5_cross_partition_group_tuple_cell
CondRxnBench-Benchmark-v0.1-splits-candidate.1,perera_suzuki_miyaura_2018,S5,PERERA_SM_4746,S5_cross_partition_group_tuple_cell
CondRxnBench-Benchmark-v0.1-splits-candidate.1,perera_suzuki_miyaura_2018,S5,PERERA_SM_4747,S5_cross_partition_group_tuple_cell
CondRxnBench-Benchmark-v0.1-splits-candidate.1,perera_suzuki_miyaura_2018,S5,PERERA_SM_4748,S5_cross_partition_group_tuple_cell
CondRxnBench-Benchmark-v0.1-splits-candidate.1,perera_suzuki_miyaura_2018,S5,PERERA_SM_4749,S5_cross_partition_group_tuple_cell
CondRxnBench-Benchmark-v0.1-splits-candidate.1,perera_suzuki_miyaura_2018,S5,PERERA_SM_4751,S5_cross_partition_group_tuple_cell
CondRxnBench-Benchmark-v0.1-splits-candidate.1,perera_suzuki_miyaura_2018,S5,PERERA_SM_4753,S5_cross_partition_group_tuple_cell
CondRxnBench-Benchmark-v0.1-splits-candidate.1,perera_suzuki_miyaura_2018,S5,PERERA_SM_4754,S5_cross_partition_group_tuple_cell
CondRxnBench-Benchmark-v0.1-splits-candidate.1,perera_suzuki_miyaura_2018,S5,PERERA_SM_4755,S5_cross_partition_group_tuple_cell
CondRxnBench-Benchmark-v0.1-splits-candidate.1,perera_suzuki_miyaura_2018,S5,PERERA_SM_4756,S5_cross_partition_group_tuple_cell
CondRxnBench-Benchmark-v0.1-splits-candidate.1,perera_suzuki_miyaura_2018,S5,PERERA_SM_4757,S5_cross_partition_group_tuple_cell
CondRxnBench-Benchmark-v0.1-splits-candidate.1,perera_suzuki_miyaura_2018,S5,PERERA_SM_4758,S5_cross_partition_group_tuple_cell
CondRxnBench-Benchmark-v0.1-splits-candidate.1,perera_suzuki_miyaura_2018,S5,PERERA_SM_4759,S5_cross_partition_group_tuple_cell
CondRxnBench-Benchmark-v0.1-splits-candidate.1,perera_suzuki_miyaura_2018,S5,PERERA_SM_4760,S5_cross_partition_group_tuple_cell
CondRxnBench-Benchmark-v0.1-splits-candidate.1,perera_suzuki_miyaura_2018,S5,PERERA_SM_4761,S5_cross_partition_group_tuple_cell
CondRxnBench-Benchmark-v0.1-splits-candidate.1,perera_suzuki_miyaura_2018,S5,PERERA_SM_4762,S5_cross_partition_group_tuple_cell
CondRxnBench-Benchmark-v0.1-splits-candidate.1,perera_suzuki_miyaura_2018,S5,PERERA_SM_4763,S5_cross_partition_group_tuple_cell
CondRxnBench-Benchmark-v0.1-splits-candidate.1,perera_suzuki_miyaura_2018,S5,PERERA_SM_4764,S5_cross_partition_group_tuple_cell
CondRxnBench-Benchmark-v0.1-splits-candidate.1,perera_suzuki_miyaura_2018,S5,PERERA_SM_4765,S5_cross_partition_group_tuple_cell
CondRxnBench-Benchmark-v0.1-splits-candidate.1,perera_suzuki_miyaura_2018,S5,PERERA_SM_4766,S5_cross_partition_group_tuple_cell
CondRxnBench-Benchmark-v0.1-splits-candidate.1,perera_suzuki_miyaura_2018,S5,PERERA_SM_4767,S5_cross_partition_group_tuple_cell
CondRxnBench-Benchmark-v0.1-splits-candidate.1,perera_suzuki_miyaura_2018,S5,PERERA_SM_4768,S5_cross_partition_group_tuple_cell
CondRxnBench-Benchmark-v0.1-splits-candidate.1,perera_suzuki_miyaura_2018,S5,PERERA_SM_4769,S5_cross_partition_group_tuple_cell
CondRxnBench-Benchmark-v0.1-splits-candidate.1,perera_suzuki_miyaura_2018,S5,PERERA_SM_4770,S5_cross_partition_group_tuple_cell
CondRxnBench-Benchmark-v0.1-splits-candidate.1,perera_suzuki_miyaura_2018,S5,PERERA_SM_4772,S5_cross_partition_group_tuple_cell
CondRxnBench-Benchmark-v0.1-splits-candidate.1,perera_suzuki_miyaura_2018,S5,PERERA_SM_4773,S5_cross_partition_group_tuple_cell
CondRxnBench-Benchmark-v0.1-splits-candidate.1,perera_suzuki_miyaura_2018,S5,PERERA_SM_4774,S5_cross_partition_group_tuple_cell
CondRxnBench-Benchmark-v0.1-splits-candidate.1,perera_suzuki_miyaura_2018,S5,PERERA_SM_4775,S5_cross_partition_group_tuple_cell
CondRxnBench-Benchmark-v0.1-splits-candidate.1,perera_suzuki_miyaura_2018,S5,PERERA_SM_4776,S5_cross_partition_group_tuple_cell
CondRxnBench-Benchmark-v0.1-splits-candidate.1,perera_suzuki_miyaura_2018,S5,PERERA_SM_4778,S5_cross_partition_group_tuple_cell
CondRxnBench-Benchmark-v0.1-splits-candidate.1,perera_suzuki_miyaura_2018,S5,PERERA_SM_4779,S5_cross_partition_group_tuple_cell
CondRxnBench-Benchmark-v0.1-splits-candidate.1,perera_suzuki_miyaura_2018,S5,PERERA_SM_4780,S5_cross_partition_group_tuple_cell
CondRxnBench-Benchmark-v0.1-splits-candidate.1,perera_suzuki_miyaura_2018,S5,PERERA_SM_4781,S5_cross_partition_group_tuple_cell
CondRxnBench-Benchmark-v0.1-splits-candidate.1,perera_suzuki_miyaura_2018,S5,PERERA_SM_4782,S5_cross_partition_group_tuple_cell
CondRxnBench-Benchmark-v0.1-splits-candidate.1,perera_suzuki_miyaura_2018,S5,PERERA_SM_4783,S5_cross_partition_group_tuple_cell
CondRxnBench-Benchmark-v0.1-splits-candidate.1,perera_suzuki_miyaura_2018,S5,PERERA_SM_4784,S5_cross_partition_group_tuple_cell
CondRxnBench-Benchmark-v0.1-splits-candidate.1,perera_suzuki_miyaura_2018,S5,PERERA_SM_4785,S5_cross_partition_group_tuple_cell
CondRxnBench-Benchmark-v0.1-splits-candidate.1,perera_suzuki_miyaura_2018,S5,PERERA_SM_4786,S5_cross_partition_group_tuple_cell
CondRxnBench-Benchmark-v0.1-splits-candidate.1,perera_suzuki_miyaura_2018,S5,PERERA_SM_4787,S5_cross_partition_group_tuple_cell
CondRxnBench-Benchmark-v0.1-splits-candidate.1,perera_suzuki_miyaura_2018,S5,PERERA_SM_4788,S5_cross_partition_group_tuple_cell
CondRxnBench-Benchmark-v0.1-splits-candidate.1,perera_suzuki_miyaura_2018,S5,PERERA_SM_4789,S5_cross_partition_group_tuple_cell
CondRxnBench-Benchmark-v0.1-splits-candidate.1,perera_suzuki_miyaura_2018,S5,PERERA_SM_4790,S5_cross_partition_group_tuple_cell
CondRxnBench-Benchmark-v0.1-splits-candidate.1,perera_suzuki_miyaura_2018,S5,PERERA_SM_4791,S5_cross_partition_group_tuple_cell
CondRxnBench-Benchmark-v0.1-splits-candidate.1,perera_suzuki_miyaura_2018,S5,PERERA_SM_4792,S5_cross_partition_group_tuple_cell
CondRxnBench-Benchmark-v0.1-splits-candidate.1,perera_suzuki_miyaura_2018,S5,PERERA_SM_4793,S5_cross_partition_group_tuple_cell
CondRxnBench-Benchmark-v0.1-splits-candidate.1,perera_suzuki_miyaura_2018,S5,PERERA_SM_4794,S5_cross_partition_group_tuple_cell
CondRxnBench-Benchmark-v0.1-splits-candidate.1,perera_suzuki_miyaura_2018,S5,PERERA_SM_4795,S5_cross_partition_group_tuple_cell
CondRxnBench-Benchmark-v0.1-splits-candidate.1,perera_suzuki_miyaura_2018,S5,PERERA_SM_4796,S5_cross_partition_group_tuple_cell
CondRxnBench-Benchmark-v0.1-splits-candidate.1,perera_suzuki_miyaura_2018,S5,PERERA_SM_4797,S5_cross_partition_group_tuple_cell
CondRxnBench-Benchmark-v0.1-splits-candidate.1,perera_suzuki_miyaura_2018,S5,PERERA_SM_4798,S5_cross_partition_group_tuple_cell
CondRxnBench-Benchmark-v0.1-splits-candidate.1,perera_suzuki_miyaura_2018,S5,PERERA_SM_4799,S5_cross_partition_group_tuple_cell
CondRxnBench-Benchmark-v0.1-splits-candidate.1,perera_suzuki_miyaura_2018,S5,PERERA_SM_4800,S5_cross_partition_group_tuple_cell
CondRxnBench-Benchmark-v0.1-splits-candidate.1,perera_suzuki_miyaura_2018,S5,PERERA_SM_4801,S5_cross_partition_group_tuple_cell
CondRxnBench-Benchmark-v0.1-splits-candidate.1,perera_suzuki_miyaura_2018,S5,PERERA_SM_4802,S5_cross_partition_group_tuple_cell
CondRxnBench-Benchmark-v0.1-splits-candidate.1,perera_suzuki_miyaura_2018,S5,PERERA_SM_4803,S5_cross_partition_group_tuple_cell
CondRxnBench-Benchmark-v0.1-splits-candidate.1,perera_suzuki_miyaura_2018,S5,PERERA_SM_4805,S5_cross_partition_group_tuple_cell
CondRxnBench-Benchmark-v0.1-splits-candidate.1,perera_suzuki_miyaura_2018,S5,PERERA_SM_4807,S5_cross_partition_group_tuple_cell
CondRxnBench-Benchmark-v0.1-splits-candidate.1,perera_suzuki_miyaura_2018,S5,PERERA_SM_4808,S5_cross_partition_group_tuple_cell
CondRxnBench-Benchmark-v0.1-splits-candidate.1,perera_suzuki_miyaura_2018,S5,PERERA_SM_4809,S5_cross_partition_group_tuple_cell
CondRxnBench-Benchmark-v0.1-splits-candidate.1,perera_suzuki_miyaura_2018,S5,PERERA_SM_4810,S5_cross_partition_group_tuple_cell
CondRxnBench-Benchmark-v0.1-splits-candidate.1,perera_suzuki_miyaura_2018,S5,PERERA_SM_4811,S5_cross_partition_group_tuple_cell
CondRxnBench-Benchmark-v0.1-splits-candidate.1,perera_suzuki_miyaura_2018,S5,PERERA_SM_4812,S5_cross_partition_group_tuple_cell
CondRxnBench-Benchmark-v0.1-splits-candidate.1,perera_suzuki_miyaura_2018,S5,PERERA_SM_4814,S5_cross_partition_group_tuple_cell
CondRxnBench-Benchmark-v0.1-splits-candidate.1,perera_suzuki_miyaura_2018,S5,PERERA_SM_4815,S5_cross_partition_group_tuple_cell
CondRxnBench-Benchmark-v0.1-splits-candidate.1,perera_suzuki_miyaura_2018,S5,PERERA_SM_4817,S5_cross_partition_group_tuple_cell
CondRxnBench-Benchmark-v0.1-splits-candidate.1,perera_suzuki_miyaura_2018,S5,PERERA_SM_4818,S5_cross_partition_group_tuple_cell
CondRxnBench-Benchmark-v0.1-splits-candidate.1,perera_suzuki_miyaura_2018,S5,PERERA_SM_4819,S5_cross_partition_group_tuple_cell
CondRxnBench-Benchmark-v0.1-splits-candidate.1,perera_suzuki_miyaura_2018,S5,PERERA_SM_4820,S5_cross_partition_group_tuple_cell
CondRxnBench-Benchmark-v0.1-splits-candidate.1,perera_suzuki_miyaura_2018,S5,PERERA_SM_4821,S5_cross_partition_group_tuple_cell
CondRxnBench-Benchmark-v0.1-splits-candidate.1,perera_suzuki_miyaura_2018,S5,PERERA_SM_4822,S5_cross_partition_group_tuple_cell
CondRxnBench-Benchmark-v0.1-splits-candidate.1,perera_suzuki_miyaura_2018,S5,PERERA_SM_4823,S5_cross_partition_group_tuple_cell
CondRxnBench-Benchmark-v0.1-splits-candidate.1,perera_suzuki_miyaura_2018,S5,PERERA_SM_4824,S5_cross_partition_group_tuple_cell
CondRxnBench-Benchmark-v0.1-splits-candidate.1,perera_suzuki_miyaura_2018,S5,PERERA_SM_4825,S5_cross_partition_group_tuple_cell
CondRxnBench-Benchmark-v0.1-splits-candidate.1,perera_suzuki_miyaura_2018,S5,PERERA_SM_4826,S5_cross_partition_group_tuple_cell
CondRxnBench-Benchmark-v0.1-splits-candidate.1,perera_suzuki_miyaura_2018,S5,PERERA_SM_4828,S5_cross_partition_group_tuple_cell
CondRxnBench-Benchmark-v0.1-splits-candidate.1,perera_suzuki_miyaura_2018,S5,PERERA_SM_4829,S5_cross_partition_group_tuple_cell
CondRxnBench-Benchmark-v0.1-splits-candidate.1,perera_suzuki_miyaura_2018,S5,PERERA_SM_4830,S5_cross_partition_group_tuple_cell
CondRxnBench-Benchmark-v0.1-splits-candidate.1,perera_suzuki_miyaura_2018,S5,PERERA_SM_4831,S5_cross_partition_group_tuple_cell
CondRxnBench-Benchmark-v0.1-splits-candidate.1,perera_suzuki_miyaura_2018,S5,PERERA_SM_4832,S5_cross_partition_group_tuple_cell
CondRxnBench-Benchmark-v0.1-splits-candidate.1,perera_suzuki_miyaura_2018,S5,PERERA_SM_4833,S5_cross_partition_group_tuple_cell
CondRxnBench-Benchmark-v0.1-splits-candidate.1,perera_suzuki_miyaura_2018,S5,PERERA_SM_4834,S5_cross_partition_group_tuple_cell
CondRxnBench-Benchmark-v0.1-splits-candidate.1,perera_suzuki_miyaura_2018,S5,PERERA_SM_4836,S5_cross_partition_group_tuple_cell
CondRxnBench-Benchmark-v0.1-splits-candidate.1,perera_suzuki_miyaura_2018,S5,PERERA_SM_4838,S5_cross_partition_group_tuple_cell
CondRxnBench-Benchmark-v0.1-splits-candidate.1,perera_suzuki_miyaura_2018,S5,PERERA_SM_4839,S5_cross_partition_group_tuple_cell
CondRxnBench-Benchmark-v0.1-splits-candidate.1,perera_suzuki_miyaura_2018,S5,PERERA_SM_4840,S5_cross_partition_group_tuple_cell
CondRxnBench-Benchmark-v0.1-splits-candidate.1,perera_suzuki_miyaura_2018,S5,PERERA_SM_4841,S5_cross_partition_group_tuple_cell
CondRxnBench-Benchmark-v0.1-splits-candidate.1,perera_suzuki_miyaura_2018,S5,PERERA_SM_4842,S5_cross_partition_group_tuple_cell
CondRxnBench-Benchmark-v0.1-splits-candidate.1,perera_suzuki_miyaura_2018,S5,PERERA_SM_4843,S5_cross_partition_group_tuple_cell
CondRxnBench-Benchmark-v0.1-splits-candidate.1,perera_suzuki_miyaura_2018,S5,PERERA_SM_4844,S5_cross_partition_group_tuple_cell
CondRxnBench-Benchmark-v0.1-splits-candidate.1,perera_suzuki_miyaura_2018,S5,PERERA_SM_4845,S5_cross_partition_group_tuple_cell
CondRxnBench-Benchmark-v0.1-splits-candidate.1,perera_suzuki_miyaura_2018,S5,PERERA_SM_4846,S5_cross_partition_group_tuple_cell
CondRxnBench-Benchmark-v0.1-splits-candidate.1,perera_suzuki_miyaura_2018,S5,PERERA_SM_4848,S5_cross_partition_group_tuple_cell
CondRxnBench-Benchmark-v0.1-splits-candidate.1,perera_suzuki_miyaura_2018,S5,PERERA_SM_4849,S5_cross_partition_group_tuple_cell
CondRxnBench-Benchmark-v0.1-splits-candidate.1,perera_suzuki_miyaura_2018,S5,PERERA_SM_4852,S5_cross_partition_group_tuple_cell
CondRxnBench-Benchmark-v0.1-splits-candidate.1,perera_suzuki_miyaura_2018,S5,PERERA_SM_4853,S5_cross_partition_group_tuple_cell
CondRxnBench-Benchmark-v0.1-splits-candidate.1,perera_suzuki_miyaura_2018,S5,PERERA_SM_4854,S5_cross_partition_group_tuple_cell
CondRxnBench-Benchmark-v0.1-splits-candidate.1,perera_suzuki_miyaura_2018,S5,PERERA_SM_4855,S5_cross_partition_group_tuple_cell
CondRxnBench-Benchmark-v0.1-splits-candidate.1,perera_suzuki_miyaura_2018,S5,PERERA_SM_4856,S5_cross_partition_group_tuple_cell
CondRxnBench-Benchmark-v0.1-splits-candidate.1,perera_suzuki_miyaura_2018,S5,PERERA_SM_4857,S5_cross_partition_group_tuple_cell
CondRxnBench-Benchmark-v0.1-splits-candidate.1,perera_suzuki_miyaura_2018,S5,PERERA_SM_4858,S5_cross_partition_group_tuple_cell
CondRxnBench-Benchmark-v0.1-splits-candidate.1,perera_suzuki_miyaura_2018,S5,PERERA_SM_4859,S5_cross_partition_group_tuple_cell
CondRxnBench-Benchmark-v0.1-splits-candidate.1,perera_suzuki_miyaura_2018,S5,PERERA_SM_4860,S5_cross_partition_group_tuple_cell
CondRxnBench-Benchmark-v0.1-splits-candidate.1,perera_suzuki_miyaura_2018,S5,PERERA_SM_4861,S5_cross_partition_group_tuple_cell
CondRxnBench-Benchmark-v0.1-splits-candidate.1,perera_suzuki_miyaura_2018,S5,PERERA_SM_4862,S5_cross_partition_group_tuple_cell
CondRxnBench-Benchmark-v0.1-splits-candidate.1,perera_suzuki_miyaura_2018,S5,PERERA_SM_4863,S5_cross_partition_group_tuple_cell
CondRxnBench-Benchmark-v0.1-splits-candidate.1,perera_suzuki_miyaura_2018,S5,PERERA_SM_4864,S5_cross_partition_group_tuple_cell
CondRxnBench-Benchmark-v0.1-splits-candidate.1,perera_suzuki_miyaura_2018,S5,PERERA_SM_4865,S5_cross_partition_group_tuple_cell
CondRxnBench-Benchmark-v0.1-splits-candidate.1,perera_suzuki_miyaura_2018,S5,PERERA_SM_4866,S5_cross_partition_group_tuple_cell
CondRxnBench-Benchmark-v0.1-splits-candidate.1,perera_suzuki_miyaura_2018,S5,PERERA_SM_4867,S5_cross_partition_group_tuple_cell
CondRxnBench-Benchmark-v0.1-splits-candidate.1,perera_suzuki_miyaura_2018,S5,PERERA_SM_4868,S5_cross_partition_group_tuple_cell
CondRxnBench-Benchmark-v0.1-splits-candidate.1,perera_suzuki_miyaura_2018,S5,PERERA_SM_4869,S5_cross_partition_group_tuple_cell
CondRxnBench-Benchmark-v0.1-splits-candidate.1,perera_suzuki_miyaura_2018,S5,PERERA_SM_4870,S5_cross_partition_group_tuple_cell
CondRxnBench-Benchmark-v0.1-splits-candidate.1,perera_suzuki_miyaura_2018,S5,PERERA_SM_4871,S5_cross_partition_group_tuple_cell
CondRxnBench-Benchmark-v0.1-splits-candidate.1,perera_suzuki_miyaura_2018,S5,PERERA_SM_4872,S5_cross_partition_group_tuple_cell
CondRxnBench-Benchmark-v0.1-splits-candidate.1,perera_suzuki_miyaura_2018,S5,PERERA_SM_4873,S5_cross_partition_group_tuple_cell
CondRxnBench-Benchmark-v0.1-splits-candidate.1,perera_suzuki_miyaura_2018,S5,PERERA_SM_4874,S5_cross_partition_group_tuple_cell
CondRxnBench-Benchmark-v0.1-splits-candidate.1,perera_suzuki_miyaura_2018,S5,PERERA_SM_4875,S5_cross_partition_group_tuple_cell
CondRxnBench-Benchmark-v0.1-splits-candidate.1,perera_suzuki_miyaura_2018,S5,PERERA_SM_4876,S5_cross_partition_group_tuple_cell
CondRxnBench-Benchmark-v0.1-splits-candidate.1,perera_suzuki_miyaura_2018,S5,PERERA_SM_4877,S5_cross_partition_group_tuple_cell
CondRxnBench-Benchmark-v0.1-splits-candidate.1,perera_suzuki_miyaura_2018,S5,PERERA_SM_4878,S5_cross_partition_group_tuple_cell
CondRxnBench-Benchmark-v0.1-splits-candidate.1,perera_suzuki_miyaura_2018,S5,PERERA_SM_4879,S5_cross_partition_group_tuple_cell
CondRxnBench-Benchmark-v0.1-splits-candidate.1,perera_suzuki_miyaura_2018,S5,PERERA_SM_4880,S5_cross_partition_group_tuple_cell
CondRxnBench-Benchmark-v0.1-splits-candidate.1,perera_suzuki_miyaura_2018,S5,PERERA_SM_4881,S5_cross_partition_group_tuple_cell
CondRxnBench-Benchmark-v0.1-splits-candidate.1,perera_suzuki_miyaura_2018,S5,PERERA_SM_4882,S5_cross_partition_group_tuple_cell
CondRxnBench-Benchmark-v0.1-splits-candidate.1,perera_suzuki_miyaura_2018,S5,PERERA_SM_4883,S5_cross_partition_group_tuple_cell
CondRxnBench-Benchmark-v0.1-splits-candidate.1,perera_suzuki_miyaura_2018,S5,PERERA_SM_4884,S5_cross_partition_group_tuple_cell
CondRxnBench-Benchmark-v0.1-splits-candidate.1,perera_suzuki_miyaura_2018,S5,PERERA_SM_4885,S5_cross_partition_group_tuple_cell
CondRxnBench-Benchmark-v0.1-splits-candidate.1,perera_suzuki_miyaura_2018,S5,PERERA_SM_4886,S5_cross_partition_group_tuple_cell
CondRxnBench-Benchmark-v0.1-splits-candidate.1,perera_suzuki_miyaura_2018,S5,PERERA_SM_4887,S5_cross_partition_group_tuple_cell
CondRxnBench-Benchmark-v0.1-splits-candidate.1,perera_suzuki_miyaura_2018,S5,PERERA_SM_4890,S5_cross_partition_group_tuple_cell
CondRxnBench-Benchmark-v0.1-splits-candidate.1,perera_suzuki_miyaura_2018,S5,PERERA_SM_4894,S5_cross_partition_group_tuple_cell
CondRxnBench-Benchmark-v0.1-splits-candidate.1,perera_suzuki_miyaura_2018,S5,PERERA_SM_4896,S5_cross_partition_group_tuple_cell
CondRxnBench-Benchmark-v0.1-splits-candidate.1,perera_suzuki_miyaura_2018,S5,PERERA_SM_4897,S5_cross_partition_group_tuple_cell
CondRxnBench-Benchmark-v0.1-splits-candidate.1,perera_suzuki_miyaura_2018,S5,PERERA_SM_4898,S5_cross_partition_group_tuple_cell
CondRxnBench-Benchmark-v0.1-splits-candidate.1,perera_suzuki_miyaura_2018,S5,PERERA_SM_4901,S5_cross_partition_group_tuple_cell
CondRxnBench-Benchmark-v0.1-splits-candidate.1,perera_suzuki_miyaura_2018,S5,PERERA_SM_4902,S5_cross_partition_group_tuple_cell
CondRxnBench-Benchmark-v0.1-splits-candidate.1,perera_suzuki_miyaura_2018,S5,PERERA_SM_4903,S5_cross_partition_group_tuple_cell
CondRxnBench-Benchmark-v0.1-splits-candidate.1,perera_suzuki_miyaura_2018,S5,PERERA_SM_4904,S5_cross_partition_group_tuple_cell
CondRxnBench-Benchmark-v0.1-splits-candidate.1,perera_suzuki_miyaura_2018,S5,PERERA_SM_4905,S5_cross_partition_group_tuple_cell
CondRxnBench-Benchmark-v0.1-splits-candidate.1,perera_suzuki_miyaura_2018,S5,PERERA_SM_4906,S5_cross_partition_group_tuple_cell
CondRxnBench-Benchmark-v0.1-splits-candidate.1,perera_suzuki_miyaura_2018,S5,PERERA_SM_4907,S5_cross_partition_group_tuple_cell
CondRxnBench-Benchmark-v0.1-splits-candidate.1,perera_suzuki_miyaura_2018,S5,PERERA_SM_4908,S5_cross_partition_group_tuple_cell
CondRxnBench-Benchmark-v0.1-splits-candidate.1,perera_suzuki_miyaura_2018,S5,PERERA_SM_4909,S5_cross_partition_group_tuple_cell
CondRxnBench-Benchmark-v0.1-splits-candidate.1,perera_suzuki_miyaura_2018,S5,PERERA_SM_4910,S5_cross_partition_group_tuple_cell
CondRxnBench-Benchmark-v0.1-splits-candidate.1,perera_suzuki_miyaura_2018,S5,PERERA_SM_4911,S5_cross_partition_group_tuple_cell
CondRxnBench-Benchmark-v0.1-splits-candidate.1,perera_suzuki_miyaura_2018,S5,PERERA_SM_4912,S5_cross_partition_group_tuple_cell
CondRxnBench-Benchmark-v0.1-splits-candidate.1,perera_suzuki_miyaura_2018,S5,PERERA_SM_4913,S5_cross_partition_group_tuple_cell
CondRxnBench-Benchmark-v0.1-splits-candidate.1,perera_suzuki_miyaura_2018,S5,PERERA_SM_4914,S5_cross_partition_group_tuple_cell
CondRxnBench-Benchmark-v0.1-splits-candidate.1,perera_suzuki_miyaura_2018,S5,PERERA_SM_4915,S5_cross_partition_group_tuple_cell
CondRxnBench-Benchmark-v0.1-splits-candidate.1,perera_suzuki_miyaura_2018,S5,PERERA_SM_4917,S5_cross_partition_group_tuple_cell
CondRxnBench-Benchmark-v0.1-splits-candidate.1,perera_suzuki_miyaura_2018,S5,PERERA_SM_4918,S5_cross_partition_group_tuple_cell
CondRxnBench-Benchmark-v0.1-splits-candidate.1,perera_suzuki_miyaura_2018,S5,PERERA_SM_4919,S5_cross_partition_group_tuple_cell
CondRxnBench-Benchmark-v0.1-splits-candidate.1,perera_suzuki_miyaura_2018,S5,PERERA_SM_4920,S5_cross_partition_group_tuple_cell
CondRxnBench-Benchmark-v0.1-splits-candidate.1,perera_suzuki_miyaura_2018,S5,PERERA_SM_4921,S5_cross_partition_group_tuple_cell
CondRxnBench-Benchmark-v0.1-splits-candidate.1,perera_suzuki_miyaura_2018,S5,PERERA_SM_4922,S5_cross_partition_group_tuple_cell
CondRxnBench-Benchmark-v0.1-splits-candidate.1,perera_suzuki_miyaura_2018,S5,PERERA_SM_4923,S5_cross_partition_group_tuple_cell
CondRxnBench-Benchmark-v0.1-splits-candidate.1,perera_suzuki_miyaura_2018,S5,PERERA_SM_4924,S5_cross_partition_group_tuple_cell
CondRxnBench-Benchmark-v0.1-splits-candidate.1,perera_suzuki_miyaura_2018,S5,PERERA_SM_4925,S5_cross_partition_group_tuple_cell
CondRxnBench-Benchmark-v0.1-splits-candidate.1,perera_suzuki_miyaura_2018,S5,PERERA_SM_4926,S5_cross_partition_group_tuple_cell
CondRxnBench-Benchmark-v0.1-splits-candidate.1,perera_suzuki_miyaura_2018,S5,PERERA_SM_4928,S5_cross_partition_group_tuple_cell
CondRxnBench-Benchmark-v0.1-splits-candidate.1,perera_suzuki_miyaura_2018,S5,PERERA_SM_4929,S5_cross_partition_group_tuple_cell
CondRxnBench-Benchmark-v0.1-splits-candidate.1,perera_suzuki_miyaura_2018,S5,PERERA_SM_4930,S5_cross_partition_group_tuple_cell
CondRxnBench-Benchmark-v0.1-splits-candidate.1,perera_suzuki_miyaura_2018,S5,PERERA_SM_4932,S5_cross_partition_group_tuple_cell
CondRxnBench-Benchmark-v0.1-splits-candidate.1,perera_suzuki_miyaura_2018,S5,PERERA_SM_4933,S5_cross_partition_group_tuple_cell
CondRxnBench-Benchmark-v0.1-splits-candidate.1,perera_suzuki_miyaura_2018,S5,PERERA_SM_4934,S5_cross_partition_group_tuple_cell
CondRxnBench-Benchmark-v0.1-splits-candidate.1,perera_suzuki_miyaura_2018,S5,PERERA_SM_4936,S5_cross_partition_group_tuple_cell
CondRxnBench-Benchmark-v0.1-splits-candidate.1,perera_suzuki_miyaura_2018,S5,PERERA_SM_4938,S5_cross_partition_group_tuple_cell
CondRxnBench-Benchmark-v0.1-splits-candidate.1,perera_suzuki_miyaura_2018,S5,PERERA_SM_4939,S5_cross_partition_group_tuple_cell
CondRxnBench-Benchmark-v0.1-splits-candidate.1,perera_suzuki_miyaura_2018,S5,PERERA_SM_4940,S5_cross_partition_group_tuple_cell
CondRxnBench-Benchmark-v0.1-splits-candidate.1,perera_suzuki_miyaura_2018,S5,PERERA_SM_4941,S5_cross_partition_group_tuple_cell
CondRxnBench-Benchmark-v0.1-splits-candidate.1,perera_suzuki_miyaura_2018,S5,PERERA_SM_4942,S5_cross_partition_group_tuple_cell
CondRxnBench-Benchmark-v0.1-splits-candidate.1,perera_suzuki_miyaura_2018,S5,PERERA_SM_4943,S5_cross_partition_group_tuple_cell
CondRxnBench-Benchmark-v0.1-splits-candidate.1,perera_suzuki_miyaura_2018,S5,PERERA_SM_4945,S5_cross_partition_group_tuple_cell
CondRxnBench-Benchmark-v0.1-splits-candidate.1,perera_suzuki_miyaura_2018,S5,PERERA_SM_4946,S5_cross_partition_group_tuple_cell
CondRxnBench-Benchmark-v0.1-splits-candidate.1,perera_suzuki_miyaura_2018,S5,PERERA_SM_4947,S5_cross_partition_group_tuple_cell
CondRxnBench-Benchmark-v0.1-splits-candidate.1,perera_suzuki_miyaura_2018,S5,PERERA_SM_4948,S5_cross_partition_group_tuple_cell
CondRxnBench-Benchmark-v0.1-splits-candidate.1,perera_suzuki_miyaura_2018,S5,PERERA_SM_4949,S5_cross_partition_group_tuple_cell
CondRxnBench-Benchmark-v0.1-splits-candidate.1,perera_suzuki_miyaura_2018,S5,PERERA_SM_4950,S5_cross_partition_group_tuple_cell
CondRxnBench-Benchmark-v0.1-splits-candidate.1,perera_suzuki_miyaura_2018,S5,PERERA_SM_4951,S5_cross_partition_group_tuple_cell
CondRxnBench-Benchmark-v0.1-splits-candidate.1,perera_suzuki_miyaura_2018,S5,PERERA_SM_4952,S5_cross_partition_group_tuple_cell
CondRxnBench-Benchmark-v0.1-splits-candidate.1,perera_suzuki_miyaura_2018,S5,PERERA_SM_4954,S5_cross_partition_group_tuple_cell
CondRxnBench-Benchmark-v0.1-splits-candidate.1,perera_suzuki_miyaura_2018,S5,PERERA_SM_4955,S5_cross_partition_group_tuple_cell
CondRxnBench-Benchmark-v0.1-splits-candidate.1,perera_suzuki_miyaura_2018,S5,PERERA_SM_4956,S5_cross_partition_group_tuple_cell
CondRxnBench-Benchmark-v0.1-splits-candidate.1,perera_suzuki_miyaura_2018,S5,PERERA_SM_4957,S5_cross_partition_group_tuple_cell
CondRxnBench-Benchmark-v0.1-splits-candidate.1,perera_suzuki_miyaura_2018,S5,PERERA_SM_4958,S5_cross_partition_group_tuple_cell
CondRxnBench-Benchmark-v0.1-splits-candidate.1,perera_suzuki_miyaura_2018,S5,PERERA_SM_4959,S5_cross_partition_group_tuple_cell
CondRxnBench-Benchmark-v0.1-splits-candidate.1,perera_suzuki_miyaura_2018,S5,PERERA_SM_4960,S5_cross_partition_group_tuple_cell
CondRxnBench-Benchmark-v0.1-splits-candidate.1,perera_suzuki_miyaura_2018,S5,PERERA_SM_4963,S5_cross_partition_group_tuple_cell
CondRxnBench-Benchmark-v0.1-splits-candidate.1,perera_suzuki_miyaura_2018,S5,PERERA_SM_4964,S5_cross_partition_group_tuple_cell
CondRxnBench-Benchmark-v0.1-splits-candidate.1,perera_suzuki_miyaura_2018,S5,PERERA_SM_4965,S5_cross_partition_group_tuple_cell
CondRxnBench-Benchmark-v0.1-splits-candidate.1,perera_suzuki_miyaura_2018,S5,PERERA_SM_4966,S5_cross_partition_group_tuple_cell
CondRxnBench-Benchmark-v0.1-splits-candidate.1,perera_suzuki_miyaura_2018,S5,PERERA_SM_4968,S5_cross_partition_group_tuple_cell
CondRxnBench-Benchmark-v0.1-splits-candidate.1,perera_suzuki_miyaura_2018,S5,PERERA_SM_4969,S5_cross_partition_group_tuple_cell
CondRxnBench-Benchmark-v0.1-splits-candidate.1,perera_suzuki_miyaura_2018,S5,PERERA_SM_4970,S5_cross_partition_group_tuple_cell
CondRxnBench-Benchmark-v0.1-splits-candidate.1,perera_suzuki_miyaura_2018,S5,PERERA_SM_4972,S5_cross_partition_group_tuple_cell
CondRxnBench-Benchmark-v0.1-splits-candidate.1,perera_suzuki_miyaura_2018,S5,PERERA_SM_4974,S5_cross_partition_group_tuple_cell
CondRxnBench-Benchmark-v0.1-splits-candidate.1,perera_suzuki_miyaura_2018,S5,PERERA_SM_4975,S5_cross_partition_group_tuple_cell
CondRxnBench-Benchmark-v0.1-splits-candidate.1,perera_suzuki_miyaura_2018,S5,PERERA_SM_4976,S5_cross_partition_group_tuple_cell
CondRxnBench-Benchmark-v0.1-splits-candidate.1,perera_suzuki_miyaura_2018,S5,PERERA_SM_4977,S5_cross_partition_group_tuple_cell
CondRxnBench-Benchmark-v0.1-splits-candidate.1,perera_suzuki_miyaura_2018,S5,PERERA_SM_4979,S5_cross_partition_group_tuple_cell
CondRxnBench-Benchmark-v0.1-splits-candidate.1,perera_suzuki_miyaura_2018,S5,PERERA_SM_4980,S5_cross_partition_group_tuple_cell
CondRxnBench-Benchmark-v0.1-splits-candidate.1,perera_suzuki_miyaura_2018,S5,PERERA_SM_4981,S5_cross_partition_group_tuple_cell
CondRxnBench-Benchmark-v0.1-splits-candidate.1,perera_suzuki_miyaura_2018,S5,PERERA_SM_4983,S5_cross_partition_group_tuple_cell
CondRxnBench-Benchmark-v0.1-splits-candidate.1,perera_suzuki_miyaura_2018,S5,PERERA_SM_4984,S5_cross_partition_group_tuple_cell
CondRxnBench-Benchmark-v0.1-splits-candidate.1,perera_suzuki_miyaura_2018,S5,PERERA_SM_4985,S5_cross_partition_group_tuple_cell
CondRxnBench-Benchmark-v0.1-splits-candidate.1,perera_suzuki_miyaura_2018,S5,PERERA_SM_4987,S5_cross_partition_group_tuple_cell
CondRxnBench-Benchmark-v0.1-splits-candidate.1,perera_suzuki_miyaura_2018,S5,PERERA_SM_4988,S5_cross_partition_group_tuple_cell
CondRxnBench-Benchmark-v0.1-splits-candidate.1,perera_suzuki_miyaura_2018,S5,PERERA_SM_4989,S5_cross_partition_group_tuple_cell
CondRxnBench-Benchmark-v0.1-splits-candidate.1,perera_suzuki_miyaura_2018,S5,PERERA_SM_4990,S5_cross_partition_group_tuple_cell
CondRxnBench-Benchmark-v0.1-splits-candidate.1,perera_suzuki_miyaura_2018,S5,PERERA_SM_4991,S5_cross_partition_group_tuple_cell
CondRxnBench-Benchmark-v0.1-splits-candidate.1,perera_suzuki_miyaura_2018,S5,PERERA_SM_4996,S5_cross_partition_group_tuple_cell
CondRxnBench-Benchmark-v0.1-splits-candidate.1,perera_suzuki_miyaura_2018,S5,PERERA_SM_5005,S5_cross_partition_group_tuple_cell
CondRxnBench-Benchmark-v0.1-splits-candidate.1,perera_suzuki_miyaura_2018,S5,PERERA_SM_5006,S5_cross_partition_group_tuple_cell
CondRxnBench-Benchmark-v0.1-splits-candidate.1,perera_suzuki_miyaura_2018,S5,PERERA_SM_5011,S5_cross_partition_group_tuple_cell
CondRxnBench-Benchmark-v0.1-splits-candidate.1,perera_suzuki_miyaura_2018,S5,PERERA_SM_5012,S5_cross_partition_group_tuple_cell
CondRxnBench-Benchmark-v0.1-splits-candidate.1,perera_suzuki_miyaura_2018,S5,PERERA_SM_5016,S5_cross_partition_group_tuple_cell
CondRxnBench-Benchmark-v0.1-splits-candidate.1,perera_suzuki_miyaura_2018,S5,PERERA_SM_5017,S5_cross_partition_group_tuple_cell
CondRxnBench-Benchmark-v0.1-splits-candidate.1,perera_suzuki_miyaura_2018,S5,PERERA_SM_5022,S5_cross_partition_group_tuple_cell
CondRxnBench-Benchmark-v0.1-splits-candidate.1,perera_suzuki_miyaura_2018,S5,PERERA_SM_5023,S5_cross_partition_group_tuple_cell
CondRxnBench-Benchmark-v0.1-splits-candidate.1,perera_suzuki_miyaura_2018,S5,PERERA_SM_5027,S5_cross_partition_group_tuple_cell
CondRxnBench-Benchmark-v0.1-splits-candidate.1,perera_suzuki_miyaura_2018,S5,PERERA_SM_5028,S5_cross_partition_group_tuple_cell
CondRxnBench-Benchmark-v0.1-splits-candidate.1,perera_suzuki_miyaura_2018,S5,PERERA_SM_5030,S5_cross_partition_group_tuple_cell
CondRxnBench-Benchmark-v0.1-splits-candidate.1,perera_suzuki_miyaura_2018,S5,PERERA_SM_5040,S5_cross_partition_group_tuple_cell
CondRxnBench-Benchmark-v0.1-splits-candidate.1,perera_suzuki_miyaura_2018,S5,PERERA_SM_5045,S5_cross_partition_group_tuple_cell
CondRxnBench-Benchmark-v0.1-splits-candidate.1,perera_suzuki_miyaura_2018,S5,PERERA_SM_5056,S5_cross_partition_group_tuple_cell
CondRxnBench-Benchmark-v0.1-splits-candidate.1,perera_suzuki_miyaura_2018,S5,PERERA_SM_5059,S5_cross_partition_group_tuple_cell
CondRxnBench-Benchmark-v0.1-splits-candidate.1,perera_suzuki_miyaura_2018,S5,PERERA_SM_5062,S5_cross_partition_group_tuple_cell
CondRxnBench-Benchmark-v0.1-splits-candidate.1,perera_suzuki_miyaura_2018,S5,PERERA_SM_5065,S5_cross_partition_group_tuple_cell
CondRxnBench-Benchmark-v0.1-splits-candidate.1,perera_suzuki_miyaura_2018,S5,PERERA_SM_5067,S5_cross_partition_group_tuple_cell
CondRxnBench-Benchmark-v0.1-splits-candidate.1,perera_suzuki_miyaura_2018,S5,PERERA_SM_5070,S5_cross_partition_group_tuple_cell
CondRxnBench-Benchmark-v0.1-splits-candidate.1,perera_suzuki_miyaura_2018,S5,PERERA_SM_5076,S5_cross_partition_group_tuple_cell
CondRxnBench-Benchmark-v0.1-splits-candidate.1,perera_suzuki_miyaura_2018,S5,PERERA_SM_5078,S5_cross_partition_group_tuple_cell
CondRxnBench-Benchmark-v0.1-splits-candidate.1,perera_suzuki_miyaura_2018,S5,PERERA_SM_5082,S5_cross_partition_group_tuple_cell
CondRxnBench-Benchmark-v0.1-splits-candidate.1,perera_suzuki_miyaura_2018,S5,PERERA_SM_5083,S5_cross_partition_group_tuple_cell
CondRxnBench-Benchmark-v0.1-splits-candidate.1,perera_suzuki_miyaura_2018,S5,PERERA_SM_5094,S5_cross_partition_group_tuple_cell
CondRxnBench-Benchmark-v0.1-splits-candidate.1,perera_suzuki_miyaura_2018,S5,PERERA_SM_5095,S5_cross_partition_group_tuple_cell
CondRxnBench-Benchmark-v0.1-splits-candidate.1,perera_suzuki_miyaura_2018,S5,PERERA_SM_5096,S5_cross_partition_group_tuple_cell
CondRxnBench-Benchmark-v0.1-splits-candidate.1,perera_suzuki_miyaura_2018,S5,PERERA_SM_5097,S5_cross_partition_group_tuple_cell
CondRxnBench-Benchmark-v0.1-splits-candidate.1,perera_suzuki_miyaura_2018,S5,PERERA_SM_5099,S5_cross_partition_group_tuple_cell
CondRxnBench-Benchmark-v0.1-splits-candidate.1,perera_suzuki_miyaura_2018,S5,PERERA_SM_5109,S5_cross_partition_group_tuple_cell
CondRxnBench-Benchmark-v0.1-splits-candidate.1,perera_suzuki_miyaura_2018,S5,PERERA_SM_5112,S5_cross_partition_group_tuple_cell
CondRxnBench-Benchmark-v0.1-splits-candidate.1,perera_suzuki_miyaura_2018,S5,PERERA_SM_5115,S5_cross_partition_group_tuple_cell
CondRxnBench-Benchmark-v0.1-splits-candidate.1,perera_suzuki_miyaura_2018,S5,PERERA_SM_5116,S5_cross_partition_group_tuple_cell
CondRxnBench-Benchmark-v0.1-splits-candidate.1,perera_suzuki_miyaura_2018,S5,PERERA_SM_5117,S5_cross_partition_group_tuple_cell
CondRxnBench-Benchmark-v0.1-splits-candidate.1,perera_suzuki_miyaura_2018,S5,PERERA_SM_5120,S5_cross_partition_group_tuple_cell
CondRxnBench-Benchmark-v0.1-splits-candidate.1,perera_suzuki_miyaura_2018,S5,PERERA_SM_5123,S5_cross_partition_group_tuple_cell
CondRxnBench-Benchmark-v0.1-splits-candidate.1,perera_suzuki_miyaura_2018,S5,PERERA_SM_5127,S5_cross_partition_group_tuple_cell
CondRxnBench-Benchmark-v0.1-splits-candidate.1,perera_suzuki_miyaura_2018,S5,PERERA_SM_5131,S5_cross_partition_group_tuple_cell
CondRxnBench-Benchmark-v0.1-splits-candidate.1,perera_suzuki_miyaura_2018,S5,PERERA_SM_5133,S5_cross_partition_group_tuple_cell
CondRxnBench-Benchmark-v0.1-splits-candidate.1,perera_suzuki_miyaura_2018,S5,PERERA_SM_5134,S5_cross_partition_group_tuple_cell
CondRxnBench-Benchmark-v0.1-splits-candidate.1,perera_suzuki_miyaura_2018,S5,PERERA_SM_5136,S5_cross_partition_group_tuple_cell
CondRxnBench-Benchmark-v0.1-splits-candidate.1,perera_suzuki_miyaura_2018,S5,PERERA_SM_5142,S5_cross_partition_group_tuple_cell
CondRxnBench-Benchmark-v0.1-splits-candidate.1,perera_suzuki_miyaura_2018,S5,PERERA_SM_5147,S5_cross_partition_group_tuple_cell
CondRxnBench-Benchmark-v0.1-splits-candidate.1,perera_suzuki_miyaura_2018,S5,PERERA_SM_5155,S5_cross_partition_group_tuple_cell
CondRxnBench-Benchmark-v0.1-splits-candidate.1,perera_suzuki_miyaura_2018,S5,PERERA_SM_5161,S5_cross_partition_group_tuple_cell
CondRxnBench-Benchmark-v0.1-splits-candidate.1,perera_suzuki_miyaura_2018,S5,PERERA_SM_5172,S5_cross_partition_group_tuple_cell
CondRxnBench-Benchmark-v0.1-splits-candidate.1,perera_suzuki_miyaura_2018,S5,PERERA_SM_5179,S5_cross_partition_group_tuple_cell
CondRxnBench-Benchmark-v0.1-splits-candidate.1,perera_suzuki_miyaura_2018,S5,PERERA_SM_5191,S5_cross_partition_group_tuple_cell
CondRxnBench-Benchmark-v0.1-splits-candidate.1,perera_suzuki_miyaura_2018,S5,PERERA_SM_5194,S5_cross_partition_group_tuple_cell
CondRxnBench-Benchmark-v0.1-splits-candidate.1,perera_suzuki_miyaura_2018,S5,PERERA_SM_5195,S5_cross_partition_group_tuple_cell
CondRxnBench-Benchmark-v0.1-splits-candidate.1,perera_suzuki_miyaura_2018,S5,PERERA_SM_5196,S5_cross_partition_group_tuple_cell
CondRxnBench-Benchmark-v0.1-splits-candidate.1,perera_suzuki_miyaura_2018,S5,PERERA_SM_5197,S5_cross_partition_group_tuple_cell
CondRxnBench-Benchmark-v0.1-splits-candidate.1,perera_suzuki_miyaura_2018,S5,PERERA_SM_5198,S5_cross_partition_group_tuple_cell
CondRxnBench-Benchmark-v0.1-splits-candidate.1,perera_suzuki_miyaura_2018,S5,PERERA_SM_5199,S5_cross_partition_group_tuple_cell
CondRxnBench-Benchmark-v0.1-splits-candidate.1,perera_suzuki_miyaura_2018,S5,PERERA_SM_5203,S5_cross_partition_group_tuple_cell
CondRxnBench-Benchmark-v0.1-splits-candidate.1,perera_suzuki_miyaura_2018,S5,PERERA_SM_5208,S5_cross_partition_group_tuple_cell
CondRxnBench-Benchmark-v0.1-splits-candidate.1,perera_suzuki_miyaura_2018,S5,PERERA_SM_5211,S5_cross_partition_group_tuple_cell
CondRxnBench-Benchmark-v0.1-splits-candidate.1,perera_suzuki_miyaura_2018,S5,PERERA_SM_5212,S5_cross_partition_group_tuple_cell
CondRxnBench-Benchmark-v0.1-splits-candidate.1,perera_suzuki_miyaura_2018,S5,PERERA_SM_5216,S5_cross_partition_group_tuple_cell
CondRxnBench-Benchmark-v0.1-splits-candidate.1,perera_suzuki_miyaura_2018,S5,PERERA_SM_5223,S5_cross_partition_group_tuple_cell
CondRxnBench-Benchmark-v0.1-splits-candidate.1,perera_suzuki_miyaura_2018,S5,PERERA_SM_5225,S5_cross_partition_group_tuple_cell
CondRxnBench-Benchmark-v0.1-splits-candidate.1,perera_suzuki_miyaura_2018,S5,PERERA_SM_5226,S5_cross_partition_group_tuple_cell
CondRxnBench-Benchmark-v0.1-splits-candidate.1,perera_suzuki_miyaura_2018,S5,PERERA_SM_5227,S5_cross_partition_group_tuple_cell
CondRxnBench-Benchmark-v0.1-splits-candidate.1,perera_suzuki_miyaura_2018,S5,PERERA_SM_5228,S5_cross_partition_group_tuple_cell
CondRxnBench-Benchmark-v0.1-splits-candidate.1,perera_suzuki_miyaura_2018,S5,PERERA_SM_5229,S5_cross_partition_group_tuple_cell
CondRxnBench-Benchmark-v0.1-splits-candidate.1,perera_suzuki_miyaura_2018,S5,PERERA_SM_5231,S5_cross_partition_group_tuple_cell
CondRxnBench-Benchmark-v0.1-splits-candidate.1,perera_suzuki_miyaura_2018,S5,PERERA_SM_5235,S5_cross_partition_group_tuple_cell
CondRxnBench-Benchmark-v0.1-splits-candidate.1,perera_suzuki_miyaura_2018,S5,PERERA_SM_5237,S5_cross_partition_group_tuple_cell
CondRxnBench-Benchmark-v0.1-splits-candidate.1,perera_suzuki_miyaura_2018,S5,PERERA_SM_5238,S5_cross_partition_group_tuple_cell
CondRxnBench-Benchmark-v0.1-splits-candidate.1,perera_suzuki_miyaura_2018,S5,PERERA_SM_5239,S5_cross_partition_group_tuple_cell
CondRxnBench-Benchmark-v0.1-splits-candidate.1,perera_suzuki_miyaura_2018,S5,PERERA_SM_5243,S5_cross_partition_group_tuple_cell
CondRxnBench-Benchmark-v0.1-splits-candidate.1,perera_suzuki_miyaura_2018,S5,PERERA_SM_5247,S5_cross_partition_group_tuple_cell
CondRxnBench-Benchmark-v0.1-splits-candidate.1,perera_suzuki_miyaura_2018,S5,PERERA_SM_5250,S5_cross_partition_group_tuple_cell
CondRxnBench-Benchmark-v0.1-splits-candidate.1,perera_suzuki_miyaura_2018,S5,PERERA_SM_5251,S5_cross_partition_group_tuple_cell
CondRxnBench-Benchmark-v0.1-splits-candidate.1,perera_suzuki_miyaura_2018,S5,PERERA_SM_5252,S5_cross_partition_group_tuple_cell
CondRxnBench-Benchmark-v0.1-splits-candidate.1,perera_suzuki_miyaura_2018,S5,PERERA_SM_5256,S5_cross_partition_group_tuple_cell
CondRxnBench-Benchmark-v0.1-splits-candidate.1,perera_suzuki_miyaura_2018,S5,PERERA_SM_5260,S5_cross_partition_group_tuple_cell
CondRxnBench-Benchmark-v0.1-splits-candidate.1,perera_suzuki_miyaura_2018,S5,PERERA_SM_5263,S5_cross_partition_group_tuple_cell
CondRxnBench-Benchmark-v0.1-splits-candidate.1,perera_suzuki_miyaura_2018,S5,PERERA_SM_5267,S5_cross_partition_group_tuple_cell
CondRxnBench-Benchmark-v0.1-splits-candidate.1,perera_suzuki_miyaura_2018,S5,PERERA_SM_5268,S5_cross_partition_group_tuple_cell
CondRxnBench-Benchmark-v0.1-splits-candidate.1,perera_suzuki_miyaura_2018,S5,PERERA_SM_5270,S5_cross_partition_group_tuple_cell
CondRxnBench-Benchmark-v0.1-splits-candidate.1,perera_suzuki_miyaura_2018,S5,PERERA_SM_5276,S5_cross_partition_group_tuple_cell
CondRxnBench-Benchmark-v0.1-splits-candidate.1,perera_suzuki_miyaura_2018,S5,PERERA_SM_5283,S5_cross_partition_group_tuple_cell
CondRxnBench-Benchmark-v0.1-splits-candidate.1,perera_suzuki_miyaura_2018,S5,PERERA_SM_5284,S5_cross_partition_group_tuple_cell
CondRxnBench-Benchmark-v0.1-splits-candidate.1,perera_suzuki_miyaura_2018,S5,PERERA_SM_5290,S5_cross_partition_group_tuple_cell
CondRxnBench-Benchmark-v0.1-splits-candidate.1,perera_suzuki_miyaura_2018,S5,PERERA_SM_5293,S5_cross_partition_group_tuple_cell
CondRxnBench-Benchmark-v0.1-splits-candidate.1,perera_suzuki_miyaura_2018,S5,PERERA_SM_5295,S5_cross_partition_group_tuple_cell
CondRxnBench-Benchmark-v0.1-splits-candidate.1,perera_suzuki_miyaura_2018,S5,PERERA_SM_5300,S5_cross_partition_group_tuple_cell
CondRxnBench-Benchmark-v0.1-splits-candidate.1,perera_suzuki_miyaura_2018,S5,PERERA_SM_5304,S5_cross_partition_group_tuple_cell
CondRxnBench-Benchmark-v0.1-splits-candidate.1,perera_suzuki_miyaura_2018,S5,PERERA_SM_5306,S5_cross_partition_group_tuple_cell
CondRxnBench-Benchmark-v0.1-splits-candidate.1,perera_suzuki_miyaura_2018,S5,PERERA_SM_5309,S5_cross_partition_group_tuple_cell
CondRxnBench-Benchmark-v0.1-splits-candidate.1,perera_suzuki_miyaura_2018,S5,PERERA_SM_5311,S5_cross_partition_group_tuple_cell
CondRxnBench-Benchmark-v0.1-splits-candidate.1,perera_suzuki_miyaura_2018,S5,PERERA_SM_5315,S5_cross_partition_group_tuple_cell
CondRxnBench-Benchmark-v0.1-splits-candidate.1,perera_suzuki_miyaura_2018,S5,PERERA_SM_5319,S5_cross_partition_group_tuple_cell
CondRxnBench-Benchmark-v0.1-splits-candidate.1,perera_suzuki_miyaura_2018,S5,PERERA_SM_5321,S5_cross_partition_group_tuple_cell
CondRxnBench-Benchmark-v0.1-splits-candidate.1,perera_suzuki_miyaura_2018,S5,PERERA_SM_5322,S5_cross_partition_group_tuple_cell
CondRxnBench-Benchmark-v0.1-splits-candidate.1,perera_suzuki_miyaura_2018,S5,PERERA_SM_5325,S5_cross_partition_group_tuple_cell
CondRxnBench-Benchmark-v0.1-splits-candidate.1,perera_suzuki_miyaura_2018,S5,PERERA_SM_5328,S5_cross_partition_group_tuple_cell
CondRxnBench-Benchmark-v0.1-splits-candidate.1,perera_suzuki_miyaura_2018,S5,PERERA_SM_5329,S5_cross_partition_group_tuple_cell
CondRxnBench-Benchmark-v0.1-splits-candidate.1,perera_suzuki_miyaura_2018,S5,PERERA_SM_5330,S5_cross_partition_group_tuple_cell
CondRxnBench-Benchmark-v0.1-splits-candidate.1,perera_suzuki_miyaura_2018,S5,PERERA_SM_5337,S5_cross_partition_group_tuple_cell
CondRxnBench-Benchmark-v0.1-splits-candidate.1,perera_suzuki_miyaura_2018,S5,PERERA_SM_5341,S5_cross_partition_group_tuple_cell
CondRxnBench-Benchmark-v0.1-splits-candidate.1,perera_suzuki_miyaura_2018,S5,PERERA_SM_5345,S5_cross_partition_group_tuple_cell
CondRxnBench-Benchmark-v0.1-splits-candidate.1,perera_suzuki_miyaura_2018,S5,PERERA_SM_5346,S5_cross_partition_group_tuple_cell
CondRxnBench-Benchmark-v0.1-splits-candidate.1,perera_suzuki_miyaura_2018,S5,PERERA_SM_5351,S5_cross_partition_group_tuple_cell
CondRxnBench-Benchmark-v0.1-splits-candidate.1,perera_suzuki_miyaura_2018,S5,PERERA_SM_5355,S5_cross_partition_group_tuple_cell
CondRxnBench-Benchmark-v0.1-splits-candidate.1,perera_suzuki_miyaura_2018,S5,PERERA_SM_5357,S5_cross_partition_group_tuple_cell
CondRxnBench-Benchmark-v0.1-splits-candidate.1,perera_suzuki_miyaura_2018,S5,PERERA_SM_5362,S5_cross_partition_group_tuple_cell
CondRxnBench-Benchmark-v0.1-splits-candidate.1,perera_suzuki_miyaura_2018,S5,PERERA_SM_5366,S5_cross_partition_group_tuple_cell
CondRxnBench-Benchmark-v0.1-splits-candidate.1,perera_suzuki_miyaura_2018,S5,PERERA_SM_5370,S5_cross_partition_group_tuple_cell
CondRxnBench-Benchmark-v0.1-splits-candidate.1,perera_suzuki_miyaura_2018,S5,PERERA_SM_5374,S5_cross_partition_group_tuple_cell
CondRxnBench-Benchmark-v0.1-splits-candidate.1,perera_suzuki_miyaura_2018,S5,PERERA_SM_5376,S5_cross_partition_group_tuple_cell
CondRxnBench-Benchmark-v0.1-splits-candidate.1,perera_suzuki_miyaura_2018,S5,PERERA_SM_5380,S5_cross_partition_group_tuple_cell
CondRxnBench-Benchmark-v0.1-splits-candidate.1,perera_suzuki_miyaura_2018,S5,PERERA_SM_5389,S5_cross_partition_group_tuple_cell
CondRxnBench-Benchmark-v0.1-splits-candidate.1,perera_suzuki_miyaura_2018,S5,PERERA_SM_5390,S5_cross_partition_group_tuple_cell
CondRxnBench-Benchmark-v0.1-splits-candidate.1,perera_suzuki_miyaura_2018,S5,PERERA_SM_5395,S5_cross_partition_group_tuple_cell
CondRxnBench-Benchmark-v0.1-splits-candidate.1,perera_suzuki_miyaura_2018,S5,PERERA_SM_5396,S5_cross_partition_group_tuple_cell
CondRxnBench-Benchmark-v0.1-splits-candidate.1,perera_suzuki_miyaura_2018,S5,PERERA_SM_5400,S5_cross_partition_group_tuple_cell
CondRxnBench-Benchmark-v0.1-splits-candidate.1,perera_suzuki_miyaura_2018,S5,PERERA_SM_5401,S5_cross_partition_group_tuple_cell
CondRxnBench-Benchmark-v0.1-splits-candidate.1,perera_suzuki_miyaura_2018,S5,PERERA_SM_5406,S5_cross_partition_group_tuple_cell
CondRxnBench-Benchmark-v0.1-splits-candidate.1,perera_suzuki_miyaura_2018,S5,PERERA_SM_5407,S5_cross_partition_group_tuple_cell
CondRxnBench-Benchmark-v0.1-splits-candidate.1,perera_suzuki_miyaura_2018,S5,PERERA_SM_5411,S5_cross_partition_group_tuple_cell
CondRxnBench-Benchmark-v0.1-splits-candidate.1,perera_suzuki_miyaura_2018,S5,PERERA_SM_5412,S5_cross_partition_group_tuple_cell
CondRxnBench-Benchmark-v0.1-splits-candidate.1,perera_suzuki_miyaura_2018,S5,PERERA_SM_5414,S5_cross_partition_group_tuple_cell
CondRxnBench-Benchmark-v0.1-splits-candidate.1,perera_suzuki_miyaura_2018,S5,PERERA_SM_5424,S5_cross_partition_group_tuple_cell
CondRxnBench-Benchmark-v0.1-splits-candidate.1,perera_suzuki_miyaura_2018,S5,PERERA_SM_5429,S5_cross_partition_group_tuple_cell
CondRxnBench-Benchmark-v0.1-splits-candidate.1,perera_suzuki_miyaura_2018,S5,PERERA_SM_5440,S5_cross_partition_group_tuple_cell
CondRxnBench-Benchmark-v0.1-splits-candidate.1,perera_suzuki_miyaura_2018,S5,PERERA_SM_5443,S5_cross_partition_group_tuple_cell
CondRxnBench-Benchmark-v0.1-splits-candidate.1,perera_suzuki_miyaura_2018,S5,PERERA_SM_5446,S5_cross_partition_group_tuple_cell
CondRxnBench-Benchmark-v0.1-splits-candidate.1,perera_suzuki_miyaura_2018,S5,PERERA_SM_5449,S5_cross_partition_group_tuple_cell
CondRxnBench-Benchmark-v0.1-splits-candidate.1,perera_suzuki_miyaura_2018,S5,PERERA_SM_5451,S5_cross_partition_group_tuple_cell
CondRxnBench-Benchmark-v0.1-splits-candidate.1,perera_suzuki_miyaura_2018,S5,PERERA_SM_5454,S5_cross_partition_group_tuple_cell
CondRxnBench-Benchmark-v0.1-splits-candidate.1,perera_suzuki_miyaura_2018,S5,PERERA_SM_5460,S5_cross_partition_group_tuple_cell
CondRxnBench-Benchmark-v0.1-splits-candidate.1,perera_suzuki_miyaura_2018,S5,PERERA_SM_5462,S5_cross_partition_group_tuple_cell
CondRxnBench-Benchmark-v0.1-splits-candidate.1,perera_suzuki_miyaura_2018,S5,PERERA_SM_5466,S5_cross_partition_group_tuple_cell
CondRxnBench-Benchmark-v0.1-splits-candidate.1,perera_suzuki_miyaura_2018,S5,PERERA_SM_5467,S5_cross_partition_group_tuple_cell
CondRxnBench-Benchmark-v0.1-splits-candidate.1,perera_suzuki_miyaura_2018,S5,PERERA_SM_5478,S5_cross_partition_group_tuple_cell
CondRxnBench-Benchmark-v0.1-splits-candidate.1,perera_suzuki_miyaura_2018,S5,PERERA_SM_5479,S5_cross_partition_group_tuple_cell
CondRxnBench-Benchmark-v0.1-splits-candidate.1,perera_suzuki_miyaura_2018,S5,PERERA_SM_5480,S5_cross_partition_group_tuple_cell
CondRxnBench-Benchmark-v0.1-splits-candidate.1,perera_suzuki_miyaura_2018,S5,PERERA_SM_5481,S5_cross_partition_group_tuple_cell
CondRxnBench-Benchmark-v0.1-splits-candidate.1,perera_suzuki_miyaura_2018,S5,PERERA_SM_5483,S5_cross_partition_group_tuple_cell
CondRxnBench-Benchmark-v0.1-splits-candidate.1,perera_suzuki_miyaura_2018,S5,PERERA_SM_5493,S5_cross_partition_group_tuple_cell
CondRxnBench-Benchmark-v0.1-splits-candidate.1,perera_suzuki_miyaura_2018,S5,PERERA_SM_5496,S5_cross_partition_group_tuple_cell
CondRxnBench-Benchmark-v0.1-splits-candidate.1,perera_suzuki_miyaura_2018,S5,PERERA_SM_5499,S5_cross_partition_group_tuple_cell
CondRxnBench-Benchmark-v0.1-splits-candidate.1,perera_suzuki_miyaura_2018,S5,PERERA_SM_5500,S5_cross_partition_group_tuple_cell
CondRxnBench-Benchmark-v0.1-splits-candidate.1,perera_suzuki_miyaura_2018,S5,PERERA_SM_5501,S5_cross_partition_group_tuple_cell
CondRxnBench-Benchmark-v0.1-splits-candidate.1,perera_suzuki_miyaura_2018,S5,PERERA_SM_5504,S5_cross_partition_group_tuple_cell
CondRxnBench-Benchmark-v0.1-splits-candidate.1,perera_suzuki_miyaura_2018,S5,PERERA_SM_5507,S5_cross_partition_group_tuple_cell
CondRxnBench-Benchmark-v0.1-splits-candidate.1,perera_suzuki_miyaura_2018,S5,PERERA_SM_5511,S5_cross_partition_group_tuple_cell
CondRxnBench-Benchmark-v0.1-splits-candidate.1,perera_suzuki_miyaura_2018,S5,PERERA_SM_5515,S5_cross_partition_group_tuple_cell
CondRxnBench-Benchmark-v0.1-splits-candidate.1,perera_suzuki_miyaura_2018,S5,PERERA_SM_5517,S5_cross_partition_group_tuple_cell
CondRxnBench-Benchmark-v0.1-splits-candidate.1,perera_suzuki_miyaura_2018,S5,PERERA_SM_5518,S5_cross_partition_group_tuple_cell
CondRxnBench-Benchmark-v0.1-splits-candidate.1,perera_suzuki_miyaura_2018,S5,PERERA_SM_5520,S5_cross_partition_group_tuple_cell
CondRxnBench-Benchmark-v0.1-splits-candidate.1,perera_suzuki_miyaura_2018,S5,PERERA_SM_5526,S5_cross_partition_group_tuple_cell
CondRxnBench-Benchmark-v0.1-splits-candidate.1,perera_suzuki_miyaura_2018,S5,PERERA_SM_5531,S5_cross_partition_group_tuple_cell
CondRxnBench-Benchmark-v0.1-splits-candidate.1,perera_suzuki_miyaura_2018,S5,PERERA_SM_5539,S5_cross_partition_group_tuple_cell
CondRxnBench-Benchmark-v0.1-splits-candidate.1,perera_suzuki_miyaura_2018,S5,PERERA_SM_5545,S5_cross_partition_group_tuple_cell
CondRxnBench-Benchmark-v0.1-splits-candidate.1,perera_suzuki_miyaura_2018,S5,PERERA_SM_5556,S5_cross_partition_group_tuple_cell
CondRxnBench-Benchmark-v0.1-splits-candidate.1,perera_suzuki_miyaura_2018,S5,PERERA_SM_5563,S5_cross_partition_group_tuple_cell
CondRxnBench-Benchmark-v0.1-splits-candidate.1,perera_suzuki_miyaura_2018,S5,PERERA_SM_5575,S5_cross_partition_group_tuple_cell
CondRxnBench-Benchmark-v0.1-splits-candidate.1,perera_suzuki_miyaura_2018,S5,PERERA_SM_5578,S5_cross_partition_group_tuple_cell
CondRxnBench-Benchmark-v0.1-splits-candidate.1,perera_suzuki_miyaura_2018,S5,PERERA_SM_5579,S5_cross_partition_group_tuple_cell
CondRxnBench-Benchmark-v0.1-splits-candidate.1,perera_suzuki_miyaura_2018,S5,PERERA_SM_5580,S5_cross_partition_group_tuple_cell
CondRxnBench-Benchmark-v0.1-splits-candidate.1,perera_suzuki_miyaura_2018,S5,PERERA_SM_5581,S5_cross_partition_group_tuple_cell
CondRxnBench-Benchmark-v0.1-splits-candidate.1,perera_suzuki_miyaura_2018,S5,PERERA_SM_5582,S5_cross_partition_group_tuple_cell
CondRxnBench-Benchmark-v0.1-splits-candidate.1,perera_suzuki_miyaura_2018,S5,PERERA_SM_5583,S5_cross_partition_group_tuple_cell
CondRxnBench-Benchmark-v0.1-splits-candidate.1,perera_suzuki_miyaura_2018,S5,PERERA_SM_5587,S5_cross_partition_group_tuple_cell
CondRxnBench-Benchmark-v0.1-splits-candidate.1,perera_suzuki_miyaura_2018,S5,PERERA_SM_5592,S5_cross_partition_group_tuple_cell
CondRxnBench-Benchmark-v0.1-splits-candidate.1,perera_suzuki_miyaura_2018,S5,PERERA_SM_5595,S5_cross_partition_group_tuple_cell
CondRxnBench-Benchmark-v0.1-splits-candidate.1,perera_suzuki_miyaura_2018,S5,PERERA_SM_5596,S5_cross_partition_group_tuple_cell
CondRxnBench-Benchmark-v0.1-splits-candidate.1,perera_suzuki_miyaura_2018,S5,PERERA_SM_5600,S5_cross_partition_group_tuple_cell
CondRxnBench-Benchmark-v0.1-splits-candidate.1,perera_suzuki_miyaura_2018,S5,PERERA_SM_5607,S5_cross_partition_group_tuple_cell
CondRxnBench-Benchmark-v0.1-splits-candidate.1,perera_suzuki_miyaura_2018,S5,PERERA_SM_5609,S5_cross_partition_group_tuple_cell
CondRxnBench-Benchmark-v0.1-splits-candidate.1,perera_suzuki_miyaura_2018,S5,PERERA_SM_5610,S5_cross_partition_group_tuple_cell
CondRxnBench-Benchmark-v0.1-splits-candidate.1,perera_suzuki_miyaura_2018,S5,PERERA_SM_5611,S5_cross_partition_group_tuple_cell
CondRxnBench-Benchmark-v0.1-splits-candidate.1,perera_suzuki_miyaura_2018,S5,PERERA_SM_5612,S5_cross_partition_group_tuple_cell
CondRxnBench-Benchmark-v0.1-splits-candidate.1,perera_suzuki_miyaura_2018,S5,PERERA_SM_5613,S5_cross_partition_group_tuple_cell
CondRxnBench-Benchmark-v0.1-splits-candidate.1,perera_suzuki_miyaura_2018,S5,PERERA_SM_5615,S5_cross_partition_group_tuple_cell
CondRxnBench-Benchmark-v0.1-splits-candidate.1,perera_suzuki_miyaura_2018,S5,PERERA_SM_5619,S5_cross_partition_group_tuple_cell
CondRxnBench-Benchmark-v0.1-splits-candidate.1,perera_suzuki_miyaura_2018,S5,PERERA_SM_5621,S5_cross_partition_group_tuple_cell
CondRxnBench-Benchmark-v0.1-splits-candidate.1,perera_suzuki_miyaura_2018,S5,PERERA_SM_5622,S5_cross_partition_group_tuple_cell
CondRxnBench-Benchmark-v0.1-splits-candidate.1,perera_suzuki_miyaura_2018,S5,PERERA_SM_5623,S5_cross_partition_group_tuple_cell
CondRxnBench-Benchmark-v0.1-splits-candidate.1,perera_suzuki_miyaura_2018,S5,PERERA_SM_5627,S5_cross_partition_group_tuple_cell
CondRxnBench-Benchmark-v0.1-splits-candidate.1,perera_suzuki_miyaura_2018,S5,PERERA_SM_5631,S5_cross_partition_group_tuple_cell
CondRxnBench-Benchmark-v0.1-splits-candidate.1,perera_suzuki_miyaura_2018,S5,PERERA_SM_5634,S5_cross_partition_group_tuple_cell
CondRxnBench-Benchmark-v0.1-splits-candidate.1,perera_suzuki_miyaura_2018,S5,PERERA_SM_5635,S5_cross_partition_group_tuple_cell
CondRxnBench-Benchmark-v0.1-splits-candidate.1,perera_suzuki_miyaura_2018,S5,PERERA_SM_5636,S5_cross_partition_group_tuple_cell
CondRxnBench-Benchmark-v0.1-splits-candidate.1,perera_suzuki_miyaura_2018,S5,PERERA_SM_5640,S5_cross_partition_group_tuple_cell
CondRxnBench-Benchmark-v0.1-splits-candidate.1,perera_suzuki_miyaura_2018,S5,PERERA_SM_5644,S5_cross_partition_group_tuple_cell
CondRxnBench-Benchmark-v0.1-splits-candidate.1,perera_suzuki_miyaura_2018,S5,PERERA_SM_5647,S5_cross_partition_group_tuple_cell
CondRxnBench-Benchmark-v0.1-splits-candidate.1,perera_suzuki_miyaura_2018,S5,PERERA_SM_5651,S5_cross_partition_group_tuple_cell
CondRxnBench-Benchmark-v0.1-splits-candidate.1,perera_suzuki_miyaura_2018,S5,PERERA_SM_5652,S5_cross_partition_group_tuple_cell
CondRxnBench-Benchmark-v0.1-splits-candidate.1,perera_suzuki_miyaura_2018,S5,PERERA_SM_5654,S5_cross_partition_group_tuple_cell
CondRxnBench-Benchmark-v0.1-splits-candidate.1,perera_suzuki_miyaura_2018,S5,PERERA_SM_5660,S5_cross_partition_group_tuple_cell
CondRxnBench-Benchmark-v0.1-splits-candidate.1,perera_suzuki_miyaura_2018,S5,PERERA_SM_5667,S5_cross_partition_group_tuple_cell
CondRxnBench-Benchmark-v0.1-splits-candidate.1,perera_suzuki_miyaura_2018,S5,PERERA_SM_5668,S5_cross_partition_group_tuple_cell
CondRxnBench-Benchmark-v0.1-splits-candidate.1,perera_suzuki_miyaura_2018,S5,PERERA_SM_5674,S5_cross_partition_group_tuple_cell
CondRxnBench-Benchmark-v0.1-splits-candidate.1,perera_suzuki_miyaura_2018,S5,PERERA_SM_5677,S5_cross_partition_group_tuple_cell
CondRxnBench-Benchmark-v0.1-splits-candidate.1,perera_suzuki_miyaura_2018,S5,PERERA_SM_5679,S5_cross_partition_group_tuple_cell
CondRxnBench-Benchmark-v0.1-splits-candidate.1,perera_suzuki_miyaura_2018,S5,PERERA_SM_5684,S5_cross_partition_group_tuple_cell
CondRxnBench-Benchmark-v0.1-splits-candidate.1,perera_suzuki_miyaura_2018,S5,PERERA_SM_5688,S5_cross_partition_group_tuple_cell
CondRxnBench-Benchmark-v0.1-splits-candidate.1,perera_suzuki_miyaura_2018,S5,PERERA_SM_5690,S5_cross_partition_group_tuple_cell
CondRxnBench-Benchmark-v0.1-splits-candidate.1,perera_suzuki_miyaura_2018,S5,PERERA_SM_5693,S5_cross_partition_group_tuple_cell
CondRxnBench-Benchmark-v0.1-splits-candidate.1,perera_suzuki_miyaura_2018,S5,PERERA_SM_5695,S5_cross_partition_group_tuple_cell
CondRxnBench-Benchmark-v0.1-splits-candidate.1,perera_suzuki_miyaura_2018,S5,PERERA_SM_5699,S5_cross_partition_group_tuple_cell
CondRxnBench-Benchmark-v0.1-splits-candidate.1,perera_suzuki_miyaura_2018,S5,PERERA_SM_5703,S5_cross_partition_group_tuple_cell
CondRxnBench-Benchmark-v0.1-splits-candidate.1,perera_suzuki_miyaura_2018,S5,PERERA_SM_5705,S5_cross_partition_group_tuple_cell
CondRxnBench-Benchmark-v0.1-splits-candidate.1,perera_suzuki_miyaura_2018,S5,PERERA_SM_5706,S5_cross_partition_group_tuple_cell
CondRxnBench-Benchmark-v0.1-splits-candidate.1,perera_suzuki_miyaura_2018,S5,PERERA_SM_5709,S5_cross_partition_group_tuple_cell
CondRxnBench-Benchmark-v0.1-splits-candidate.1,perera_suzuki_miyaura_2018,S5,PERERA_SM_5712,S5_cross_partition_group_tuple_cell
CondRxnBench-Benchmark-v0.1-splits-candidate.1,perera_suzuki_miyaura_2018,S5,PERERA_SM_5713,S5_cross_partition_group_tuple_cell
CondRxnBench-Benchmark-v0.1-splits-candidate.1,perera_suzuki_miyaura_2018,S5,PERERA_SM_5714,S5_cross_partition_group_tuple_cell
CondRxnBench-Benchmark-v0.1-splits-candidate.1,perera_suzuki_miyaura_2018,S5,PERERA_SM_5721,S5_cross_partition_group_tuple_cell
CondRxnBench-Benchmark-v0.1-splits-candidate.1,perera_suzuki_miyaura_2018,S5,PERERA_SM_5725,S5_cross_partition_group_tuple_cell
CondRxnBench-Benchmark-v0.1-splits-candidate.1,perera_suzuki_miyaura_2018,S5,PERERA_SM_5729,S5_cross_partition_group_tuple_cell
CondRxnBench-Benchmark-v0.1-splits-candidate.1,perera_suzuki_miyaura_2018,S5,PERERA_SM_5730,S5_cross_partition_group_tuple_cell
CondRxnBench-Benchmark-v0.1-splits-candidate.1,perera_suzuki_miyaura_2018,S5,PERERA_SM_5735,S5_cross_partition_group_tuple_cell
CondRxnBench-Benchmark-v0.1-splits-candidate.1,perera_suzuki_miyaura_2018,S5,PERERA_SM_5739,S5_cross_partition_group_tuple_cell
CondRxnBench-Benchmark-v0.1-splits-candidate.1,perera_suzuki_miyaura_2018,S5,PERERA_SM_5741,S5_cross_partition_group_tuple_cell
CondRxnBench-Benchmark-v0.1-splits-candidate.1,perera_suzuki_miyaura_2018,S5,PERERA_SM_5746,S5_cross_partition_group_tuple_cell
CondRxnBench-Benchmark-v0.1-splits-candidate.1,perera_suzuki_miyaura_2018,S5,PERERA_SM_5750,S5_cross_partition_group_tuple_cell
CondRxnBench-Benchmark-v0.1-splits-candidate.1,perera_suzuki_miyaura_2018,S5,PERERA_SM_5754,S5_cross_partition_group_tuple_cell
CondRxnBench-Benchmark-v0.1-splits-candidate.1,perera_suzuki_miyaura_2018,S5,PERERA_SM_5758,S5_cross_partition_group_tuple_cell
CondRxnBench-Benchmark-v0.1-splits-candidate.1,perera_suzuki_miyaura_2018,S5,PERERA_SM_5760,S5_cross_partition_group_tuple_cell
